year,circuit,stay_out_driver,pitting_car,pit_lap,stay_out_laps,gap_ahead,tire_age,ca_tire_age,tire_age_delta,compound,own_pace,threat_pace,pace_delta,deg_delta,ca_deg_delta,closing_rate,pit_loss,pit_loss_fraction,race_progress,overcut_success
2022,Bahrain Grand Prix,SAI,VER,14,19,5.788,16.0,16.0,0.0,SOFT,99.358,98.8015,0.5564999999999998,0.12670000000000348,-0.004599999999997062,0.4783000000000012,25.145,0.2530747398297067,0.22807017543859648,0
2022,Bahrain Grand Prix,SAI,VER,30,3,7.108,15.0,15.0,0.0,SOFT,97.1085,97.133,-0.024499999999989086,0.10330000000000256,0.1700000000000035,-0.0163000000000001,25.145,0.25893716821905394,0.5087719298245614,0
2022,Bahrain Grand Prix,OCO,GAS,14,16,2.324,13.0,16.0,-3.0,SOFT,100.4385,100.4795,-0.04099999999999682,0.06239999999999471,0.05600000000000235,-0.0754000000000006,25.145,0.2503522055785381,0.22807017543859648,0
2022,Bahrain Grand Prix,RUS,PER,15,18,5.195,17.0,17.0,0.0,SOFT,99.692,99.236,0.45599999999998886,-0.013700000000002256,-0.02489999999999775,0.44929999999999937,25.145,0.2522268587248726,0.24561403508771928,0
2022,Bahrain Grand Prix,TSU,ALO,11,4,2.706,10.0,13.0,-3.0,SOFT,100.50550000000001,101.125,-0.619499999999988,0.06579999999999045,0.24249999999999683,0.8424999999999992,25.145,0.25018531324156384,0.17543859649122806,0
2022,Bahrain Grand Prix,OCO,ALO,25,5,1.502,10.0,13.0,-3.0,MEDIUM,98.04500000000002,98.937,-0.8919999999999817,0.16199999999999765,0.04489999999999466,-0.8792999999999995,25.145,0.2564638686317507,0.42105263157894735,0
2022,Bahrain Grand Prix,PER,LEC,15,18,12.816,17.0,14.0,3.0,SOFT,99.236,98.6195,0.616500000000002,-0.02489999999999775,0.0354999999999967,2.916699999999994,25.145,0.25338586803176266,0.24561403508771928,0
2022,Bahrain Grand Prix,SAI,LEC,31,2,10.854,16.0,18.0,-2.0,SOFT,97.183,97.2485,-0.06550000000000011,0.05970000000000493,0.14380000000000284,2.055999999999989,25.145,0.2587386682856055,0.5263157894736842,0
2022,Bahrain Grand Prix,OCO,STR,18,12,5.072,3.0,17.0,-14.0,MEDIUM,98.473,100.993,-2.519999999999996,0.19595945945945828,-0.09751428571428457,0.5475999999999983,25.145,0.25534918200928175,0.2982456140350877,1
2022,Bahrain Grand Prix,GAS,MAG,14,18,1.576,16.0,13.0,3.0,SOFT,100.4795,100.5775,-0.09799999999999898,0.05600000000000235,0.059899999999993146,-0.06110000000000007,25.145,0.25025005100542896,0.22807017543859648,1
2022,Bahrain Grand Prix,HAM,TSU,15,12,5.113,4.0,14.0,-10.0,HARD,98.574,100.581,-2.007000000000005,,-0.03820000000000997,0.5127999999999993,25.145,0.2550875484407653,0.24561403508771928,1
2022,Bahrain Grand Prix,BOT,TSU,29,7,0.654,14.0,13.0,1.0,MEDIUM,98.451,98.4915,-0.04050000000000864,-0.01729999999999987,0.007099999999996919,-0.044200000000000024,25.145,0.2554062426994139,0.49122807017543857,0
2022,Bahrain Grand Prix,STR,ALB,13,5,1.259,12.0,12.0,0.0,SOFT,101.74100000000001,101.88499999999999,-0.14399999999997704,0.07320000000001113,-0.13749999999999266,0.39679999999999893,25.145,0.24714716780845478,0.21052631578947367,0
2022,Bahrain Grand Prix,HUL,ALB,35,2,13.121,15.0,21.0,-6.0,SOFT,98.833,99.206,-0.37300000000000466,0.6738999999999997,-0.06309999999999581,2.4511999999999947,25.145,0.25441907055335766,0.5964912280701754,0
2022,Bahrain Grand Prix,STR,ZHO,15,3,6.557,14.0,14.0,0.0,SOFT,101.71300000000001,100.58800000000001,1.125,-0.0856000000000079,-0.022300000000002977,1.134799999999998,25.145,0.24721520356296636,0.24561403508771928,0
2022,Bahrain Grand Prix,ZHO,HUL,19,18,1.254,3.0,18.0,-15.0,MEDIUM,98.0415,102.59450000000001,-4.5530000000000115,,0.2518000000000047,0.09070000000000016,25.145,0.2564730241785366,0.3157894736842105,1
2022,Bahrain Grand Prix,OCO,RIC,17,13,0.611,2.0,16.0,-14.0,MEDIUM,99.8865,101.705,-1.8185000000000002,0.13271621621621563,0.3240000000000067,-0.5428999999999983,25.145,0.251735720042248,0.2807017543859649,1
2022,Bahrain Grand Prix,HUL,RIC,33,4,7.377,13.0,15.0,-2.0,SOFT,98.8695,98.7805,0.08899999999999864,-0.556800000000003,-0.16300000000000373,2.0251000000000077,25.145,0.25432514577296333,0.5614035087719298,0
2022,Bahrain Grand Prix,TSU,OCO,14,1,4.981,13.0,13.0,0.0,SOFT,100.59800000000001,100.4385,0.1595000000000084,0.015799999999995686,0.06239999999999471,0.9618000000000002,25.145,0.24995526750034788,0.22807017543859648,0
2022,Bahrain Grand Prix,BOT,OCO,30,6,4.963,15.0,15.0,0.0,MEDIUM,98.451,98.089,0.36199999999999477,0.007299999999997862,-0.08540000000000171,0.6496999999999998,25.145,0.2554062426994139,0.5087719298245614,0
2022,Bahrain Grand Prix,STR,NOR,24,14,3.224,5.0,23.0,-18.0,SOFT,98.0375,100.742,-2.70450000000001,0.2925000000000066,-0.15949999999999223,0.1018000000000019,25.145,0.25648348846104807,0.40350877192982454,1
2022,Bahrain Grand Prix,PER,HAM,11,4,0.814,13.0,12.0,1.0,SOFT,99.3115,99.5435,-0.23199999999999932,0.1496999999999985,0.3710000000000097,-0.11630000000000008,25.145,0.2531932354259074,0.17543859649122806,1
2022,Bahrain Grand Prix,RUS,HAM,27,6,5.291,12.0,16.0,-4.0,HARD,97.69200000000001,97.7015,-0.009499999999988518,0.11170000000000359,-0.08570000000000243,-0.09259999999999978,25.145,0.2573905744585022,0.45614035087719296,0
2022,Bahrain Grand Prix,HUL,MSC,12,7,1.28,11.0,11.0,0.0,SOFT,102.31700000000001,102.021,0.2960000000000065,0.18030000000001095,0.16290000000000252,0.23530000000000056,25.145,0.2457558372508967,0.19298245614035087,0
2022,Bahrain Grand Prix,STR,MSC,35,3,5.163,16.0,22.0,-6.0,SOFT,98.3075,99.0615,-0.7539999999999907,-0.21120000000000214,-0.10600000000000524,-0.3986000000000002,25.145,0.25577906060066624,0.5964912280701754,0
2022,Bahrain Grand Prix,PER,SAI,14,1,2.843,16.0,16.0,0.0,SOFT,99.23750000000001,99.358,-0.12049999999999272,-0.11279999999999625,0.12670000000000348,0.17409999999999945,25.145,0.2533820380400554,0.22807017543859648,0
2022,Bahrain Grand Prix,ALO,LAT,14,11,0.734,2.0,13.0,-11.0,MEDIUM,99.80000000000001,102.398,-2.5979999999999848,0.27024324324324256,0.19579999999999528,-0.07720000000000038,25.145,0.2519539078156312,0.22807017543859648,1
2022,Bahrain Grand Prix,HUL,LAT,32,5,3.018,12.0,17.0,-5.0,SOFT,99.5365,100.5435,-1.0069999999999908,-0.15319999999999329,0.007800000000003138,0.7136000000000042,25.145,0.2526208978615884,0.543859649122807,0
2022,Bahrain Grand Prix,TSU,RUS,15,14,16.948,14.0,17.0,-3.0,SOFT,100.581,99.692,0.88900000000001,-0.03820000000000997,-0.013700000000002256,3.604799999999993,25.145,0.24999751444109722,0.24561403508771928,0
2022,Bahrain Grand Prix,MAG,RUS,33,1,10.781,21.0,18.0,3.0,SOFT,98.345,97.5875,0.7574999999999932,0.11150000000000122,0.04159999999999551,0.7395000000000034,25.145,0.25568152931008187,0.5614035087719298,0
2022,Bahrain Grand Prix,ZHO,BOT,14,1,3.773,13.0,16.0,-3.0,SOFT,100.61600000000001,100.4125,0.20350000000001955,-0.2404000000000013,0.10649999999999736,0.3435000000000001,25.145,0.2499105510058042,0.22807017543859648,0
2022,Bahrain Grand Prix,ZHO,BOT,36,1,3.371,20.0,21.0,-1.0,MEDIUM,97.81899999999999,97.67850000000001,0.14049999999997453,-0.01809999999999732,-0.09149999999999622,0.09360000000000046,25.145,0.25705640008587294,0.6140350877192983,0
2022,Emilia Romagna Grand Prix,LEC,VER,19,30,7.621,18.0,18.0,0.0,INTERMEDIATE,91.0915,91.099,-0.00750000000000739,-0.0993000000000009,-0.1488000000000021,0.6517000000000012,31.033,0.34067942673026574,0.2857142857142857,0
2022,Emilia Romagna Grand Prix,LEC,PER,18,1,1.375,17.0,17.0,0.0,INTERMEDIATE,91.168,91.32750000000001,-0.1595000000000084,0.163200000000004,0.15600000000000666,-0.20239999999999939,31.033,0.3403935591435591,0.2698412698412698,0
2022,Emilia Romagna Grand Prix,TSU,VET,17,1,3.917,16.0,16.0,0.0,INTERMEDIATE,94.649,94.69149999999999,-0.04249999999998977,0.5338000000000003,0.6267999999999995,-0.09200000000000025,31.033,0.3278745681412376,0.25396825396825395,0
2022,Emilia Romagna Grand Prix,LAT,ALB,17,1,1.704,16.0,16.0,0.0,INTERMEDIATE,94.67500000000001,94.562,0.11300000000001376,0.2902000000000024,0.05769999999999922,0.11130000000000004,31.033,0.3277845260100343,0.25396825396825395,0
2022,Emilia Romagna Grand Prix,MSC,ZHO,18,34,1.017,17.0,17.0,0.0,INTERMEDIATE,94.38650000000001,94.3955,-0.00899999999998613,-0.27989999999998805,0.01500000000000808,-0.7214999999999987,31.033,0.3287864260249082,0.2698412698412698,0
2022,Miami Grand Prix,SAI,VER,26,1,9.74,25.0,25.0,0.0,MEDIUM,92.408,91.87950000000001,0.528499999999994,-0.05839999999999776,-0.045799999999999064,2.108000000000004,19.5,0.2110206908492771,0.43859649122807015,0
2022,Miami Grand Prix,NOR,GAS,16,2,5.576,15.0,15.0,0.0,MEDIUM,94.949,94.6965,0.2524999999999977,-0.23100000000000248,-0.13650000000000714,1.4305000000000025,19.5,0.2053734109890573,0.2631578947368421,0
2022,Miami Grand Prix,NOR,ALO,15,3,4.409,14.0,14.0,0.0,MEDIUM,95.173,94.789,0.38400000000000034,-0.21110000000000456,-0.16220000000000095,0.48189999999999955,19.5,0.2048900423439421,0.24561403508771928,0
2022,Miami Grand Prix,SAI,LEC,24,3,4.112,23.0,23.0,0.0,MEDIUM,92.474,92.256,0.21800000000000352,-0.096314285714282,-0.18568571428571073,0.171,19.5,0.21087008240153987,0.40350877192982454,0
2022,Miami Grand Prix,RIC,MAG,12,18,3.751,11.0,11.0,0.0,MEDIUM,95.8265,95.37299999999999,0.45350000000000534,-0.22169999999999326,-0.19599999999999657,1.135400000000002,19.5,0.20349277078887365,0.19298245614035087,0
2022,Miami Grand Prix,RIC,TSU,11,19,0.358,10.0,10.0,0.0,MEDIUM,96.166,96.4825,-0.3165000000000049,-0.4523000000000064,-0.35340000000001004,-0.09369999999999987,19.5,0.20277436931971798,0.17543859649122806,1
2022,Miami Grand Prix,RIC,MSC,14,16,3.101,13.0,13.0,0.0,MEDIUM,95.5215,95.2875,0.23400000000000887,-0.10050000000000744,-0.19730000000000147,0.7497000000000028,19.5,0.20414252288751747,0.22807017543859648,0
2022,Spanish Grand Prix,PER,VER,13,4,1.043,15.0,15.0,0.0,SOFT,88.97900000000001,88.562,0.4170000000000158,0.26428571428571596,0.18454285714286867,-1.2639999999999914,22.39,0.2516324076467481,0.18181818181818182,0
2022,Spanish Grand Prix,PER,VER,28,9,1.249,10.0,14.0,-4.0,MEDIUM,86.91,87.178,-0.2680000000000007,0.13099999999999096,-0.16119999999999915,-0.7795999999999975,22.39,0.257622828213094,0.4090909090909091,0
2022,Spanish Grand Prix,PER,VER,44,9,16.311,6.0,18.0,-12.0,MEDIUM,84.37700000000001,84.54050000000001,-0.1634999999999991,0.02700000000000962,0.0331999999999977,-0.262199999999999,22.39,0.2653566730270097,0.6515151515151515,0
2022,Spanish Grand Prix,RUS,PER,17,19,14.91,3.0,19.0,-16.0,MEDIUM,86.91,88.37899999999999,-1.468999999999994,0.11387898089171844,-0.13690000000000552,1.7323000000000002,22.39,0.257622828213094,0.24242424242424243,0
2022,Spanish Grand Prix,VER,PER,37,7,7.41,11.0,19.0,-8.0,SOFT,84.79599999999999,86.18700000000001,-1.3910000000000196,0.20840000000000225,-0.042100000000001754,1.5744999999999871,22.39,0.26404547384310584,0.5454545454545454,0
2022,Spanish Grand Prix,VER,RUS,13,15,1.086,15.0,15.0,0.0,SOFT,88.562,88.85300000000001,-0.291000000000011,0.18454285714286867,0.0008285714285799145,0.1034999999999996,22.39,0.25281723538312145,0.18181818181818182,0
2022,Spanish Grand Prix,VER,RUS,36,8,4.127,10.0,22.0,-12.0,SOFT,84.6105,87.206,-2.5955000000000013,-0.018500000000006317,-0.30330000000000074,-2.7869999999999995,22.39,0.26462436695209224,0.5303030303030303,1
2022,Spanish Grand Prix,GAS,SAI,10,19,1.431,9.0,12.0,-3.0,SOFT,89.981,88.9735,1.0074999999999932,0.222428571428572,0.5296428571428554,-1.2869999999999988,22.39,0.24883030862070885,0.13636363636363635,0
2022,Spanish Grand Prix,OCO,SAI,31,4,5.638,17.0,20.0,-3.0,MEDIUM,87.944,86.9765,0.9675000000000011,-0.028599999999990276,0.04910000000000441,0.8802999999999971,22.39,0.2545938324388247,0.45454545454545453,0
2022,Spanish Grand Prix,HAM,SAI,45,3,8.362,22.0,13.0,9.0,MEDIUM,84.804,85.3895,-0.5854999999999961,-0.020300000000001244,0.05779999999999534,-0.3275000000000012,22.39,0.2640205650676855,0.6666666666666666,0
2022,Spanish Grand Prix,STR,HAM,22,5,2.229,10.0,22.0,-12.0,SOFT,88.03399999999999,89.16499999999999,-1.1310000000000002,0.2363999999999912,0.08459999999999297,-1.2333999999999965,22.39,0.2543335529454529,0.3181818181818182,0
2022,Spanish Grand Prix,OCO,HAM,48,4,13.695,15.0,25.0,-10.0,SOFT,85.4365,84.725,0.7115000000000009,0.25040000000000495,-0.11679999999999441,0.6689999999999977,22.39,0.26206597882637983,0.7121212121212122,0
2022,Spanish Grand Prix,VET,BOT,14,7,19.685,16.0,16.0,0.0,SOFT,89.89000000000001,88.619,1.271000000000015,-0.35109999999999875,-0.1451999999999992,4.896000000000018,22.39,0.24908221159194568,0.19696969696969696,0
2022,Spanish Grand Prix,OCO,BOT,34,1,18.424,20.0,19.0,1.0,MEDIUM,87.8775,87.0855,0.7920000000000016,-0.06850000000000232,0.07349999999999614,5.928399999999979,22.39,0.2547864925606669,0.5,0
2022,Spanish Grand Prix,VET,OCO,13,8,14.459,15.0,12.0,3.0,SOFT,89.93100000000001,89.036,0.8950000000000102,-0.13159999999998934,0.03791428571429579,3.3846999999999863,22.39,0.24896865374564942,0.18181818181818182,0
2022,Spanish Grand Prix,SAI,OCO,35,10,8.242,3.0,21.0,-18.0,MEDIUM,84.60249999999999,87.7785,-3.176000000000002,0.13639902280130373,-0.253699999999994,0.8265999999999953,22.39,0.2646493897934459,0.5151515151515151,1
2022,Spanish Grand Prix,MSC,NOR,12,18,1.721,13.0,11.0,2.0,SOFT,90.25800000000001,89.41799999999999,0.8400000000000176,0.2269285714285795,-0.008857142857138994,0.16540000000000013,22.39,0.2480666533714463,0.16666666666666666,0
2022,Spanish Grand Prix,HAM,NOR,33,15,18.153,10.0,20.0,-10.0,MEDIUM,85.179,87.4815,-2.302499999999995,-0.22070000000000997,-0.16230000000000386,4.1149000000000235,22.39,0.2628582162270043,0.48484848484848486,1
2022,Spanish Grand Prix,ALO,NOR,51,2,4.052,19.0,20.0,-1.0,SOFT,85.02600000000001,85.519,-0.492999999999995,0.07959999999999359,0.08629999999999778,-0.8120999999999965,22.39,0.2633312163338273,0.7575757575757576,0
2022,Spanish Grand Prix,VET,ALO,10,11,1.591,12.0,9.0,3.0,SOFT,90.207,90.143,0.06399999999999295,0.14085714285714518,0.378428571428574,-0.13689999999999977,22.39,0.24820690190339997,0.13636363636363635,0
2022,Spanish Grand Prix,RIC,ALO,31,17,7.522,22.0,20.0,2.0,SOFT,88.72749999999999,88.173,0.5544999999999902,-0.0030000000000048404,-0.10090000000000392,1.4286999999999928,22.39,0.25234566509819395,0.45454545454545453,0
2022,Spanish Grand Prix,VET,TSU,11,10,4.605,13.0,10.0,3.0,SOFT,90.555,90.0505,0.5045000000000073,0.17400000000000332,0.15050000000000216,1.1351999999999993,22.39,0.24725305063221245,0.15151515151515152,0
2022,Spanish Grand Prix,HAM,TSU,32,16,14.842,9.0,20.0,-11.0,MEDIUM,85.3815,87.96050000000001,-2.5790000000000077,-0.06689999999998826,-0.10190000000000266,3.4675999999999836,22.39,0.2622347932514655,0.4696969696969697,1
2022,Spanish Grand Prix,NOR,VET,21,12,1.98,8.0,23.0,-15.0,MEDIUM,88.4875,89.85749999999999,-1.3699999999999903,0.07529999999999083,-0.13940000000000544,0.6940999999999973,22.39,0.25303008899562085,0.30303030303030304,0
2022,Spanish Grand Prix,ALO,VET,42,11,1.78,10.0,23.0,-13.0,SOFT,85.8295,86.9015,-1.0720000000000027,0.029799999999997842,0.14710000000000692,0.32449999999999796,22.39,0.26086601925911257,0.6212121212121212,1
2022,Spanish Grand Prix,TSU,RIC,11,21,0.905,10.0,13.0,-3.0,SOFT,90.0505,90.33500000000001,-0.2845000000000084,0.15050000000000216,0.32150000000001167,-0.06840000000000004,22.39,0.24863826408515222,0.15151515151515152,1
2022,Spanish Grand Prix,VET,RIC,31,11,6.467,12.0,22.0,-10.0,SOFT,88.08500000000001,88.72749999999999,-0.6424999999999841,-0.08539999999998708,-0.0030000000000048404,1.366599999999998,22.39,0.25418629732644604,0.45454545454545453,0
2022,Spanish Grand Prix,ALO,GAS,10,21,0.232,9.0,9.0,0.0,SOFT,90.143,89.981,0.16200000000000614,0.378428571428574,0.222428571428572,-0.37529999999999974,22.39,0.24838312459092776,0.13636363636363635,1
2022,Spanish Grand Prix,VET,GAS,29,13,1.675,10.0,18.0,-8.0,SOFT,87.563,88.99249999999999,-1.4294999999999902,0.1735999999999959,0.025599999999999644,0.46669999999999995,22.39,0.25570160912714274,0.42424242424242425,1
2022,Spanish Grand Prix,VET,MSC,12,9,6.803,14.0,13.0,1.0,SOFT,90.279,90.25800000000001,0.020999999999986585,-0.05999999999999254,0.2269285714285795,1.6587000000000036,22.39,0.2480089500326765,0.16666666666666666,0
2022,Spanish Grand Prix,RIC,MSC,30,1,2.098,21.0,20.0,1.0,SOFT,88.81450000000001,88.81649999999999,-0.001999999999981128,0.0487000000000061,0.09080000000000568,-0.12989999999999974,22.39,0.2520984749111913,0.4393939393939394,0
2022,Spanish Grand Prix,SAI,STR,14,17,7.843,3.0,16.0,-13.0,MEDIUM,87.643,90.132,-2.4890000000000043,,-0.3405999999999996,2.305700000000005,22.39,0.2554682062457926,0.19696969696969696,1
2022,Spanish Grand Prix,VET,STR,27,15,3.713,8.0,15.0,-7.0,SOFT,87.4965,88.494,-0.9975000000000023,0.03549999999999758,0.09969999999999449,-0.9034999999999999,22.39,0.25589595012371924,0.3939393939393939,1
2022,Spanish Grand Prix,LAT,STR,46,4,9.257,19.0,19.0,0.0,SOFT,87.0775,87.7285,-0.6509999999999962,0.04749999999999575,0.3595999999999987,-1.383699999999998,22.39,0.25712727168327065,0.6818181818181818,0
2022,Spanish Grand Prix,HAM,LAT,12,10,18.157,12.0,11.0,1.0,SOFT,88.10199999999999,91.106,-3.004000000000005,-0.0612285714285618,,-2.902600000000004,22.39,0.2541372500056753,0.16666666666666666,1
2022,Spanish Grand Prix,HAM,LAT,26,22,0.732,3.0,13.0,-10.0,MEDIUM,86.21700000000001,89.721,-3.5039999999999907,0.1524606299212556,0.19899999999999324,-0.1041000000000005,22.39,0.2596935639143092,0.3787878787878788,1
2022,Spanish Grand Prix,LAT,MAG,29,21,8.734,2.0,27.0,-25.0,SOFT,89.1115,89.8885,-0.7769999999999868,0.194864864864862,-0.08180000000000012,-4.065999999999993,22.39,0.2512582551073655,0.42424242424242425,0
2022,Spanish Grand Prix,LAT,ALB,11,1,1.174,10.0,10.0,0.0,SOFT,91.25,91.10000000000001,0.14999999999999147,,,0.019900000000000036,22.39,0.24536986301369865,0.15151515151515152,0
2022,Spanish Grand Prix,HAM,ALB,25,23,0.737,2.0,13.0,-11.0,MEDIUM,87.8755,90.4605,-2.5849999999999937,0.1382401574803147,-0.18830000000000607,-0.07099999999999056,22.39,0.2547922913667632,0.36363636363636365,1
2022,Spanish Grand Prix,STR,ZHO,10,4,1.316,12.0,9.0,3.0,SOFT,91.142,90.396,0.7459999999999951,,,-0.0043999999999998745,22.39,0.24566061749797022,0.13636363636363635,0
2022,Monaco Grand Prix,RUS,VER,18,3,16.753,17.0,17.0,0.0,WET,92.91499999999999,91.494,1.4209999999999923,-0.8049999999999985,-0.8301999999999949,2.374999999999993,27.421,0.2951191949631384,0.265625,0
2022,Monaco Grand Prix,VER,PER,16,2,2.273,15.0,15.0,0.0,WET,93.35650000000001,92.887,0.4695000000000107,-0.8992000000000024,-0.9834999999999914,0.24210000000000062,27.421,0.29372352219716885,0.234375,0
2022,Monaco Grand Prix,SAI,LEC,18,3,5.398,17.0,17.0,0.0,WET,91.54150000000001,91.202,0.33950000000001523,-0.3957999999999896,-0.6160999999999963,0.15869999999999906,27.421,0.2995471999038687,0.265625,1
2022,Monaco Grand Prix,BOT,TSU,6,14,0.823,5.0,5.0,0.0,WET,105.24400000000001,105.47500000000001,-0.23099999999999454,-2.811499999999985,-2.6064999999999925,0.0035000000000000946,27.421,0.2605469195393561,0.078125,1
2022,Monaco Grand Prix,RUS,NOR,17,4,3.959,16.0,16.0,0.0,WET,93.457,93.45249999999999,0.004500000000007276,-0.821499999999999,-0.469700000000001,0.40640000000000004,27.421,0.29340766341740054,0.25,1
2022,Monaco Grand Prix,OCO,HAM,15,6,11.886,14.0,14.0,0.0,WET,94.156,95.869,-1.7129999999999939,-0.7175000000000161,-0.9305000000000162,-0.6402999999999979,27.421,0.2912294489995327,0.21875,0
2022,Monaco Grand Prix,ALB,MSC,4,14,1.067,3.0,3.0,0.0,WET,108.762,109.282,-0.519999999999996,,,,27.421,0.25211930637538843,0.046875,1
2022,Monaco Grand Prix,OCO,VET,6,15,3.076,5.0,5.0,0.0,WET,104.49700000000001,104.01700000000001,0.480000000000004,-2.967499999999981,-2.944499999999985,0.9424999999999999,27.421,0.2624094471611625,0.078125,1
2022,Monaco Grand Prix,PER,SAI,21,1,6.844,,20.0,,INTERMEDIATE,85.832,90.641,-4.809000000000012,,-0.25229999999999697,-0.07299999999998281,27.421,0.3194729238512443,0.3125,1
2022,Azerbaijan Grand Prix,VER,PER,16,2,0.273,15.0,15.0,0.0,MEDIUM,107.87299999999999,108.866,-0.9930000000000092,0.09020000000000339,0.6277999999999999,-0.46660000000000085,22.031,0.20423090115228093,0.29411764705882354,1
2022,Azerbaijan Grand Prix,NOR,ALO,18,2,1.003,17.0,17.0,0.0,MEDIUM,109.92,110.046,-0.12600000000000477,0.19530000000000258,0.345900000000002,-0.1058999999999998,22.031,0.20042758369723435,0.3333333333333333,0
2022,British Grand Prix,SAI,VER,12,8,1.161,10.0,10.0,0.0,MEDIUM,93.291,93.00999999999999,0.2810000000000059,0.3704000000000078,-0.1302999999999952,-0.16060000000000052,29.81,0.319537790354911,0.21153846153846154,1
2022,British Grand Prix,NOR,PER,5,29,0.556,4.0,3.0,1.0,MEDIUM,117.35849999999999,122.2425,-4.8840000000000146,,,-4.353999999999998,29.81,0.25400801816655805,0.07692307692307693,0
2022,British Grand Prix,HAM,LEC,25,8,1.578,23.0,23.0,0.0,MEDIUM,91.2985,91.6695,-0.3709999999999951,-0.09489999999999892,-0.081599999999996,-0.4320999999999995,29.81,0.32651138846749944,0.46153846153846156,0
2022,British Grand Prix,MAG,MSC,19,3,1.461,19.0,17.0,2.0,MEDIUM,94.819,94.39750000000001,0.42149999999999466,-0.015200000000000859,-0.010199999999990442,-0.6681999999999997,29.81,0.31438846644659824,0.34615384615384615,0
2022,British Grand Prix,MAG,VET,6,16,0.614,6.0,4.0,2.0,MEDIUM,97.59500000000001,97.405,0.19000000000001194,-14.947000000000005,-12.523999999999987,-0.5530000000000002,29.81,0.305445975715969,0.09615384615384616,0
2022,British Grand Prix,LEC,SAI,20,5,1.021,18.0,18.0,0.0,MEDIUM,92.3715,92.20750000000001,0.16399999999998727,-0.18069999999999486,-0.19560000000000394,0.12949999999999962,29.81,0.3227185874430966,0.36538461538461536,0
2022,Austrian Grand Prix,LEC,VER,13,13,0.695,12.0,12.0,0.0,MEDIUM,70.3415,70.586,-0.24450000000000216,-0.10989999999999418,0.17390000000000583,0.018399999999999982,21.973,0.3123760511220261,0.16901408450704225,0
2022,Austrian Grand Prix,SAI,VER,36,14,2.748,8.0,22.0,-14.0,HARD,67.65350000000001,69.1155,-1.461999999999989,-0.016199999999999767,0.0038999999999979875,0.7902000000000002,21.973,0.3247873354667533,0.49295774647887325,0
2022,Austrian Grand Prix,TSU,GAS,12,14,3.256,11.0,11.0,0.0,HARD,71.79150000000001,71.401,0.39050000000001717,-0.05029999999999311,-0.008599999999992206,0.8368000000000018,21.973,0.3060668742121281,0.15492957746478872,0
2022,Austrian Grand Prix,VET,GAS,40,4,0.505,21.0,27.0,-6.0,MEDIUM,69.349,69.981,-0.6319999999999908,0.035499999999997936,0.12150000000000358,-0.3856000000000012,21.973,0.3168466740688402,0.5492957746478874,0
2022,Austrian Grand Prix,RIC,ALO,27,17,1.16,14.0,26.0,-12.0,HARD,70.488,71.279,-0.7909999999999968,-0.0947999999999991,-0.1950000000000077,0.06720000000000034,21.973,0.31172681874929065,0.36619718309859156,0
2022,Austrian Grand Prix,SAI,LEC,26,1,4.219,25.0,25.0,0.0,MEDIUM,69.638,69.60050000000001,0.037499999999994316,0.09050000000000034,0.12379999999999884,0.05829999999999996,21.973,0.3155317499066601,0.352112676056338,0
2022,Austrian Grand Prix,SAI,LEC,49,1,5.245,21.0,22.0,-1.0,HARD,67.5085,67.6375,-0.1290000000000049,-0.14879999999999544,0.09510000000000039,0.003500000000000019,21.973,0.32548493893361574,0.676056338028169,0
2022,Austrian Grand Prix,OCO,STR,29,15,1.919,12.0,30.0,-18.0,HARD,69.8125,70.614,-0.8015000000000043,-0.18689999999999546,-0.04419999999999813,-0.6681000000000005,21.973,0.3147430617726052,0.39436619718309857,1
2022,Austrian Grand Prix,MSC,MAG,15,1,0.746,14.0,14.0,0.0,MEDIUM,71.34200000000001,71.17,0.17200000000001125,0.25039999999999674,0.1260999999999919,0.06729999999999992,21.973,0.30799529029183365,0.19718309859154928,0
2022,Austrian Grand Prix,NOR,MAG,41,2,0.715,26.0,25.0,1.0,HARD,69.1175,69.4215,-0.30399999999998784,-0.11349999999999744,-0.021000000000002735,-0.24409999999999984,21.973,0.3179079104423626,0.5633802816901409,0
2022,Austrian Grand Prix,MAG,TSU,26,15,1.505,10.0,25.0,-15.0,HARD,70.51750000000001,70.8905,-0.37299999999999045,0.03689999999999084,-0.015399999999995834,0.39620000000000066,21.973,0.31159641223809686,0.352112676056338,1
2022,Austrian Grand Prix,TSU,ALB,11,15,1.877,10.0,10.0,0.0,HARD,71.79150000000001,71.4085,0.3830000000000098,0.09999999999999755,-0.08940000000000292,0.3891999999999997,21.973,0.3060668742121281,0.14084507042253522,0
2022,Austrian Grand Prix,STR,ALB,41,7,5.661,12.0,29.0,-17.0,HARD,69.30799999999999,69.865,-0.5570000000000022,0.2828857142857126,0.10899999999999807,1.1384000000000003,21.973,0.3170341086166099,0.5633802816901409,0
2022,Austrian Grand Prix,ALO,ZHO,24,3,0.549,23.0,23.0,0.0,HARD,71.274,71.108,0.16599999999999682,0.09290000000000154,0.18079999999999857,0.0024000000000000085,21.973,0.3082891376939697,0.323943661971831,1
2022,Austrian Grand Prix,STR,RIC,12,17,0.715,13.0,11.0,2.0,MEDIUM,71.271,71.32300000000001,-0.05200000000000671,0.07660000000000058,0.07580000000001041,0.0005999999999999007,21.973,0.30830211446450867,0.15492957746478872,0
2022,Austrian Grand Prix,HAM,OCO,16,12,2.893,15.0,15.0,0.0,MEDIUM,71.0065,70.919,0.08750000000000568,-0.23390000000000355,0.03609999999999932,0.6775000000000012,21.973,0.30945054326012406,0.2112676056338028,1
2022,Austrian Grand Prix,STR,NOR,14,15,3.922,15.0,13.0,2.0,MEDIUM,71.5865,70.999,0.5875000000000057,0.09729999999999964,0.10979999999999322,0.9232000000000028,21.973,0.30694334825700376,0.18309859154929578,0
2022,Austrian Grand Prix,RIC,NOR,43,1,5.825,30.0,28.0,2.0,HARD,69.572,69.1495,0.42249999999999943,0.03508571428571276,-0.008538461538460372,1.540100000000001,21.973,0.3158310814695567,0.5915492957746479,0
2022,Austrian Grand Prix,STR,HAM,28,1,18.77,29.0,27.0,2.0,MEDIUM,70.6005,69.72800000000001,0.8724999999999881,-0.11350000000000177,-0.017800000000004604,1.0626999999999935,21.973,0.311230090438453,0.38028169014084506,0
2022,Austrian Grand Prix,VER,MSC,16,20,1.995,2.0,15.0,-13.0,HARD,70.351,71.48249999999999,-1.1314999999999884,0.14030769230769496,0.16319999999999435,0.458100000000001,21.973,0.31233386874387004,0.2112676056338028,1
2022,Austrian Grand Prix,OCO,VET,20,24,1.619,3.0,20.0,-17.0,HARD,69.8025,71.045,-1.2425000000000068,0.09760191082802414,-0.07579999999999922,-2.3557999999999946,21.973,0.31478815228680923,0.2676056338028169,1
2022,Austrian Grand Prix,VER,SAI,27,9,10.765,13.0,26.0,-13.0,HARD,68.8725,69.65350000000001,-0.7810000000000059,0.09139999999999633,0.048999999999998475,-0.7656000000000003,21.973,0.31903880358633707,0.36619718309859156,0
2022,Austrian Grand Prix,ALO,LAT,12,15,0.225,11.0,11.0,0.0,HARD,71.8205,71.786,0.0344999999999942,0.001300000000007566,-0.02589999999999421,-0.022400000000000087,21.973,0.3059432891723115,0.15492957746478872,0
2022,Austrian Grand Prix,OCO,RUS,11,5,0.865,10.0,10.0,0.0,MEDIUM,71.0655,71.0275,0.0379999999999967,-0.10129999999999847,-0.08300000000000446,0.019899999999999984,21.973,0.3091936312275295,0.14084507042253522,1
2022,Austrian Grand Prix,RIC,RUS,40,4,4.546,27.0,28.0,-1.0,HARD,69.434,69.131,0.30299999999999727,-0.00910000000000013,0.034299999999990664,0.33110000000000084,21.973,0.31645879540282856,0.5492957746478874,0
2022,Austrian Grand Prix,STR,BOT,39,9,1.359,10.0,32.0,-22.0,HARD,69.2125,69.7955,-0.5829999999999984,0.052599999999991626,0.11909999999999879,0.09449999999999917,21.973,0.31747155499367885,0.5352112676056338,0
2022,French Grand Prix,TSU,ZHO,9,2,2.694,8.0,8.0,0.0,MEDIUM,100.5245,100.51400000000001,0.010499999999993292,0.08739999999999469,-0.08430000000000468,0.0077000000000003324,37.199,0.3700490925097861,0.1509433962264151,0
2022,Hungarian Grand Prix,PER,VER,16,2,3.1,15.0,16.0,-1.0,SOFT,84.1035,83.81700000000001,0.28649999999998954,0.183499999999992,-0.19730000000000167,0.28510000000000063,22.04,0.26205805941488763,0.21428571428571427,0
2022,Hungarian Grand Prix,HAM,VER,38,13,5.215,18.0,21.0,-3.0,MEDIUM,81.70400000000001,81.572,0.132000000000005,0.18009999999999948,0.044599999999999564,0.0888999999999997,22.04,0.26975423479878585,0.5285714285714286,0
2022,Hungarian Grand Prix,LAT,GAS,16,2,2.719,15.0,15.0,0.0,MEDIUM,85.7775,85.8335,-0.055999999999997385,0.03829999999999675,0.1450999999999941,-0.01700000000000007,22.04,0.25694383725335895,0.21428571428571427,0
2022,Hungarian Grand Prix,OCO,PER,18,5,4.608,17.0,17.0,0.0,MEDIUM,84.509,84.4745,0.0344999999999942,-0.013699999999991668,0.1421000000000108,-0.04740000000000001,22.04,0.2608006247855258,0.24285714285714285,0
2022,Hungarian Grand Prix,VER,ALO,21,17,0.337,4.0,20.0,-16.0,MEDIUM,82.337,84.985,-2.647999999999996,0.373000000000005,-0.0647000000000033,-3.4546999999999897,22.04,0.26768038670342614,0.2857142857142857,1
2022,Hungarian Grand Prix,RUS,LEC,21,18,18.774,4.0,20.0,-16.0,MEDIUM,82.332,82.92099999999999,-0.5889999999999986,0.11900000000001039,-0.25900000000000384,4.012199999999986,22.04,0.2676966428606131,0.2857142857142857,0
2022,Hungarian Grand Prix,VET,STR,14,1,1.196,13.0,16.0,-3.0,SOFT,85.314,85.55850000000001,-0.24450000000001637,0.11129999999999428,0.16729999999999906,-0.06770000000000032,22.04,0.2583397801064304,0.18571428571428572,0
2022,Hungarian Grand Prix,RIC,MAG,6,9,0.594,7.0,5.0,2.0,SOFT,84.84800000000001,85.07400000000001,-0.2259999999999991,,,-0.2680000000000004,22.04,0.2597586271921553,0.07142857142857142,1
2022,Hungarian Grand Prix,ALB,MAG,35,5,8.479,13.0,28.0,-15.0,MEDIUM,83.4,83.86399999999999,-0.4639999999999844,1.4179999999999946,-0.1542000000000022,0.6330000000000005,22.04,0.26426858513189444,0.4857142857142857,0
2022,Hungarian Grand Prix,ZHO,TSU,13,14,0.418,12.0,12.0,0.0,MEDIUM,85.23400000000001,85.6515,-0.41749999999998977,0.10360000000001096,0.1536000000000083,-0.017299999999999854,22.04,0.258582255907267,0.17142857142857143,0
2022,Hungarian Grand Prix,MSC,TSU,33,8,2.272,11.0,19.0,-8.0,HARD,83.98150000000001,83.70400000000001,0.2775000000000034,-0.20699999999999452,-0.09810000000000084,0.37070000000000086,22.04,0.2624387513916755,0.45714285714285713,1
2022,Hungarian Grand Prix,TSU,ALB,21,12,0.491,7.0,18.0,-11.0,MEDIUM,84.4915,86.099,-1.6075000000000017,0.2820999999999939,0.15019999999999376,0.053099999999999856,22.04,0.26085464218294147,0.2857142857142857,0
2022,Hungarian Grand Prix,RIC,ZHO,27,19,3.975,11.0,26.0,-15.0,MEDIUM,83.2525,84.5445,-1.2920000000000016,-0.052499999999995765,0.06879999999999659,-0.8747000000000003,22.04,0.2647367946908501,0.37142857142857144,1
2022,Hungarian Grand Prix,MSC,RIC,15,6,3.197,14.0,16.0,-2.0,MEDIUM,85.405,85.428,-0.022999999999996135,0.009899999999995511,0.4265999999999949,0.1687,22.04,0.25806451612903225,0.2,0
2022,Hungarian Grand Prix,HAM,OCO,23,28,4.102,3.0,22.0,-19.0,MEDIUM,82.138,84.74,-2.6019999999999897,0.1275124481327807,-0.2790000000000029,0.990599999999999,22.04,0.268328909883367,0.3142857142857143,1
2022,Hungarian Grand Prix,PER,NOR,14,4,0.165,13.0,16.0,-3.0,SOFT,83.91300000000001,85.8555,-1.9424999999999955,0.043699999999999434,0.6625000000000022,-0.19020000000000054,22.04,0.26265298583056257,0.18571428571428572,1
2022,Hungarian Grand Prix,RIC,NOR,42,4,17.592,26.0,27.0,-1.0,MEDIUM,83.22999999999999,82.8,0.4299999999999926,-0.14359999999999454,0.013600000000002806,0.26610000000000095,22.04,0.264808362369338,0.5857142857142857,0
2022,Hungarian Grand Prix,OCO,HAM,19,4,10.314,18.0,18.0,0.0,MEDIUM,84.509,84.047,0.4620000000000033,0.16700000000000242,0.022599999999998982,2.687000000000004,22.04,0.2608006247855258,0.2571428571428571,0
2022,Hungarian Grand Prix,BOT,MSC,21,5,0.864,20.0,20.0,0.0,MEDIUM,85.0455,85.157,-0.11149999999999238,0.25639999999999774,0.1436999999999975,-0.19029999999999941,22.04,0.25915539328947446,0.2857142857142857,1
2022,Hungarian Grand Prix,ZHO,VET,15,12,1.764,14.0,14.0,0.0,MEDIUM,85.1735,85.354,-0.180499999999995,-0.007299999999996339,0.16879999999999534,0.31539999999999946,22.04,0.25876593071788756,0.2,0
2022,Hungarian Grand Prix,LEC,SAI,17,4,0.72,16.0,16.0,0.0,MEDIUM,83.51599999999999,83.71,-0.19400000000000261,0.15279999999999533,0.15359999999999863,-0.12980000000000003,22.04,0.2639015278509507,0.22857142857142856,1
2022,Hungarian Grand Prix,HAM,SAI,47,4,2.74,27.0,29.0,-2.0,MEDIUM,80.8545,81.463,-0.6084999999999923,0.051100000000000714,0.14340000000000203,-0.49180000000000107,22.04,0.2725884149923628,0.6571428571428571,0
2022,Hungarian Grand Prix,ALB,LAT,18,3,8.716,15.0,17.0,-2.0,MEDIUM,84.94749999999999,85.7925,-0.8450000000000131,0.24129999999999865,-0.0038999999999918674,-1.898599999999995,22.04,0.2594543688748933,0.24285714285714285,0
2022,Hungarian Grand Prix,ALB,LAT,39,1,14.253,17.0,20.0,-3.0,MEDIUM,83.4325,83.53999999999999,-0.1074999999999875,-0.675599999999998,0.3756000000000066,0.03710000000000025,22.04,0.26416564288496686,0.5428571428571428,0
2022,Hungarian Grand Prix,SAI,RUS,16,1,1.388,15.0,18.0,-3.0,MEDIUM,83.626,83.88499999999999,-0.25899999999998613,0.10459999999999652,0.13099999999999926,-0.3056000000000006,22.04,0.2635543969578839,0.21428571428571427,0
2022,Hungarian Grand Prix,SAI,RUS,39,8,1.207,21.0,22.0,-1.0,MEDIUM,81.891,81.93599999999999,-0.044999999999987494,0.07457142857142951,-0.021971428571430602,0.12949999999999956,22.04,0.2691382447399592,0.5428571428571428,0
2022,Hungarian Grand Prix,ZHO,BOT,26,1,1.6,25.0,25.0,0.0,MEDIUM,84.51599999999999,84.15050000000001,0.36549999999998306,-0.17939999999999948,-0.2584999999999973,0.27490000000000064,22.04,0.2607790240901131,0.35714285714285715,0
2022,Belgian Grand Prix,SAI,VER,15,10,14.525,3.0,14.0,-11.0,MEDIUM,112.4015,113.0255,-0.6239999999999952,0.17376373626373412,-0.1678000000000009,3.1152999999999933,23.346,0.20770185451261772,0.3181818181818182,0
2022,Belgian Grand Prix,LAT,GAS,10,5,0.379,7.0,9.0,-2.0,MEDIUM,115.5895,116.0045,-0.41499999999999204,0.40209999999999735,0.4807000000000079,-0.04969999999999994,23.346,0.20197336263241902,0.20454545454545456,0
2022,Belgian Grand Prix,STR,GAS,22,4,0.522,7.0,11.0,-4.0,MEDIUM,113.465,114.286,-0.820999999999998,0.22329999999999278,0.3635000000000089,-0.2694999999999994,23.346,0.2057550786586172,0.4772727272727273,0
2022,Belgian Grand Prix,VET,PER,14,19,10.75,14.0,13.0,1.0,MEDIUM,115.072,114.3415,0.7305000000000064,0.12740000000000043,0.09099999999999085,2.8468000000000107,23.346,0.20288167408231367,0.29545454545454547,0
2022,Belgian Grand Prix,RUS,PER,27,2,9.347,13.0,12.0,1.0,MEDIUM,112.113,112.011,0.10200000000000387,0.03799999999999131,0.05520000000000263,2.4698000000000015,23.346,0.20823633298547,0.5909090909090909,0
2022,Belgian Grand Prix,VET,ALO,11,3,1.024,11.0,10.0,1.0,MEDIUM,114.74000000000001,114.679,0.06100000000000705,0.18040000000000622,0.22999999999999196,0.06440000000000001,23.346,0.20346871187031548,0.22727272727272727,0
2022,Belgian Grand Prix,VET,ALO,25,8,1.68,10.0,13.0,-3.0,HARD,113.2445,113.797,-0.5524999999999949,-0.011700000000006731,-0.11810000000000657,-0.5107999999999998,23.346,0.20615570734119537,0.5454545454545454,0
2022,Belgian Grand Prix,LEC,STR,15,10,0.665,11.0,15.0,-4.0,MEDIUM,114.1255,115.653,-1.5275000000000034,-0.27139999999999526,-0.03870000000000716,-0.11549999999999858,23.346,0.20456427354097023,0.3181818181818182,1
2022,Belgian Grand Prix,NOR,STR,26,3,0.856,12.0,11.0,1.0,HARD,113.95450000000001,114.3125,-0.3579999999999899,0.03310000000001206,0.40850000000000647,-0.3498000000000007,23.346,0.20487124246958213,0.5681818181818182,0
2022,Belgian Grand Prix,LEC,MAG,11,14,0.336,7.0,10.0,-3.0,MEDIUM,115.3085,116.475,-1.1664999999999992,-0.06629999999998828,0.43499999999999256,-0.0335999999999999,23.346,0.2024655597809355,0.22727272727272727,1
2022,Belgian Grand Prix,TSU,MAG,27,3,0.449,8.0,15.0,-7.0,MEDIUM,112.542,114.336,-1.793999999999997,0.027299999999995675,0.05499999999999605,-1.7107000000000003,23.346,0.20744255477954895,0.5909090909090909,1
2022,Belgian Grand Prix,ALB,TSU,18,8,3.618,7.0,17.0,-10.0,HARD,114.06800000000001,114.689,-0.6209999999999809,-0.04710000000000257,-0.04289999999998478,1.0300999999999971,23.346,0.20466739138058,0.38636363636363635,0
2022,Belgian Grand Prix,RIC,ALB,10,2,1.005,9.0,9.0,0.0,MEDIUM,115.237,114.607,0.6299999999999955,0.018400000000002782,0.20700000000001037,0.09789999999999996,23.346,0.20259118165172646,0.20454545454545456,0
2022,Belgian Grand Prix,RIC,ALB,26,6,0.911,13.0,15.0,-2.0,HARD,114.53200000000001,114.566,-0.033999999999991815,0.033799999999992836,0.057500000000000315,0.016500000000000105,23.346,0.20383822861732964,0.5681818181818182,0
2022,Belgian Grand Prix,TSU,ZHO,14,4,1.152,13.0,13.0,0.0,HARD,115.619,115.451,0.16800000000000637,-0.36420000000000624,-0.46950000000000264,0.32370000000000065,23.346,0.20192182945709616,0.29545454545454547,0
2022,Belgian Grand Prix,STR,RIC,12,3,0.611,12.0,11.0,1.0,MEDIUM,115.41,115.237,0.17300000000000182,0.3353000000000155,0.3302000000000041,-0.029299999999999996,23.346,0.20228749675071486,0.25,0
2022,Belgian Grand Prix,NOR,OCO,12,1,2.348,11.0,11.0,0.0,MEDIUM,115.5135,115.455,0.05849999999999511,-0.03319999999999769,0.38630000000001236,0.28559999999999963,23.346,0.20210624732174162,0.25,0
2022,Belgian Grand Prix,LEC,NOR,13,12,0.502,9.0,12.0,-3.0,MEDIUM,114.64600000000002,115.5135,-0.8674999999999784,-0.37229999999998525,0.04250000000000239,-0.09569999999999838,23.346,0.2036355389634178,0.2727272727272727,1
2022,Belgian Grand Prix,ALB,MSC,14,12,3.175,3.0,13.0,-10.0,HARD,113.767,116.711,-2.9440000000000026,0.34243023255813726,0.08899999999999442,-3.260000000000004,23.346,0.20520889185792016,0.29545454545454547,1
2022,Belgian Grand Prix,SAI,VET,14,11,2.771,2.0,14.0,-12.0,MEDIUM,113.2045,115.072,-1.8675000000000068,0.18097252747252823,0.12740000000000043,-0.1188000000000022,23.346,0.20622855098516402,0.29545454545454547,1
2022,Belgian Grand Prix,PER,SAI,11,3,1.586,10.0,12.0,-2.0,MEDIUM,113.549,113.8485,-0.29949999999999477,0.489099999999988,0.5842000000000104,-0.08989999999999979,23.346,0.20560286748452208,0.22727272727272727,0
2022,Belgian Grand Prix,RUS,SAI,25,4,5.534,11.0,13.0,-2.0,MEDIUM,112.0455,113.017,-0.9714999999999918,-0.07839999999999415,-0.091500000000004,1.352500000000003,23.346,0.2083617815976545,0.5454545454545454,0
2022,Belgian Grand Prix,ALB,LAT,15,11,2.448,4.0,12.0,-8.0,HARD,114.271,116.224,-1.953000000000003,0.6265000000000019,0.03410000000001218,0.3960999999999993,23.346,0.20430380411477977,0.3181818181818182,1
2022,Belgian Grand Prix,VET,RUS,13,1,6.456,13.0,12.0,1.0,MEDIUM,115.00999999999999,114.172,0.8379999999999939,0.07519999999999746,-0.0696999999999978,1.1967999999999965,23.346,0.20299104425702114,0.2727272727272727,0
2022,Dutch Grand Prix,HAM,VER,18,11,11.163,17.0,17.0,0.0,MEDIUM,76.062,75.6145,0.4474999999999909,-0.056999999999993244,-0.06119999999999201,2.6670999999999925,19.557,0.2571191922379112,0.2361111111111111,0
2022,Dutch Grand Prix,ALO,GAS,11,1,0.03,10.0,13.0,-3.0,SOFT,77.4625,78.0525,-0.5899999999999892,-0.1613000000000031,0.28289999999999577,-0.1836,19.557,0.2524705502662578,0.1388888888888889,1
2022,Dutch Grand Prix,ZHO,GAS,32,5,0.286,22.0,21.0,1.0,SOFT,76.037,75.98150000000001,0.055499999999995,0.008799999999996321,-0.01940000000000097,-0.03219999999999976,19.557,0.2572037297631416,0.4305555555555556,0
2022,Dutch Grand Prix,RUS,PER,14,17,1.157,13.0,18.0,-5.0,MEDIUM,76.5685,76.85650000000001,-0.2880000000000109,-0.04860000000000749,0.014299999999993821,-0.17690000000000028,19.557,0.25541835088842013,0.18055555555555555,0
2022,Dutch Grand Prix,ZHO,ALO,12,25,2.101,11.0,11.0,0.0,SOFT,78.12800000000001,77.5715,0.556500000000014,0.28820000000000906,-0.07889999999999213,0.37830000000000086,19.557,0.25031998771247177,0.1527777777777778,0
2022,Dutch Grand Prix,HAM,LEC,17,12,7.07,16.0,19.0,-3.0,MEDIUM,76.125,76.181,-0.055999999999997385,-0.23820000000000158,0.06309999999999963,0.25160000000000027,19.557,0.2569064039408867,0.2222222222222222,0
2022,Dutch Grand Prix,OCO,STR,16,2,3.731,15.0,15.0,0.0,SOFT,77.304,76.96600000000001,0.33799999999999386,-0.16040000000000706,-0.1384000000000026,0.2736000000000005,19.557,0.2529882024216082,0.20833333333333334,0
2022,Dutch Grand Prix,GAS,MAG,14,18,11.85,3.0,13.0,-10.0,MEDIUM,77.712,78.4185,-0.7064999999999912,0.21728571428571433,-0.1746999999999998,-2.8564999999999987,19.557,0.25165997529339096,0.18055555555555555,1
2022,Dutch Grand Prix,ALB,TSU,13,8,4.572,12.0,15.0,-3.0,MEDIUM,78.087,77.821,0.26600000000000534,0.053100000000005705,0.2587999999999969,1.0557999999999947,19.557,0.25045141957047906,0.16666666666666666,0
2022,Dutch Grand Prix,ALB,ZHO,12,9,1.414,11.0,11.0,0.0,MEDIUM,78.076,78.12800000000001,-0.05200000000002092,0.08680000000000629,0.28820000000000906,0.07519999999999993,19.557,0.25048670526154004,0.1527777777777778,0
2022,Dutch Grand Prix,BOT,RIC,11,5,1.239,10.0,10.0,0.0,SOFT,77.763,77.939,-0.17599999999998772,0.024299999999995266,0.019299999999999966,0.2881999999999998,19.557,0.25149492689325254,0.1388888888888889,1
2022,Dutch Grand Prix,MAG,RIC,27,7,0.807,12.0,15.0,-3.0,MEDIUM,76.4085,76.5815,-0.17300000000000182,-0.0628000000000018,-0.0793000000000059,-0.1638999999999999,19.557,0.25595319892420343,0.3611111111111111,0
2022,Dutch Grand Prix,PER,OCO,18,22,5.06,3.0,17.0,-14.0,MEDIUM,75.48150000000001,77.10050000000001,-1.6189999999999998,0.08118049792531219,-0.07419999999999245,-1.5030999999999959,19.557,0.25909659982909716,0.2361111111111111,1
2022,Dutch Grand Prix,OCO,NOR,17,1,6.48,16.0,16.0,0.0,SOFT,77.233,76.78,0.45300000000000296,-0.12020000000000275,-0.12039999999999645,1.1704999999999992,19.557,0.25322077350355415,0.2222222222222222,0
2022,Dutch Grand Prix,RUS,HAM,29,2,3.0,28.0,28.0,0.0,MEDIUM,75.07,75.206,-0.1360000000000099,0.24240000000000642,0.001799999999997595,-0.2211999999999999,19.557,0.26051685093912347,0.3888888888888889,0
2022,Dutch Grand Prix,BOT,MSC,33,1,0.779,16.0,19.0,-3.0,SOFT,75.6105,76.185,-0.5745000000000005,0.012099999999997037,0.03329999999999427,-0.2284,19.557,0.25865455194715015,0.4444444444444444,1
2022,Dutch Grand Prix,BOT,VET,9,7,1.33,8.0,8.0,0.0,SOFT,77.781,77.8595,-0.07849999999999113,-0.29290000000000427,-0.061199999999996715,0.07589999999999984,19.557,0.25143672619277196,0.1111111111111111,1
2022,Dutch Grand Prix,HAM,SAI,14,15,0.773,13.0,16.0,-3.0,MEDIUM,76.476,76.63550000000001,-0.1595000000000084,-0.08920000000000289,-0.06840000000000236,-0.01899999999999997,19.557,0.2557272869919975,0.18055555555555555,1
2022,Dutch Grand Prix,VET,LAT,13,22,14.31,4.0,12.0,-8.0,MEDIUM,76.6965,78.652,-1.9555000000000007,0.25264285714284934,0.15740000000000726,4.182099999999981,19.557,0.25499207916919286,0.16666666666666666,1
2022,Italian Grand Prix,LEC,VER,25,8,14.295,12.0,24.0,-12.0,MEDIUM,84.149,84.4405,-0.2914999999999992,-0.0951999999999956,-0.0600999999999928,2.1194999999999986,24.334,0.2891775303330996,0.4528301886792453,0
2022,Italian Grand Prix,HAM,STR,18,15,0.262,17.0,18.0,-1.0,MEDIUM,86.385,86.956,-0.570999999999998,-0.15999999999999112,0.14430000000000132,-0.05209999999999967,24.334,0.28169242345314577,0.32075471698113206,1
2022,Italian Grand Prix,MSC,TSU,19,14,4.609,18.0,18.0,0.0,MEDIUM,86.49700000000001,86.56,-0.06299999999998818,-0.27259999999999607,0.0032000000000013897,0.32010000000000033,24.334,0.28132767610437354,0.33962264150943394,0
2022,Italian Grand Prix,PER,HAM,33,9,4.604,25.0,32.0,-7.0,HARD,84.3475,85.094,-0.7464999999999975,-0.05730000000000301,-0.09720000000000363,1.0521000000000025,24.334,0.288496991612081,0.6037735849056604,0
2022,Italian Grand Prix,HAM,DEV,19,14,4.695,18.0,18.0,0.0,MEDIUM,86.31,86.69,-0.37999999999999545,-0.11259999999999504,-0.11489999999999928,1.2721000000000027,24.334,0.2819372031050863,0.33962264150943394,1
2022,Italian Grand Prix,BOT,MSC,33,2,4.101,32.0,32.0,0.0,MEDIUM,85.594,85.577,0.016999999999995907,-0.20569999999999883,-0.10869999999999502,0.29060000000000097,24.334,0.2842956281982382,0.6037735849056604,0
2022,Italian Grand Prix,MAG,LAT,15,9,0.86,14.0,14.0,0.0,MEDIUM,87.5095,86.6225,0.8870000000000005,0.042923076923066086,-0.2021153846153986,0.14814285714285708,24.334,0.2780726663962198,0.2641509433962264,0
2022,Italian Grand Prix,LEC,RUS,23,10,5.219,10.0,22.0,-12.0,MEDIUM,84.32300000000001,85.32900000000001,-1.0060000000000002,-0.03950000000000442,0.0012999999999927785,-0.9465999999999997,24.334,0.28858081424996734,0.41509433962264153,1
2022,Japanese Grand Prix,ZHO,MAG,7,2,5.909,4.0,4.0,0.0,WET,117.547,118.264,-0.7169999999999987,,,,25.898,0.22032038248530375,0.21428571428571427,0
2022,Japanese Grand Prix,MSC,TSU,7,4,0.823,4.0,4.0,0.0,WET,119.215,118.70100000000001,0.5139999999999958,,,,25.898,0.21723776370423184,0.21428571428571427,0
2022,Japanese Grand Prix,MSC,RIC,8,3,1.816,5.0,5.0,0.0,WET,116.9375,116.52850000000001,0.4089999999999918,,,1.5909999999999966,25.898,0.22146873329770175,0.25,0
2022,Japanese Grand Prix,ALO,HAM,7,1,0.402,4.0,5.0,-1.0,WET,115.985,114.858,1.1269999999999953,,,,25.898,0.22328749407250936,0.21428571428571427,0
2022,Japanese Grand Prix,RIC,RUS,7,1,0.869,4.0,4.0,0.0,WET,118.447,117.122,1.3250000000000028,,,,25.898,0.21864631438533688,0.21428571428571427,0
2022,United States Grand Prix,TSU,GAS,32,1,0.752,21.0,21.0,0.0,MEDIUM,101.3675,101.377,-0.009499999999988518,-0.20509999999999157,-0.22579999999999825,0.005700000000000189,24.549,0.24217821293807185,0.5535714285714286,1
2022,United States Grand Prix,VET,PER,38,3,4.883,20.0,23.0,-3.0,MEDIUM,99.8675,99.658,0.20950000000000557,-0.14780000000000224,-0.07529999999999917,1.588899999999997,24.549,0.2458157058101985,0.6607142857142857,0
2022,United States Grand Prix,PER,LEC,35,3,1.089,20.0,16.0,4.0,HARD,99.931,99.9105,0.02049999999999841,-0.39000000000000157,-0.04279999999999906,0.10459999999999957,24.549,0.24565950505849035,0.6071428571428571,0
2022,United States Grand Prix,NOR,TSU,33,1,0.568,18.0,22.0,-4.0,HARD,101.35,101.34800000000001,0.001999999999981128,-0.23380000000000561,-0.28540000000000365,0.06780000000000008,24.549,0.24222002960039468,0.5714285714285714,0
2022,United States Grand Prix,TSU,ALB,9,1,0.634,8.0,8.0,0.0,MEDIUM,104.489,104.87299999999999,-0.38399999999998613,0.08049999999999692,-0.09450000000000723,0.00800000000000001,24.549,0.23494339117036242,0.14285714285714285,0
2022,United States Grand Prix,RIC,ZHO,9,1,0.832,8.0,8.0,0.0,MEDIUM,105.141,104.4065,0.7345000000000113,-0.0830000000000065,0.06179999999999377,0.03780000000000007,24.549,0.2334864610380346,0.14285714285714285,0
2022,United States Grand Prix,RUS,HAM,12,1,6.497,11.0,11.0,0.0,MEDIUM,102.67099999999999,102.37299999999999,0.2980000000000018,-0.010199999999991858,-0.011099999999987653,0.33229999999999993,24.549,0.2391035443309211,0.19642857142857142,0
2022,United States Grand Prix,LEC,HAM,34,1,4.373,15.0,21.0,-6.0,HARD,99.9425,99.4125,0.5300000000000011,-0.07440000000000094,-0.06490000000000024,0.6620999999999984,24.549,0.24563123796182806,0.5892857142857143,0
2022,United States Grand Prix,ZHO,LAT,5,4,0.439,4.0,4.0,0.0,MEDIUM,104.41199999999999,104.45299999999999,-0.04099999999999682,-0.574999999999989,-0.4434999999999696,0.08600000000000005,24.549,0.23511665325824618,0.07142857142857142,1
2022,United States Grand Prix,VET,RUS,36,5,4.064,18.0,22.0,-4.0,MEDIUM,100.237,99.8595,0.3774999999999977,-0.13519999999999363,-0.08710000000000334,0.3917000000000001,24.549,0.24490956433253191,0.625,0
2022,Mexico City Grand Prix,HAM,VER,25,4,1.92,24.0,27.0,-3.0,MEDIUM,82.13300000000001,82.2715,-0.1384999999999934,-0.019799999999997434,0.010400000000002789,-0.0823999999999997,23.187,0.2823103989870089,0.3380281690140845,0
2022,Mexico City Grand Prix,RUS,PER,23,11,1.555,22.0,25.0,-3.0,MEDIUM,82.3845,82.271,0.11350000000000193,0.02340000000000187,-0.05660000000000469,0.023000000000000038,23.187,0.2814485734573858,0.30985915492957744,0
2022,Mexico City Grand Prix,ALB,STR,17,21,0.955,16.0,17.0,-1.0,MEDIUM,84.403,84.351,0.05200000000000671,-0.178099999999997,-0.4208999999999968,0.11770000000000004,23.187,0.27471772330367406,0.22535211267605634,1
2022,Mexico City Grand Prix,RIC,TSU,29,15,0.91,28.0,28.0,0.0,MEDIUM,83.1995,83.23349999999999,-0.033999999999991815,-0.09949999999999988,-0.09689999999999932,-0.1254,23.187,0.2786915786753526,0.39436619718309857,0
2022,Mexico City Grand Prix,RIC,NOR,31,13,4.095,30.0,30.0,0.0,MEDIUM,83.036,82.9255,0.11050000000000182,-0.03310000000000121,-0.24349999999999936,0.5069999999999978,23.187,0.2792403294956404,0.4225352112676056,0
2022,Mexico City Grand Prix,RUS,HAM,29,5,5.461,28.0,28.0,0.0,MEDIUM,81.6235,81.72,-0.09649999999999181,-0.1711999999999926,-0.16680000000000225,-0.10399999999999952,23.187,0.28407260164045894,0.39436619718309857,0
2022,Mexico City Grand Prix,MAG,MSC,24,14,2.455,23.0,28.0,-5.0,MEDIUM,84.7815,84.6275,0.15399999999999636,0.20550000000000518,-0.003999999999995577,0.5733000000000014,23.187,0.27349126873197577,0.323943661971831,0
2022,Mexico City Grand Prix,GAS,VET,38,2,1.682,37.0,37.0,0.0,MEDIUM,82.7295,82.7585,-0.028999999999996362,-0.0963000000000065,-0.004500000000006613,0.03099999999999992,23.187,0.28027487172048665,0.5211267605633803,0
2022,Mexico City Grand Prix,MAG,LAT,23,15,0.804,22.0,22.0,0.0,MEDIUM,84.5325,84.81700000000001,-0.2845000000000084,0.0714999999999965,0.2673999999999993,-0.48549999999999954,23.187,0.2742968680684944,0.30985915492957744,1
2022,São Paulo Grand Prix,ALO,VER,23,12,1.795,8.0,15.0,-7.0,MEDIUM,75.858,76.17499999999998,-0.31699999999997885,0.02110000000000018,-0.00990000000000035,-0.46320000000000006,23.9035,0.31510849218276255,0.30985915492957744,0
2022,São Paulo Grand Prix,BOT,GAS,19,5,1.138,18.0,18.0,0.0,SOFT,76.392,76.822,-0.4300000000000068,-0.13180000000000497,-0.06719999999999753,0.0036999999999998423,23.9035,0.31290580165462356,0.2535211267605634,0
2022,São Paulo Grand Prix,NOR,GAS,35,10,1.19,10.0,15.0,-5.0,MEDIUM,75.18350000000001,75.671,-0.48749999999999716,0.028899999999993355,-0.18690000000000315,-0.3527999999999999,23.9035,0.31793545126257755,0.4788732394366197,0
2022,São Paulo Grand Prix,HAM,PER,23,6,6.763,22.0,22.0,0.0,SOFT,75.25,75.7105,-0.46049999999999613,0.04729999999999694,0.09859999999999558,-0.3397,23.9035,0.3176544850498339,0.30985915492957744,0
2022,São Paulo Grand Prix,ZHO,ALO,14,2,0.454,13.0,13.0,0.0,SOFT,77.077,77.081,-0.0040000000000048885,0.29319999999999813,0.23169999999999566,0.02189999999999997,23.9035,0.3101249399950699,0.18309859154929578,0
2022,São Paulo Grand Prix,BOT,ALO,35,10,1.116,10.0,20.0,-10.0,MEDIUM,74.678,75.0455,-0.3675000000000068,0.0041999999999969605,0.09290000000000095,-0.29829999999999973,23.9035,0.3200875759929297,0.4788732394366197,0
2022,São Paulo Grand Prix,ZHO,LEC,21,16,1.415,4.0,13.0,-9.0,MEDIUM,75.58,75.944,-0.3640000000000043,0.2730000000000135,0.16539999999999513,-0.5300000000000009,23.9035,0.31626753109288175,0.28169014084507044,0
2022,São Paulo Grand Prix,ALO,STR,29,6,3.655,14.0,29.0,-15.0,MEDIUM,75.423,76.5515,-1.1285000000000025,-0.13599999999999796,-0.07479999999999397,-1.1680000000000006,23.9035,0.3169258714185328,0.39436619718309857,0
2022,São Paulo Grand Prix,LAT,TSU,20,12,2.62,19.0,19.0,0.0,MEDIUM,77.73750000000001,77.40100000000001,0.3365000000000009,0.02769999999999578,-0.02250000000000479,0.24319999999999978,23.9035,0.30748995015275765,0.2676056338028169,0
2022,São Paulo Grand Prix,ALB,TSU,40,7,1.597,14.0,19.0,-5.0,MEDIUM,75.22999999999999,75.4525,-0.2225000000000108,-0.05410000000000562,0.016999999999995505,-0.1930999999999991,23.9035,0.3177389339359299,0.5492957746478874,0
2022,São Paulo Grand Prix,ALO,ALB,25,10,1.327,10.0,20.0,-10.0,MEDIUM,75.80199999999999,77.33800000000001,-1.5360000000000156,-0.04030000000000198,-0.08169999999999633,-0.6431999999999994,23.9035,0.315341283871138,0.3380281690140845,1
2022,São Paulo Grand Prix,ALB,ZHO,16,9,3.901,11.0,15.0,-4.0,MEDIUM,77.26499999999999,77.251,0.013999999999981583,-0.0058000000000011835,-0.060600000000005115,0.27400000000000024,23.9035,0.3093703487995859,0.2112676056338028,0
2022,São Paulo Grand Prix,LEC,ZHO,37,7,0.227,15.0,20.0,-5.0,SOFT,74.32650000000001,75.8245,-1.4979999999999905,-0.15170000000000244,0.0512999999999996,-0.7191999999999942,23.9035,0.3216013131251976,0.5070422535211268,1
2022,São Paulo Grand Prix,SAI,OCO,24,12,1.743,6.0,23.0,-17.0,SOFT,74.8785,76.328,-1.4495000000000005,0.01190000000001264,-0.002599999999998564,-0.16590000000000152,23.9035,0.3192304867218227,0.323943661971831,1
2022,São Paulo Grand Prix,BOT,NOR,24,21,1.539,23.0,23.0,0.0,SOFT,76.327,76.845,-0.5180000000000007,-0.042000000000001265,0.003600000000003145,-0.4564000000000008,23.9035,0.31317227193522607,0.323943661971831,1
2022,São Paulo Grand Prix,STR,MSC,24,5,1.902,24.0,23.0,1.0,MEDIUM,76.957,77.149,-0.19200000000000728,-0.06119999999998926,-0.07799999999999678,-0.07260000000000003,23.9035,0.31060852164195596,0.323943661971831,0
2022,São Paulo Grand Prix,PER,VET,26,21,4.23,2.0,25.0,-23.0,MEDIUM,75.0445,76.26050000000001,-1.2160000000000082,0.07275984251968334,0.07529999999999996,0.747000000000001,23.9035,0.31852434222361403,0.352112676056338,1
2022,São Paulo Grand Prix,OCO,VET,45,2,1.997,20.0,19.0,1.0,MEDIUM,74.525,74.5655,-0.04049999999999443,-0.057200000000006926,-0.0425000000000059,-0.06610000000000028,23.9035,0.32074471653807446,0.6197183098591549,0
2022,São Paulo Grand Prix,HAM,SAI,17,12,3.841,16.0,16.0,0.0,SOFT,75.99099999999999,75.91149999999999,0.07949999999999591,-0.24530000000000104,-0.01869999999999981,0.5469000000000005,23.9035,0.3145569870116199,0.22535211267605634,0
2022,São Paulo Grand Prix,HAM,SAI,36,12,2.93,6.0,18.0,-12.0,MEDIUM,73.5775,74.396,-0.8185000000000002,0.057000000000012985,-0.10399999999999808,-0.8957999999999999,23.9035,0.3248751316638918,0.49295774647887325,0
2022,São Paulo Grand Prix,VER,LAT,20,3,1.175,12.0,19.0,-7.0,MEDIUM,75.911,77.73750000000001,-1.82650000000001,0.2271000000000082,0.02769999999999578,-1.7983999999999962,23.9035,0.3148884878344377,0.2676056338028169,1
2022,São Paulo Grand Prix,HAM,RUS,24,5,9.704,23.0,23.0,0.0,SOFT,75.384,75.37900000000002,0.004999999999981242,0.07199999999999888,0.04480000000000002,2.260600000000006,23.9035,0.317089833386395,0.323943661971831,0
2022,São Paulo Grand Prix,OCO,BOT,24,23,1.427,23.0,23.0,0.0,SOFT,76.328,76.327,0.0010000000000047748,-0.002599999999998564,-0.042000000000001265,-0.041800000000000226,23.9035,0.3131681689550362,0.323943661971831,0
2022,Abu Dhabi Grand Prix,LEC,VER,20,1,7.492,19.0,19.0,0.0,MEDIUM,90.40899999999999,90.5555,-0.14650000000000318,-0.040600000000002676,0.14409999999999898,-0.10409999999999948,21.951,0.24279662422988865,0.3275862068965517,0
2022,Abu Dhabi Grand Prix,PER,LEC,21,12,17.861,5.0,20.0,-15.0,HARD,89.166,90.526,-1.3599999999999994,0.005399999999996736,0.09640000000000096,2.001200000000006,21.951,0.24618127986003635,0.3448275862068966,0
2022,Abu Dhabi Grand Prix,LEC,PER,15,6,2.173,14.0,14.0,0.0,MEDIUM,90.3605,90.726,-0.36549999999999727,-0.07810000000000579,0.1534999999999986,-0.2725999999999993,21.951,0.2429269426353329,0.2413793103448276,0
2022,Abu Dhabi Grand Prix,HAM,SAI,17,1,6.158,16.0,16.0,0.0,MEDIUM,91.01249999999999,90.58250000000001,0.4299999999999784,-0.03529999999999954,-0.010500000000000865,1.4300000000000006,21.951,0.24118665018541413,0.27586206896551724,0
2022,Abu Dhabi Grand Prix,HAM,RUS,15,3,2.778,14.0,14.0,0.0,MEDIUM,91.1815,90.9005,0.2810000000000059,-0.1359000000000015,0.09179999999999625,0.3252999999999997,21.951,0.24073962371753044,0.2413793103448276,0
2022,Abu Dhabi Grand Prix,VET,NOR,15,10,4.627,14.0,14.0,0.0,MEDIUM,91.88499999999999,91.7315,0.15349999999999397,-0.004300000000005063,0.07629999999999872,0.43609999999999915,21.951,0.23889644664526313,0.2413793103448276,0
2022,Abu Dhabi Grand Prix,VET,OCO,14,11,0.687,13.0,13.0,0.0,MEDIUM,91.929,92.0025,-0.07349999999999568,-0.04080000000000271,-0.014400000000001733,-0.024400000000000092,21.951,0.23878210357993668,0.22413793103448276,0
2022,Abu Dhabi Grand Prix,RIC,STR,13,6,1.489,12.0,12.0,0.0,MEDIUM,91.9015,92.0335,-0.132000000000005,0.04930000000000675,0.057300000000013396,-0.1417999999999995,21.951,0.23885355516504084,0.20689655172413793,0
2022,Abu Dhabi Grand Prix,RUS,RIC,19,20,0.874,3.0,18.0,-15.0,HARD,89.18,92.111,-2.9309999999999974,0.18661654135338118,0.14159999999999998,-3.1745000000000068,21.951,0.24614263287732674,0.3103448275862069,1
2022,Abu Dhabi Grand Prix,NOR,VET,25,17,1.131,9.0,24.0,-15.0,HARD,89.48349999999999,91.97,-2.4865000000000066,-0.07579999999998667,-0.01829999999999636,-0.08439999999999817,21.951,0.245307794174345,0.41379310344827586,1
2022,Abu Dhabi Grand Prix,RIC,TSU,14,5,2.358,13.0,13.0,0.0,MEDIUM,92.00450000000001,91.977,0.02750000000000341,0.08159999999999855,0.017999999999993712,0.5237000000000019,21.951,0.2385861561119293,0.22413793103448276,0
2022,Abu Dhabi Grand Prix,MAG,ZHO,15,13,7.573,14.0,14.0,0.0,HARD,92.077,92.1445,-0.06749999999999545,-0.2328999999999982,0.13950000000000143,1.675799999999997,21.951,0.23839829707744606,0.2413793103448276,0
2022,Abu Dhabi Grand Prix,MSC,ALB,12,2,1.402,11.0,11.0,0.0,MEDIUM,92.057,91.9425,0.11450000000000671,0.16510000000000588,0.24170000000000777,0.09920000000000005,21.951,0.2384500907046721,0.1896551724137931,0
2022,Abu Dhabi Grand Prix,MAG,GAS,14,14,1.769,13.0,13.0,0.0,HARD,92.36000000000001,92.379,-0.018999999999991246,-0.1356000000000009,0.1086999999999988,0.2001000000000002,21.951,0.23766782156777824,0.22413793103448276,0
2022,Abu Dhabi Grand Prix,VET,HAM,18,7,11.005,17.0,17.0,0.0,MEDIUM,91.91550000000001,91.0955,0.8200000000000074,0.03710000000000994,0.10750000000000651,2.139099999999997,21.951,0.2388171744700295,0.29310344827586204,0
2022,Abu Dhabi Grand Prix,ALB,LAT,15,20,11.026,2.0,14.0,-12.0,HARD,91.46000000000001,92.9255,-1.4654999999999916,0.26493150684931577,-0.09480000000000541,,21.951,0.2400065602449158,0.2413793103448276,1
2023,Bahrain Grand Prix,PER,VER,14,3,10.164,16.0,16.0,0.0,SOFT,98.549,97.82750000000001,0.7214999999999918,0.032599999999999366,0.0,1.2072000000000034,25.296,0.2566844919786096,0.22807017543859648,0
2023,Bahrain Grand Prix,DEV,GAS,9,2,0.77,8.0,8.0,0.0,SOFT,100.7885,100.744,0.04449999999999932,0.16199999999999562,0.024399999999996737,-0.04079999999999995,25.296,0.2509810146990976,0.14035087719298245,0
2023,Bahrain Grand Prix,SAR,GAS,25,5,2.472,12.0,15.0,-3.0,SOFT,98.329,98.11449999999999,0.21450000000000102,0.08220000000000721,0.07940000000000363,0.16499999999999998,25.296,0.2572587944553489,0.42105263157894735,0
2023,Bahrain Grand Prix,VER,PER,17,19,11.308,2.0,19.0,-17.0,SOFT,97.291,97.8725,-0.5815000000000055,0.0698196721311494,-0.2212000000000038,-0.6011999999999971,25.296,0.2600034946706273,0.2807017543859649,1
2023,Bahrain Grand Prix,STR,ALO,14,1,1.165,16.0,16.0,0.0,SOFT,100.3195,99.9385,0.3810000000000002,0.2245000000000043,0.023299999999996872,-0.061400000000000135,25.296,0.2521543667980801,0.22807017543859648,0
2023,Bahrain Grand Prix,PER,LEC,13,4,1.742,15.0,12.0,3.0,SOFT,98.511,98.54400000000001,-0.03300000000001546,-0.024499999999998506,0.15040000000000955,0.04170000000000018,25.296,0.2567835064104516,0.21052631578947367,0
2023,Bahrain Grand Prix,ALO,LEC,33,1,17.294,18.0,19.0,-1.0,HARD,96.287,96.7695,-0.4824999999999875,-0.18620000000000325,0.03289999999999236,1.984200000000005,25.296,0.26271459283184645,0.5614035087719298,0
2023,Bahrain Grand Prix,HAM,STR,15,15,16.95,2.0,17.0,-15.0,HARD,98.8055,100.3195,-1.51400000000001,0.2126278195488683,-0.08129999999999299,3.6465999999999963,25.296,0.256018136642191,0.24561403508771928,1
2023,Bahrain Grand Prix,ZHO,SAR,30,2,3.323,17.0,17.0,0.0,HARD,97.65400000000001,97.9415,-0.2874999999999943,-0.005499999999987762,-0.13379999999999237,-0.38289999999999946,25.296,0.2590370082126692,0.5087719298245614,0
2023,Bahrain Grand Prix,BOT,MAG,15,14,0.358,3.0,14.0,-11.0,HARD,97.2765,100.90899999999999,-3.632499999999993,0.3727631578947359,-0.09850000000000443,-6.660699999999988,25.296,0.26004225069775333,0.24561403508771928,1
2023,Bahrain Grand Prix,MAG,DEV,11,4,1.895,10.0,10.0,0.0,HARD,100.995,100.929,0.0660000000000025,0.030999999999991833,0.08589999999999033,0.040700000000000174,25.296,0.25046784494281893,0.17543859649122806,0
2023,Bahrain Grand Prix,MAG,DEV,27,2,6.66,11.0,15.0,-4.0,HARD,97.80250000000001,98.3765,-0.5739999999999839,0.11950000000000321,0.2135999999999937,1.7075000000000014,25.296,0.25864369520206537,0.45614035087719296,0
2023,Bahrain Grand Prix,HUL,TSU,10,1,1.312,12.0,9.0,3.0,SOFT,100.78899999999999,100.5385,0.2504999999999882,0.08430000000000223,-0.09119999999999084,0.2340999999999999,25.296,0.25097976961771623,0.15789473684210525,0
2023,Bahrain Grand Prix,SAR,TSU,26,4,3.782,13.0,15.0,-2.0,SOFT,98.314,98.24000000000001,0.07399999999998386,0.03239999999999659,0.08819999999999821,0.5367000000000013,25.296,0.2572980450393637,0.43859649122807015,0
2023,Bahrain Grand Prix,SAR,ALB,11,1,2.006,10.0,10.0,0.0,SOFT,100.47049999999999,100.471,-0.0005000000000165983,0.006999999999993109,0.044299999999995246,0.24109999999999981,25.296,0.25177539675825245,0.17543859649122806,0
2023,Bahrain Grand Prix,MAG,ZHO,12,3,3.246,11.0,11.0,0.0,HARD,100.997,101.09899999999999,-0.10199999999998965,0.08520000000001361,0.17510000000001277,0.8249000000000011,25.296,0.2504628850361892,0.19298245614035087,0
2023,Bahrain Grand Prix,MAG,HUL,26,3,2.848,10.0,14.0,-4.0,HARD,97.6155,98.5455,-0.9300000000000068,0.018399999999992346,0.04750000000000336,-0.9143000000000011,25.296,0.25913917359435745,0.43859649122807015,1
2023,Bahrain Grand Prix,SAR,OCO,12,18,4.557,11.0,14.0,-3.0,SOFT,100.4965,100.32650000000001,0.1699999999999875,0.09150000000000649,0.07600000000000569,0.8323000000000016,25.296,0.2517102585662187,0.19298245614035087,1
2023,Bahrain Grand Prix,TSU,OCO,15,11,1.397,4.0,2.0,2.0,HARD,98.45,99.1175,-0.667500000000004,-0.2634999999999968,0.21836466165413101,-1.0533333333333348,25.296,0.25694261046216355,0.24561403508771928,1
2023,Bahrain Grand Prix,SAR,NOR,10,2,0.866,9.0,9.0,0.0,SOFT,100.4515,100.382,0.06949999999999079,-0.05409999999999209,-0.034899999999992055,0.0628,25.296,0.2518230190689039,0.15789473684210525,1
2023,Bahrain Grand Prix,DEV,NOR,17,10,1.161,5.0,6.0,-1.0,HARD,98.089,98.20599999999999,-0.11699999999999022,0.0017999999999982676,-0.21779999999998784,-0.3420000000000001,25.296,0.2578882443495193,0.2807017543859649,1
2023,Bahrain Grand Prix,OCO,NOR,27,5,2.893,14.0,12.0,2.0,HARD,97.93950000000001,96.92,1.0195000000000078,-0.02610000000000447,-0.14099999999999718,0.8369999999999964,25.296,0.25828189851898364,0.45614035087719296,0
2023,Bahrain Grand Prix,RUS,HAM,12,1,1.367,14.0,14.0,0.0,SOFT,99.9405,99.82249999999999,0.11800000000000921,0.16500000000000303,0.1381999999999987,0.12460000000000022,25.296,0.25311060080748043,0.19298245614035087,0
2023,Bahrain Grand Prix,ALO,HAM,30,4,1.846,15.0,17.0,-2.0,HARD,96.6865,96.67349999999999,0.01300000000000523,0.033400000000000554,-0.052399999999994555,0.013799999999999937,25.296,0.26162907955091974,0.5087719298245614,0
2023,Bahrain Grand Prix,RUS,SAI,13,18,5.196,15.0,15.0,0.0,SOFT,100.19200000000001,99.68100000000001,0.5109999999999957,0.16390000000000138,0.16149999999999826,0.8319999999999969,25.296,0.2524752475247525,0.21052631578947367,0
2023,Bahrain Grand Prix,ALO,SAI,31,3,5.544,16.0,17.0,-1.0,HARD,96.65950000000001,96.7795,-0.11999999999999034,-0.034699999999998093,0.0037000000000066693,0.46449999999999714,25.296,0.2617021606774295,0.5263157894736842,0
2023,Bahrain Grand Prix,ALO,RUS,13,1,0.646,15.0,15.0,0.0,SOFT,100.006,100.19200000000001,-0.18600000000000705,0.21920000000000375,0.16390000000000138,-0.15649999999999953,25.296,0.25294482331060136,0.21052631578947367,1
2023,Bahrain Grand Prix,ZHO,RUS,31,1,27.678,18.0,17.0,1.0,HARD,97.59700000000001,96.86699999999999,0.7300000000000182,-0.05939999999999953,-0.030499999999993494,7.878799999999955,25.296,0.2591882947221738,0.5263157894736842,0
2023,Bahrain Grand Prix,OCO,BOT,11,1,2.54,13.0,10.0,3.0,SOFT,100.206,100.0275,0.17849999999999966,0.08019999999999715,-0.009700000000006577,0.22449999999999995,25.296,0.2524399736542722,0.17543859649122806,0
2023,Bahrain Grand Prix,SAR,BOT,29,1,12.534,16.0,17.0,-1.0,SOFT,98.143,97.787,0.35599999999999454,-0.13659999999999567,-0.1654999999999928,2.0179999999999976,25.296,0.2577463497141925,0.49122807017543857,0
2023,Azerbaijan Grand Prix,RUS,NOR,9,40,1.417,8.0,8.0,0.0,MEDIUM,107.89750000000001,107.8825,0.01500000000001478,-0.10870000000000553,0.0017999999999969958,0.11189999999999999,21.062,0.19520378136657476,0.1568627450980392,1
2023,Azerbaijan Grand Prix,OCO,RUS,49,1,25.137,48.0,37.0,11.0,HARD,103.771,102.8455,0.9254999999999995,-0.13209999999998412,-0.14180000000000542,0.9399999999999982,21.062,0.20296614661128834,0.9411764705882353,0
2023,Miami Grand Prix,VER,PER,20,25,2.214,19.0,19.0,0.0,HARD,91.2205,91.7305,-0.5100000000000051,-0.15590000000000687,-0.10080000000000007,-0.5082999999999986,22.5155,0.2468250009592142,0.3333333333333333,1
2023,Miami Grand Prix,OCO,SAI,18,21,11.513,17.0,17.0,0.0,HARD,92.326,92.098,0.22799999999999443,-0.3671999999999947,-0.03179999999998755,3.325699999999992,22.5155,0.24386954920607415,0.2982456140350877,0
2023,Miami Grand Prix,OCO,LEC,17,22,0.75,16.0,16.0,0.0,HARD,92.745,92.7405,0.004500000000007276,-0.14570000000000038,-0.12140000000000428,-0.06269999999999994,22.5155,0.24276780419429617,0.2807017543859649,0
2023,Miami Grand Prix,LEC,GAS,15,2,3.372,14.0,14.0,0.0,MEDIUM,92.649,92.5755,0.07349999999999568,0.19369999999999563,-0.26680000000000226,0.49729999999999897,22.5155,0.24301935261038973,0.24561403508771928,0
2023,Miami Grand Prix,LEC,MAG,14,3,0.279,13.0,13.0,0.0,MEDIUM,92.5625,92.89250000000001,-0.3300000000000125,0.16669999999999802,0.14729999999999602,-0.31620000000000076,22.5155,0.24324645509790682,0.22807017543859648,0
2023,Miami Grand Prix,HUL,BOT,15,18,1.2,14.0,14.0,0.0,HARD,92.73949999999999,92.67150000000001,0.06799999999998363,-0.15350000000000386,-0.039099999999998754,0.17019999999999968,22.5155,0.24278220175868967,0.24561403508771928,0
2023,Miami Grand Prix,TSU,ALB,22,14,0.368,21.0,21.0,0.0,HARD,92.375,92.834,-0.4590000000000032,-0.18899999999999742,0.016700000000001835,-0.18169999999999975,22.5155,0.2437401894451962,0.3684210526315789,0
2023,Miami Grand Prix,TSU,HUL,33,3,0.484,32.0,32.0,0.0,HARD,91.0715,91.172,-0.1004999999999967,-0.013799999999998817,-0.3907999999999984,-0.10040000000000024,22.5155,0.2472288257028818,0.5614035087719298,1
2023,Miami Grand Prix,DEV,NOR,4,11,0.492,3.0,3.0,0.0,MEDIUM,95.10499999999999,94.681,0.4239999999999924,,,0.04699999999999996,22.5155,0.23674359917985385,0.05263157894736842,0
2023,Miami Grand Prix,TSU,PIA,5,31,1.043,4.0,4.0,0.0,HARD,94.152,93.826,0.3260000000000076,-0.8174999999999804,-0.8704999999999783,0.032500000000000265,22.5155,0.23913990143597585,0.07017543859649122,1
2023,Monaco Grand Prix,RUS,GAS,47,7,1.861,46.0,46.0,0.0,HARD,74.987,74.6075,0.37949999999999307,-0.27539999999999343,-0.46139999999999676,0.22620000000000057,25.718,0.3429661141264486,0.5897435897435898,1
2023,Monaco Grand Prix,HUL,PER,57,2,13.83,2.0,3.0,-1.0,INTERMEDIATE,98.965,101.59,-2.625,-0.14961077111383167,,-26.753000000000124,25.718,0.2598696508866771,0.717948717948718,0
2023,Monaco Grand Prix,GAS,LEC,44,3,2.053,43.0,43.0,0.0,HARD,75.0935,75.5115,-0.41799999999999216,0.1902000000000017,0.2409999999999991,-0.047000000000000444,25.718,0.342479708629908,0.5512820512820513,0
2023,Monaco Grand Prix,ZHO,SAR,20,32,0.178,18.0,19.0,-1.0,HARD,80.1175,80.76650000000001,-0.6490000000000009,0.4145000000000021,0.44049999999999806,-0.0662999999999999,25.718,0.32100352607108307,0.24358974358974358,1
2023,Monaco Grand Prix,PIA,TSU,53,1,11.632,52.0,52.0,0.0,HARD,79.33,78.1035,1.2265000000000015,2.5500000000000007,3.3193999999999964,1.7362999999999909,25.718,0.32419009202067317,0.6666666666666666,0
2023,Monaco Grand Prix,BOT,ALB,18,33,0.383,17.0,17.0,0.0,HARD,79.569,79.616,-0.046999999999997044,0.1932285714285695,0.10385714285714247,-0.03849999999999997,25.718,0.3232163279669218,0.21794871794871795,1
2023,Monaco Grand Prix,PER,ALB,52,1,5.161,18.0,33.0,-15.0,MEDIUM,78.6345,77.326,1.3085000000000093,2.4817999999999967,2.3480000000000096,0.007199999999999341,25.718,0.3270574620554591,0.6538461538461539,0
2023,Monaco Grand Prix,SAI,OCO,32,1,1.949,31.0,31.0,0.0,HARD,75.49100000000001,75.428,0.0630000000000166,-0.043200000000001695,0.013800000000000185,0.07600000000000018,25.718,0.3406763720178564,0.3974358974358974,0
2023,Monaco Grand Prix,SAI,OCO,54,1,0.323,20.0,21.0,-1.0,MEDIUM,79.4255,80.03999999999999,-0.6144999999999925,3.4762000000000115,3.416199999999995,-0.6884000000000069,25.718,0.3238002908385846,0.6794871794871795,0
2023,Monaco Grand Prix,PIA,NOR,50,4,3.663,49.0,49.0,0.0,HARD,74.8605,75.232,-0.3714999999999975,0.6658999999999952,0.040299999999996824,-0.47559999999999847,25.718,0.34354566159723754,0.6282051282051282,1
2023,Monaco Grand Prix,LEC,HAM,31,13,1.659,30.0,30.0,0.0,HARD,75.75550000000001,75.6585,0.09700000000000841,-0.18070000000000383,-0.052799999999995406,0.05030000000000031,25.718,0.33948690194111314,0.38461538461538464,0
2023,Monaco Grand Prix,LEC,HAM,54,1,1.278,9.0,22.0,-13.0,MEDIUM,76.9485,79.084,-2.1355000000000075,4.0609000000000055,3.7617000000000083,-1.7552000000000196,25.718,0.33422353912032077,0.6794871794871795,0
2023,Monaco Grand Prix,LEC,SAI,33,11,4.586,32.0,32.0,0.0,HARD,75.53049999999999,75.4,0.13049999999998363,-0.0215000000000019,-0.060800000000001526,0.9828000000000034,25.718,0.34049820933265373,0.41025641025641024,0
2023,Spanish Grand Prix,PER,VER,26,1,27.023,25.0,25.0,0.0,MEDIUM,79.3415,78.5215,0.8199999999999932,0.14949999999999855,-0.07809999999999903,6.286500000000012,22.577,0.2845547412136146,0.3787878787878788,0
2023,Spanish Grand Prix,RUS,HAM,24,1,8.883,23.0,26.0,-3.0,SOFT,79.40450000000001,79.36500000000001,0.039500000000003865,-0.03249999999999534,0.032899999999998375,0.07780000000000038,22.577,0.28432897379871414,0.3484848484848485,0
2023,Spanish Grand Prix,PER,RUS,25,2,6.608,24.0,24.0,0.0,MEDIUM,79.15,79.4525,-0.3024999999999949,0.03660000000000685,0.04610000000000355,-0.3450999999999994,22.577,0.2852432090966519,0.36363636363636365,0
2023,Spanish Grand Prix,PER,RUS,45,5,7.575,17.0,19.0,-2.0,HARD,76.5515,76.64250000000001,-0.09100000000000819,-0.013699999999998417,-0.15330000000000615,-0.2696000000000009,22.577,0.29492563829578783,0.6666666666666666,0
2023,Spanish Grand Prix,SAI,PER,27,14,4.252,11.0,26.0,-15.0,MEDIUM,79.0605,79.4645,-0.40399999999999636,-0.03299999999999877,0.15999999999999784,-0.31439999999999974,22.577,0.28556611708754687,0.3939393939393939,0
2023,Spanish Grand Prix,HAM,SAI,15,9,1.097,17.0,17.0,0.0,SOFT,79.8885,80.129,-0.24050000000001148,-0.057399999999995274,-0.040300000000000884,-0.21289999999999942,22.577,0.28260638264581267,0.21212121212121213,0
2023,Spanish Grand Prix,PER,SAI,41,9,4.356,13.0,25.0,-12.0,HARD,76.916,77.81099999999999,-0.894999999999996,-0.13400000000000306,-0.19300000000000142,-0.9605999999999991,22.577,0.2935280045764211,0.6060606060606061,1
2023,Spanish Grand Prix,RUS,STR,14,11,2.444,13.0,16.0,-3.0,SOFT,80.344,80.65650000000001,-0.3125000000000142,-0.09410000000000579,-0.05749999999999738,0.0509999999999999,22.577,0.2810041820173255,0.19696969696969696,1
2023,Spanish Grand Prix,OCO,STR,34,1,2.101,20.0,22.0,-2.0,MEDIUM,78.601,78.75450000000001,-0.15350000000000819,0.055799999999999746,-0.029400000000009332,-0.14239999999999953,22.577,0.2872355313545629,0.5,0
2023,Spanish Grand Prix,PER,ALO,19,8,1.758,18.0,21.0,-3.0,MEDIUM,80.0975,80.19500000000001,-0.0975000000000108,-0.1852000000000012,-0.0063999999999973176,-0.02280000000000004,22.577,0.2818689721901433,0.2727272727272727,0
2023,Spanish Grand Prix,ALO,OCO,13,6,1.575,15.0,15.0,0.0,SOFT,80.8095,80.9555,-0.1460000000000008,-0.1375000000000006,0.1353000000000022,0.09259999999999916,22.577,0.27938546829271316,0.18181818181818182,0
2023,Spanish Grand Prix,PER,OCO,35,15,0.663,7.0,21.0,-14.0,HARD,77.10849999999999,78.708,-1.5995000000000061,-0.3283000000000023,0.20939999999999845,-0.07250000000000004,22.577,0.29279521712911033,0.5151515151515151,1
2023,Spanish Grand Prix,PER,ZHO,9,18,0.997,8.0,8.0,0.0,MEDIUM,80.76400000000001,81.1575,-0.39349999999998886,-0.08770000000000552,0.14129999999999512,0.16299999999999987,22.577,0.2795428656332029,0.12121212121212122,1
2023,Spanish Grand Prix,PIA,ZHO,36,3,1.55,18.0,26.0,-8.0,HARD,78.5445,78.54650000000001,-0.0020000000000095497,-0.08929999999999488,-0.14670000000000502,0.03320000000000007,22.577,0.287442150627988,0.5303030303030303,0
2023,Spanish Grand Prix,SAI,GAS,19,22,1.557,3.0,21.0,-18.0,MEDIUM,79.0335,80.512,-1.4784999999999968,0.08168957345971627,-0.06519999999999891,-1.2030000000000078,22.577,0.28566367426471057,0.2727272727272727,1
2023,Spanish Grand Prix,LEC,GAS,39,2,2.897,22.0,19.0,3.0,SOFT,78.284,78.4385,-0.15449999999999875,-0.014700000000004826,-0.12270000000000776,-0.2622000000000002,22.577,0.2883986510653518,0.5757575757575758,0
2023,Spanish Grand Prix,ALB,LEC,16,21,5.601,15.0,15.0,0.0,SOFT,81.3215,80.862,0.45950000000000557,-0.08520000000000331,0.1007999999999954,0.44060000000000077,22.577,0.2776264579477752,0.22727272727272727,0
2023,Spanish Grand Prix,PIA,TSU,10,7,2.122,11.0,9.0,2.0,SOFT,81.38499999999999,80.9185,0.46649999999999636,-0.020799999999999676,-0.16789999999999536,0.5408999999999995,22.577,0.27740984210849673,0.13636363636363635,0
2023,Spanish Grand Prix,PER,TSU,34,16,0.815,6.0,23.0,-17.0,HARD,77.449,78.77250000000001,-1.32350000000001,-0.01349999999999133,0.3734000000000006,-0.8175999999999969,22.577,0.2915079600769539,0.5,1
2023,Spanish Grand Prix,GAS,PIA,17,2,1.772,19.0,18.0,1.0,SOFT,80.525,80.61449999999999,-0.08949999999998681,0.03819999999999714,0.06769999999999718,-0.04989999999999996,22.577,0.2803725551071096,0.24242424242424243,0
2023,Spanish Grand Prix,LEC,DEV,9,7,1.077,8.0,8.0,0.0,HARD,81.202,81.5675,-0.36549999999999727,-0.020200000000003746,0.1479000000000016,0.14640000000000006,22.577,0.2780350237678875,0.12121212121212122,0
2023,Spanish Grand Prix,TSU,HUL,8,2,0.399,7.0,10.0,-3.0,SOFT,81.14250000000001,82.05850000000001,-0.9159999999999968,-0.04560000000000294,0.25109999999999305,0.03520000000000008,22.577,0.27823890069938684,0.10606060606060606,0
2023,Spanish Grand Prix,GAS,HUL,26,13,2.109,6.0,17.0,-11.0,MEDIUM,78.8635,79.7055,-0.8419999999999987,-0.08149999999998288,-0.1930999999999913,0.07069999999999999,22.577,0.28627945754373063,0.3787878787878788,0
2023,Spanish Grand Prix,SAR,ALB,16,1,1.857,15.0,15.0,0.0,MEDIUM,81.418,81.3215,0.09650000000000603,0.04939999999999915,-0.08520000000000331,-0.03860000000000002,22.577,0.2772974035225626,0.22727272727272727,0
2023,Spanish Grand Prix,MAG,ALB,37,5,1.87,12.0,20.0,-8.0,HARD,78.427,79.1085,-0.6814999999999998,-0.12029999999999345,-0.3052000000000003,-0.13289999999999885,22.577,0.2878727989085392,0.5454545454545454,0
2023,Spanish Grand Prix,ALB,NOR,22,15,4.952,5.0,20.0,-15.0,HARD,79.6915,80.47049999999999,-0.7789999999999822,0.035499999999989686,-0.2790000000000072,-0.9024999999999977,22.577,0.2833049948865312,0.3181818181818182,0
2023,Spanish Grand Prix,GAS,MAG,10,9,0.379,12.0,9.0,3.0,SOFT,81.4795,81.62700000000001,-0.14750000000000796,0.07370000000000396,0.07350000000000569,-0.07399999999999994,22.577,0.27708810191520566,0.13636363636363635,0
2023,Spanish Grand Prix,DEV,MAG,24,14,0.425,14.0,13.0,1.0,HARD,80.3575,80.3575,0.0,0.15190000000000337,-0.02529999999999853,-0.08840000000000006,22.577,0.2809569735245621,0.3484848484848485,0
2023,Spanish Grand Prix,NOR,MAG,42,8,1.556,19.0,17.0,2.0,MEDIUM,78.2735,78.411,-0.13750000000000284,-0.1821999999999969,-0.27739999999999465,-0.38619999999999605,22.577,0.2884373383073454,0.6212121212121212,0
2023,Spanish Grand Prix,SAR,BOT,5,12,1.036,4.0,4.0,0.0,MEDIUM,82.363,82.051,0.3119999999999976,0.4685000000000166,-0.5039999999999819,-0.3024999999999998,22.577,0.27411580442674505,0.06060606060606061,0
2023,Spanish Grand Prix,MAG,BOT,39,3,0.858,14.0,33.0,-19.0,HARD,78.701,79.6005,-0.8995000000000033,0.2676999999999961,-0.1053000000000028,-0.4325999999999981,22.577,0.286870560729851,0.5757575757575758,1
2023,Spanish Grand Prix,OCO,SAR,17,18,1.133,3.0,16.0,-13.0,MEDIUM,79.78049999999999,81.6685,-1.8880000000000052,0.09866560509553957,0.1906000000000036,-2.0429000000000004,22.577,0.28298895093412557,0.24242424242424243,1
2023,Spanish Grand Prix,MAG,SAR,36,6,0.55,11.0,18.0,-7.0,HARD,78.524,79.2225,-0.6984999999999957,-0.014199999999995178,-0.03640000000000186,-0.5292,22.577,0.2875171921960165,0.5303030303030303,0
2023,Canadian Grand Prix,DEV,STR,27,23,0.68,15.0,15.0,0.0,HARD,77.0135,77.095,-0.08150000000000546,-0.058100000000007174,-0.030300000000000125,0.00040000000000015007,24.187,0.3140618203302019,0.37142857142857144,0
2023,Canadian Grand Prix,DEV,MAG,35,15,1.234,23.0,34.0,-11.0,HARD,76.327,76.81649999999999,-0.4894999999999925,-0.1136999999999985,0.19109999999999913,0.17330000000000007,24.187,0.31688655390621934,0.4857142857142857,0
2023,Canadian Grand Prix,DEV,TSU,34,16,1.397,22.0,32.0,-10.0,HARD,76.41999999999999,76.7225,-0.3025000000000091,-0.16910000000001074,-0.024499999999999657,0.34689999999999876,24.187,0.31650091599057845,0.4714285714285714,0
2023,Canadian Grand Prix,DEV,ZHO,32,18,1.081,20.0,19.0,1.0,HARD,76.758,76.807,-0.049000000000006594,-0.0978857142857198,-0.06251428571427792,0.09309999999999945,24.187,0.31510722009432246,0.44285714285714284,0
2023,Canadian Grand Prix,DEV,HUL,31,19,0.438,19.0,19.0,0.0,HARD,76.87100000000001,76.95899999999999,-0.08799999999997965,-0.0644999999999993,-0.07239999999999772,-0.1586999999999992,24.187,0.31464401399747627,0.42857142857142855,0
2023,Canadian Grand Prix,PIA,NOR,35,2,2.551,22.0,22.0,0.0,HARD,76.305,76.4325,-0.12749999999999773,-0.00970000000000183,-0.052300000000002476,-0.16079999999999978,24.187,0.3169779175676561,0.4857142857142857,0
2023,Canadian Grand Prix,PIA,BOT,36,1,4.434,23.0,35.0,-12.0,HARD,76.29100000000001,76.168,0.12300000000000466,0.007000000000002385,0.012300000000006462,1.0096999999999998,24.187,0.31703608551467405,0.5,0
2023,Austrian Grand Prix,LEC,VER,24,23,14.213,8.0,23.0,-15.0,MEDIUM,68.31649999999999,68.9865,-0.6700000000000159,0.011099999999999001,0.045500000000001144,-0.708000000000003,21.688,0.3174635702941457,0.323943661971831,0
2023,Austrian Grand Prix,PER,VER,49,1,25.94,23.0,24.0,-1.0,MEDIUM,66.5015,66.6405,-0.13900000000001,0.006500000000002147,-0.13479999999999545,5.724900000000005,21.688,0.3261279820755923,0.676056338028169,0
2023,Austrian Grand Prix,HAM,PER,25,17,0.619,10.0,24.0,-14.0,HARD,69.21350000000001,69.081,0.1325000000000074,0.0850999999999998,-0.19599999999999537,-0.03310000000000002,21.688,0.31334927434676757,0.3380281690140845,0
2023,Austrian Grand Prix,PER,LEC,47,3,14.006,21.0,31.0,-10.0,MEDIUM,66.57,67.781,-1.2110000000000127,-0.16500000000000156,-0.056099999999998686,3.9559000000000086,21.688,0.32579239897851886,0.647887323943662,0
2023,Austrian Grand Prix,SAR,STR,36,7,8.694,21.0,20.0,1.0,HARD,69.207,69.0685,0.1384999999999934,-0.041400000000001734,-0.08529999999999975,0.13450000000000065,21.688,0.3133787044663112,0.49295774647887325,0
2023,Austrian Grand Prix,STR,SAR,43,11,4.285,6.0,28.0,-22.0,HARD,67.223,68.927,-1.7040000000000077,0.01620000000000817,-0.017799999999999185,-1.682399999999999,21.688,0.32262767207652143,0.5915492957746479,1
2023,Austrian Grand Prix,TSU,DEV,37,6,5.006,13.0,24.0,-11.0,HARD,68.69900000000001,69.57750000000001,-0.8785000000000025,0.07079999999999853,-0.1062999999999944,-0.9948999999999922,21.688,0.3156960072199012,0.5070422535211268,0
2023,Austrian Grand Prix,STR,TSU,23,13,0.244,7.0,21.0,-14.0,HARD,70.368,71.68350000000001,-1.3155000000000143,-0.03350000000000111,0.1885999999999984,-0.3114000000000001,21.688,0.3082082764893133,0.30985915492957744,1
2023,Austrian Grand Prix,SAR,ALB,41,2,11.722,26.0,26.0,0.0,HARD,69.001,68.7645,0.2365000000000066,-0.06650000000000156,0.008799999999996104,3.258600000000002,21.688,0.314314285300213,0.5633802816901409,0
2023,Austrian Grand Prix,TSU,ZHO,38,5,9.616,14.0,29.0,-15.0,HARD,68.78999999999999,69.5365,-0.7465000000000117,0.06689999999999807,0.03310000000000078,1.3313999999999957,21.688,0.3152783834859718,0.5211267605633803,0
2023,Austrian Grand Prix,SAR,OCO,40,3,10.025,25.0,25.0,0.0,HARD,69.087,69.0505,0.03650000000000375,-0.029600000000000695,0.17809999999999795,0.1563000000000004,21.688,0.31392302459218085,0.5492957746478874,0
2023,Austrian Grand Prix,HAM,NOR,41,1,1.383,26.0,26.0,0.0,HARD,68.577,68.6215,-0.04449999999999932,0.07900000000000201,0.1302999999999955,-0.04430000000000008,21.688,0.31625763740029456,0.5633802816901409,0
2023,Austrian Grand Prix,ALO,HAM,42,2,1.385,26.0,27.0,-1.0,MEDIUM,68.19200000000001,68.4565,-0.2644999999999982,-0.047299999999997434,0.012400000000001325,-0.39029999999999737,21.688,0.31804317221961514,0.5774647887323944,1
2023,Austrian Grand Prix,PER,SAI,45,5,12.099,19.0,29.0,-10.0,MEDIUM,66.99350000000001,67.953,-0.9594999999999914,-0.08440000000000503,-0.038199999999999144,0.03910000000000174,21.688,0.32373289946039535,0.6197183098591549,0
2023,Austrian Grand Prix,PIA,BOT,21,1,0.316,6.0,20.0,-14.0,HARD,70.4245,71.4445,-1.0200000000000102,0.10080000000000557,-0.027500000000001284,0.031999999999999924,21.688,0.30796100788787995,0.28169014084507044,0
2023,Austrian Grand Prix,PIA,BOT,40,1,3.686,17.0,18.0,-1.0,HARD,68.839,69.062,-0.22299999999999898,-0.5859999999999969,-0.07549999999999912,-0.2624999999999997,21.688,0.3150539665015471,0.5492957746478874,0
2023,Austrian Grand Prix,SAR,PIA,22,21,2.442,7.0,7.0,0.0,HARD,70.02799999999999,70.479,-0.4510000000000076,0.05079999999999497,0.19810000000000363,-0.5798999999999982,21.688,0.3097046895527503,0.29577464788732394,1
2023,Hungarian Grand Prix,PER,VER,23,1,22.329,25.0,25.0,0.0,HARD,83.37799999999999,82.9525,0.42549999999998533,-0.01029999999999587,-0.06839999999999755,0.39110000000000106,21.984,0.26366667466238103,0.3142857142857143,0
2023,Hungarian Grand Prix,LEC,NOR,17,26,6.056,19.0,16.0,3.0,MEDIUM,84.68900000000001,84.12950000000001,0.5594999999999999,0.042299999999997305,-0.08239999999999674,1.1641999999999997,21.984,0.25958507007993953,0.22857142857142856,0
2023,Hungarian Grand Prix,HAM,NOR,44,5,11.305,27.0,26.0,1.0,HARD,82.1635,81.922,0.24150000000000205,-0.013599999999999685,-0.15429999999999808,1.5277000000000007,21.984,0.2675640643351367,0.6142857142857143,0
2023,Hungarian Grand Prix,NOR,PER,24,20,4.147,6.0,26.0,-20.0,HARD,82.43950000000001,83.3615,-0.921999999999997,-0.036199999999984446,0.025900000000003014,-0.9163000000000027,21.984,0.2666682840143378,0.32857142857142857,1
2023,Hungarian Grand Prix,SAI,PER,42,2,14.175,26.0,23.0,3.0,HARD,82.461,81.8535,0.6075000000000017,-0.04759999999999972,0.17420000000000466,0.6697999999999997,21.984,0.2665987557754575,0.5857142857142857,0
2023,Hungarian Grand Prix,LEC,HAM,16,1,2.692,18.0,18.0,0.0,MEDIUM,84.6235,84.489,0.13450000000000273,0.08089999999999312,0.06879999999999743,0.2347000000000005,21.984,0.2597859932524653,0.21428571428571427,0
2023,Hungarian Grand Prix,PER,PIA,18,6,12.377,20.0,19.0,1.0,HARD,84.094,84.11250000000001,-0.01850000000001728,-0.18239999999999795,-0.06649999999999821,2.9822999999999915,21.984,0.26142174233595744,0.24285714285714285,0
2023,Hungarian Grand Prix,HAM,PIA,42,7,3.136,25.0,23.0,2.0,HARD,82.00999999999999,82.51650000000001,-0.5065000000000168,0.1248000000000051,0.11050000000000329,-0.3902999999999978,21.984,0.2680648701377881,0.5857142857142857,0
2023,Hungarian Grand Prix,SAI,RUS,28,16,0.766,12.0,27.0,-15.0,HARD,83.476,84.07300000000001,-0.5970000000000084,0.5511000000000034,0.09859999999999848,-0.3630999999999986,21.984,0.26335713258900767,0.38571428571428573,1
2023,Hungarian Grand Prix,PER,LEC,17,7,4.575,19.0,19.0,0.0,HARD,84.3785,84.68900000000001,-0.31050000000000466,-0.056100000000007665,0.042299999999997305,0.47290000000000026,21.984,0.26054030351333574,0.22857142857142856,1
2023,Hungarian Grand Prix,PER,SAI,15,9,0.91,17.0,14.0,3.0,HARD,84.4965,84.8055,-0.3089999999999975,-0.07300000000000197,0.013899999999995976,-0.2602999999999995,21.984,0.2601764570130124,0.2,1
2023,Hungarian Grand Prix,RUS,SAI,44,2,10.691,15.0,28.0,-13.0,MEDIUM,81.49100000000001,82.3305,-0.8394999999999868,-0.09279999999999829,-0.010099999999996973,2.670099999999994,21.984,0.2697721220748303,0.6142857142857143,0
2023,Hungarian Grand Prix,NOR,ALO,20,24,3.864,2.0,22.0,-20.0,HARD,83.2395,84.1135,-0.8739999999999952,0.11981147540983718,-0.16519999999999788,-0.7666999999999966,21.984,0.26410538266087613,0.2714285714285714,1
2023,Hungarian Grand Prix,RUS,ALO,43,3,2.261,14.0,26.0,-12.0,MEDIUM,81.55099999999999,82.308,-0.7570000000000192,0.008500000000002632,-0.1268000000000051,-0.9156999999999998,21.984,0.26957364103444476,0.6,1
2023,Hungarian Grand Prix,TSU,STR,9,35,0.842,8.0,8.0,0.0,SOFT,85.5675,85.5215,0.04599999999999227,-0.01180000000000333,-0.01720000000000566,0.02919999999999998,21.984,0.2569199754579718,0.11428571428571428,0
2023,Hungarian Grand Prix,BOT,STR,34,6,2.68,29.0,29.0,0.0,HARD,83.4455,83.47,-0.024500000000003297,-0.022700000000001483,-0.43440000000000273,-0.21089999999999925,21.984,0.2634533917347251,0.4714285714285714,0
2023,Hungarian Grand Prix,ZHO,ALB,8,2,0.946,10.0,7.0,3.0,MEDIUM,86.04150000000001,85.90950000000001,0.132000000000005,-0.24120000000000472,-0.260700000000002,0.11410000000000005,21.984,0.2555046111469465,0.1,0
2023,Hungarian Grand Prix,TSU,ALB,31,13,1.83,24.0,25.0,-1.0,HARD,83.976,83.8755,0.1004999999999967,-0.05789999999999872,-0.09880000000000022,0.1292999999999996,21.984,0.2617890825950272,0.42857142857142855,0
2023,Hungarian Grand Prix,RUS,BOT,9,19,1.07,8.0,11.0,-3.0,HARD,85.57300000000001,85.525,0.04800000000000182,-0.0640999999999999,-0.06629999999999592,0.10720000000000002,21.984,0.2569034625407547,0.11428571428571428,0
2023,Hungarian Grand Prix,TSU,BOT,40,4,8.186,33.0,35.0,-2.0,HARD,83.4425,83.0005,0.44199999999999307,0.09749999999999699,-0.32640000000000535,0.3763000000000014,21.984,0.2634628636486203,0.5571428571428572,0
2023,Hungarian Grand Prix,SAI,RIC,18,26,5.223,2.0,20.0,-18.0,HARD,84.118,84.602,-0.48400000000000887,0.11981954887217612,0.1413999999999971,-1.0479999999999972,21.984,0.2613471551867615,0.24285714285714285,1
2023,Hungarian Grand Prix,RUS,HUL,16,12,1.633,15.0,18.0,-3.0,HARD,85.1195,85.27349999999998,-0.15399999999998215,-0.06499999999999997,-0.09520000000000593,-0.12780000000000016,21.984,0.2582721937981309,0.21428571428571427,1
2023,Hungarian Grand Prix,BOT,TSU,9,31,0.795,11.0,8.0,3.0,MEDIUM,85.525,85.5675,-0.04249999999998977,-0.06629999999999592,-0.01180000000000333,0.005899999999999995,21.984,0.2570476468868752,0.11428571428571428,0
2023,Hungarian Grand Prix,SAR,ZHO,10,3,0.912,9.0,12.0,-3.0,MEDIUM,85.6625,85.575,0.08749999999999147,-0.1503999999999917,-0.1892999999999994,0.030700000000000015,21.984,0.25663505034291556,0.12857142857142856,0
2023,Hungarian Grand Prix,RIC,MAG,14,4,2.906,16.0,13.0,3.0,MEDIUM,85.2355,85.459,-0.22350000000000136,-0.11930000000000014,-0.11990000000000084,0.11990000000000087,21.984,0.257920702054895,0.18571428571428572,0
2023,Hungarian Grand Prix,RIC,SAR,13,5,1.481,15.0,12.0,3.0,MEDIUM,85.392,85.2295,0.16249999999999432,-0.17580000000000368,-0.17429999999999066,0.14649999999999944,21.984,0.2574480044969084,0.17142857142857143,0
2023,Belgian Grand Prix,STR,VER,14,6,26.389,13.0,13.0,0.0,MEDIUM,113.354,112.00200000000001,1.3519999999999897,0.15079999999999752,0.17929999999999516,7.638700000000026,23.499,0.20730631473084318,0.29545454545454547,0
2023,Belgian Grand Prix,VER,PER,13,1,2.753,12.0,12.0,0.0,SOFT,111.9355,112.08350000000002,-0.14800000000001035,0.058700000000010924,0.08850000000000867,-0.11379999999999942,23.499,0.20993339914504333,0.2727272727272727,1
2023,Belgian Grand Prix,STR,LEC,13,7,22.168,12.0,12.0,0.0,MEDIUM,113.328,112.911,0.4170000000000016,-0.025699999999992396,0.07630000000000756,6.455599999999971,23.499,0.207353875476493,0.2727272727272727,0
2023,Belgian Grand Prix,ALO,LEC,28,1,17.619,17.0,14.0,3.0,MEDIUM,110.83349999999999,110.216,0.6174999999999926,-0.3901999999999966,-0.41299999999999926,4.666799999999964,23.499,0.21202073380340783,0.6136363636363636,0
2023,Belgian Grand Prix,STR,HAM,12,8,18.271,11.0,11.0,0.0,MEDIUM,113.328,112.9015,0.4265000000000043,-0.15249999999998662,0.0761000000000046,3.9719000000000055,23.499,0.207353875476493,0.25,0
2023,Belgian Grand Prix,ALO,HAM,27,2,14.299,16.0,14.0,2.0,MEDIUM,111.0025,110.732,0.2704999999999984,-1.1467000000000016,-0.901299999999997,0.8023999999999998,23.499,0.21169793473119974,0.5909090909090909,0
2023,Belgian Grand Prix,STR,ALO,10,10,8.951,9.0,9.0,0.0,MEDIUM,113.69800000000001,113.1105,0.5875000000000057,-0.5698999999999976,-0.09679999999999034,1.7728999999999993,23.499,0.20667909725764744,0.20454545454545456,0
2023,Belgian Grand Prix,GAS,RUS,22,1,4.31,21.0,21.0,0.0,SOFT,115.003,114.583,0.4200000000000017,0.4873999999999983,0.9648000000000001,1.0697999999999974,23.499,0.2043337999878264,0.4772727272727273,0
2023,Belgian Grand Prix,ALB,NOR,5,2,0.617,4.0,4.0,0.0,SOFT,114.81500000000001,116.47200000000001,-1.6569999999999965,,,-0.05299999999999991,23.499,0.2046683795671297,0.09090909090909091,1
2023,Belgian Grand Prix,ZHO,NOR,17,8,0.493,9.0,11.0,-2.0,MEDIUM,113.22900000000001,114.4435,-1.2144999999999868,0.2600000000000129,0.5017000000000135,0.03800000000000026,23.499,0.2075351720848899,0.36363636363636365,0
2023,Belgian Grand Prix,SAR,OCO,6,2,0.616,5.0,5.0,0.0,SOFT,114.72,115.18950000000001,-0.4695000000000107,,,0.17409999999999998,23.499,0.2048378661087866,0.11363636363636363,0
2023,Belgian Grand Prix,GAS,STR,20,3,0.834,19.0,19.0,0.0,SOFT,114.03450000000001,114.62,-0.5854999999999961,0.027999999999993953,0.3095999999999989,0.02629999999999981,23.499,0.2060692158951896,0.4318181818181818,0
2023,Belgian Grand Prix,STR,TSU,9,11,4.904,8.0,8.0,0.0,MEDIUM,114.33850000000001,113.473,0.8655000000000115,-0.4418000000000139,-0.40340000000000065,1.4704000000000004,23.499,0.20552132483809038,0.18181818181818182,0
2023,Belgian Grand Prix,OCO,TSU,24,1,4.551,17.0,14.0,3.0,MEDIUM,115.22749999999999,115.402,-0.17450000000000898,-0.15919999999999213,-0.1976999999999924,-0.1141000000000005,23.499,0.2039356924345317,0.5227272727272727,0
2023,Belgian Grand Prix,TSU,GAS,23,1,0.486,13.0,22.0,-9.0,MEDIUM,115.402,115.6155,-0.21349999999999625,0.4898999999999971,0.4455999999999963,-0.0975,23.499,0.20362732015043067,0.5,1
2023,Belgian Grand Prix,ZHO,BOT,6,1,0.511,5.0,5.0,0.0,SOFT,115.154,115.3645,-0.21050000000001035,,,-0.02819999999999998,23.499,0.20406585963145005,0.11363636363636363,0
2023,Belgian Grand Prix,ZHO,BOT,24,1,3.279,16.0,17.0,-1.0,MEDIUM,114.42250000000001,114.6125,-0.18999999999998352,0.29939999999999517,-0.09709999999998996,0.22670000000000123,23.499,0.20537044724595246,0.5227272727272727,0
2023,Belgian Grand Prix,HUL,ZHO,7,5,0.503,6.0,6.0,0.0,MEDIUM,115.278,115.552,-0.2740000000000009,0.6080000000000015,0.551000000000008,-0.02799999999999998,23.499,0.20384635403112475,0.13636363636363635,0
2023,Belgian Grand Prix,MAG,ALB,23,2,3.176,17.0,15.0,2.0,MEDIUM,114.595,114.506,0.08899999999999864,0.436900000000003,0.18149999999999686,-0.4166000000000001,23.499,0.20506130284916443,0.5,0
2023,Belgian Grand Prix,RIC,MAG,5,17,0.564,4.0,4.0,0.0,SOFT,114.626,114.44600000000001,0.1799999999999926,,,0.10950000000000007,23.499,0.20500584509622596,0.09090909090909091,0
2023,Belgian Grand Prix,BOT,RIC,22,2,0.703,15.0,16.0,-1.0,MEDIUM,114.151,114.17099999999999,-0.01999999999999602,0.4662000000000019,0.5763999999999988,0.04540000000000008,23.499,0.20585890618566635,0.4772727272727273,1
2023,Belgian Grand Prix,GAS,SAR,8,15,0.697,7.0,7.0,0.0,SOFT,115.117,115.24950000000001,-0.1325000000000074,0.27489999999999004,0.3331999999999833,0.1003000000000001,23.499,0.2041314488737545,0.1590909090909091,1
2023,Belgian Grand Prix,ALB,HUL,12,11,3.029,4.0,11.0,-7.0,MEDIUM,111.43299999999999,114.194,-2.76100000000001,0.9335000000000289,-0.3405999999999907,-2.7503000000000037,23.499,0.21088008040706074,0.25,1
2023,Dutch Grand Prix,ALO,PER,45,3,4.466,34.0,32.0,2.0,SOFT,73.143,73.078,0.06499999999999773,-0.04680000000000286,-0.030800000000003446,0.020599999999999823,21.312,0.29137443090931464,0.6111111111111112,0
2023,Dutch Grand Prix,LEC,ALO,10,1,4.079,8.0,7.0,1.0,INTERMEDIATE,84.98249999999999,83.4875,1.4949999999999903,0.3742999999999987,-0.20630000000000226,0.6969999999999993,21.312,0.2507810431559439,0.125,0
2023,Dutch Grand Prix,LAW,STR,34,12,0.71,16.0,17.0,-1.0,MEDIUM,75.612,75.7635,-0.15149999999999864,-0.11890000000000414,-0.03409999999999322,-0.04839999999999979,21.312,0.2818600222186955,0.4583333333333333,0
2023,Dutch Grand Prix,OCO,MAG,9,1,2.537,6.0,7.0,-1.0,INTERMEDIATE,83.5965,84.93299999999999,-1.3364999999999867,-0.5248999999999857,-0.3459999999999994,-1.5975000000000004,21.312,0.2549389029445013,0.1111111111111111,0
2023,Dutch Grand Prix,HUL,MAG,35,13,2.714,18.0,25.0,-7.0,MEDIUM,74.926,75.014,-0.08799999999999386,-0.1424000000000025,-0.1556000000000001,-0.04740000000000006,21.312,0.2844406481061314,0.4722222222222222,0
2023,Dutch Grand Prix,GAS,ZHO,10,1,0.694,14.0,8.0,6.0,INTERMEDIATE,84.209,84.57149999999999,-0.36249999999998295,0.11630000000000126,0.31859999999999306,-0.1510999999999999,21.312,0.25308458715814225,0.125,1
2023,Dutch Grand Prix,HUL,ZHO,37,11,4.269,20.0,26.0,-6.0,MEDIUM,74.84100000000001,75.16050000000001,-0.319500000000005,-0.11200000000000195,-0.39409999999999795,1.6799999999999833,21.312,0.28476369904196897,0.5,0
2023,Dutch Grand Prix,HAM,NOR,42,3,0.815,32.0,32.0,0.0,SOFT,74.0685,74.077,-0.008499999999997954,-0.0666999999999983,-0.05479999999999332,-0.005100000000000039,21.312,0.2877336519573098,0.5694444444444444,0
2023,Dutch Grand Prix,RUS,HAM,9,1,4.923,4.0,5.0,-1.0,INTERMEDIATE,84.468,84.238,0.23000000000000398,0.2330000000000103,-0.5384000000000052,1.0746000000000009,21.312,0.2523085665577497,0.1111111111111111,0
2023,Dutch Grand Prix,PIA,HAM,45,1,2.083,29.0,35.0,-6.0,SOFT,73.63650000000001,73.85499999999999,-0.2184999999999775,-0.1053999999999971,-0.1406000000000033,0.11980000000000017,21.312,0.2894216862561365,0.6111111111111112,0
2023,Dutch Grand Prix,ALB,SAI,41,3,4.905,40.0,30.0,10.0,SOFT,73.845,73.6935,0.15149999999999864,-0.06680000000000642,-0.0147000000000015,0.1951,21.312,0.2886045094454601,0.5555555555555556,0
2023,Italian Grand Prix,STR,GAS,10,10,2.245,9.0,9.0,0.0,MEDIUM,86.86449999999999,86.847,0.017499999999998295,-0.14479999999999754,-0.13699999999999404,0.0922,24.406,0.28096633262149673,0.17647058823529413,0
2023,Italian Grand Prix,PIA,PER,21,2,9.676,20.0,20.0,0.0,MEDIUM,86.37950000000001,85.61449999999999,0.7650000000000148,0.037199999999996194,-0.15999999999999925,3.4420999999999866,24.406,0.2825438906221962,0.39215686274509803,0
2023,Italian Grand Prix,BOT,ALO,21,4,8.6,23.0,20.0,3.0,HARD,86.577,86.194,0.38299999999999557,0.08529999999999818,0.17719999999999422,0.35989999999999894,24.406,0.28189934971181724,0.39215686274509803,0
2023,Italian Grand Prix,PER,LEC,20,1,1.826,19.0,19.0,0.0,MEDIUM,85.786,86.4975,-0.7115000000000009,-0.09080000000000027,0.04889999999999779,-0.5038999999999981,24.406,0.2844986361410953,0.37254901960784315,0
2023,Italian Grand Prix,BOT,SAR,14,11,0.807,16.0,16.0,0.0,HARD,87.27350000000001,87.14600000000002,0.12749999999999773,0.1707000000000018,0.10590000000000224,0.015599999999999874,24.406,0.27964960726910226,0.2549019607843137,0
2023,Italian Grand Prix,PIA,ALB,15,8,0.974,14.0,17.0,-3.0,MEDIUM,86.674,86.872,-0.1979999999999933,0.07669999999999713,0.04929999999999831,-0.13059999999999972,24.406,0.28158386598057084,0.27450980392156865,0
2023,Italian Grand Prix,OCO,ZHO,11,13,0.937,10.0,10.0,0.0,MEDIUM,86.88,86.862,0.018000000000000682,0.02509999999999517,0.05569999999999214,-0.003999999999999983,24.406,0.28091620626151015,0.19607843137254902,0
2023,Italian Grand Prix,HAM,NOR,22,5,1.038,24.0,21.0,3.0,HARD,86.2615,86.3295,-0.06799999999999784,-0.04510000000000283,0.005600000000001947,0.10389999999999959,24.406,0.28293039188977703,0.4117647058823529,0
2023,Italian Grand Prix,SAR,LAW,13,1,0.563,15.0,15.0,0.0,MEDIUM,87.14600000000002,87.0415,0.1045000000000158,0.2636999999999965,0.03560000000000187,-0.025699999999999838,24.406,0.28005875197943675,0.23529411764705882,0
2023,Italian Grand Prix,LEC,SAI,19,1,0.644,18.0,18.0,0.0,MEDIUM,86.42949999999999,86.577,-0.14750000000000796,0.08420000000000219,-0.004800000000000502,0.04229999999999981,24.406,0.28238043723497186,0.35294117647058826,0
2023,Italian Grand Prix,PIA,RUS,19,4,7.427,18.0,18.0,0.0,MEDIUM,86.37950000000001,86.2175,0.16200000000000614,-0.08739999999999803,-0.03839999999999491,2.7589000000000063,24.406,0.2825438906221962,0.35294117647058826,0
2023,Italian Grand Prix,HAM,PIA,23,4,1.548,25.0,22.0,3.0,HARD,86.227,86.27250000000001,-0.04550000000000409,-0.0930000000000036,-0.03530000000000548,0.22139999999999976,24.406,0.28304359423382464,0.43137254901960786,0
2023,Japanese Grand Prix,NOR,VER,16,1,9.273,15.0,15.0,0.0,MEDIUM,98.3125,97.71199999999999,0.6005000000000109,-0.05349999999999883,-0.09949999999999903,1.6998571428571447,24.016,0.24428226319135407,0.2830188679245283,0
2023,Japanese Grand Prix,SAI,VER,37,1,28.849,18.0,20.0,-2.0,MEDIUM,96.53450000000001,95.6425,0.8920000000000101,-0.11100000000000028,-0.06970000000000087,4.220699999999966,24.016,0.24878152370396073,0.6792452830188679,0
2023,Japanese Grand Prix,LEC,NOR,17,17,1.703,16.0,16.0,0.0,MEDIUM,98.619,98.281,0.33799999999999386,0.022428571428573497,-0.04650000000001024,-1.5601428571428582,24.016,0.24352305336699823,0.3018867924528302,0
2023,Japanese Grand Prix,SAI,NOR,36,2,12.498,17.0,18.0,-1.0,MEDIUM,96.589,95.93,0.6589999999999918,-0.07959999999999226,-0.07519999999999546,2.3003,24.016,0.24864114961331,0.660377358490566,0
2023,Japanese Grand Prix,SAI,PIA,35,3,6.331,16.0,21.0,-5.0,MEDIUM,96.6955,96.4975,0.1979999999999933,-0.0966000000000002,-0.16249999999999912,0.8246000000000001,24.016,0.2483672973406208,0.6415094339622641,0
2023,Japanese Grand Prix,SAI,LEC,17,1,1.35,16.0,16.0,0.0,MEDIUM,98.56800000000001,98.619,-0.05099999999998772,-0.09478571428571854,0.022428571428573497,0.03935714285714282,24.016,0.24364905445986523,0.3018867924528302,0
2023,Japanese Grand Prix,SAI,LEC,34,4,2.082,15.0,16.0,-1.0,MEDIUM,96.7995,96.69749999999999,0.10200000000000387,-0.04250000000000343,-0.008500000000003281,0.02199999999999997,24.016,0.248100455064334,0.6226415094339622,0
2023,Japanese Grand Prix,RUS,HAM,16,8,1.401,15.0,15.0,0.0,MEDIUM,98.1715,98.4745,-0.3030000000000115,-0.3739999999999983,-0.2117500000000002,-0.14192857142857138,24.016,0.24463311653585817,0.2830188679245283,0
2023,Japanese Grand Prix,RUS,SAI,18,6,4.22,17.0,17.0,0.0,MEDIUM,98.122,98.54,-0.41800000000000637,0.04342857142857424,-0.06968571428571152,0.879000000000001,24.016,0.2447565275881046,0.32075471698113206,0
2023,Japanese Grand Prix,PIA,RUS,24,11,1.849,10.0,23.0,-13.0,HARD,97.1745,98.232,-1.0575000000000045,-0.07550000000000485,-0.16380000000000253,-1.1223000000000027,24.016,0.24714302620543455,0.4339622641509434,0
2023,Japanese Grand Prix,TSU,ALO,25,5,10.263,15.0,13.0,2.0,MEDIUM,99.3515,99.17750000000001,0.17399999999999238,0.11430000000000382,-0.3470000000000006,2.9905000000000035,24.016,0.24172760350875425,0.4528301886792453,0
2023,Japanese Grand Prix,GAS,OCO,28,6,5.369,9.0,26.0,-17.0,HARD,97.04299999999999,99.0025,-1.9595000000000056,-0.02789999999998935,-0.010300000000005137,1.0576000000000054,24.016,0.2474779221582185,0.5094339622641509,0
2023,Japanese Grand Prix,OCO,GAS,18,10,1.29,16.0,17.0,-1.0,HARD,98.91600000000001,99.506,-0.5899999999999892,0.08350000000000508,-0.49000000000001376,-0.31000000000000055,24.016,0.24279186380363132,0.32075471698113206,0
2023,Japanese Grand Prix,ZHO,LAW,25,4,4.791,14.0,14.0,0.0,SOFT,98.92000000000002,99.62049999999999,-0.7004999999999768,-0.2660999999999987,-0.005999999999996227,0.002999999999998264,24.016,0.2427820460978568,0.4528301886792453,0
2023,Japanese Grand Prix,HUL,ZHO,29,8,9.479,7.0,18.0,-11.0,HARD,96.959,98.7055,-1.7464999999999975,0.006700000000001445,0.07789999999999364,-2.316699999999998,24.016,0.24769232355944262,0.5283018867924528,0
2023,Japanese Grand Prix,ZHO,HUL,21,8,3.671,10.0,12.0,-2.0,SOFT,98.90200000000002,99.2855,-0.38349999999998374,0.04759999999998694,0.14460000000000467,1.3734999999999946,24.016,0.24282623202766368,0.37735849056603776,0
2023,Qatar Grand Prix,ALB,VER,17,1,22.193,16.0,19.0,-3.0,MEDIUM,88.6705,88.0445,0.6260000000000048,-0.7258999999999998,-0.3587000000000027,1.3610000000000013,28.7185,0.3238788548615379,0.2807017543859649,0
2023,Qatar Grand Prix,LEC,PIA,12,13,4.104,19.0,17.0,2.0,MEDIUM,89.399,89.14949999999999,0.24950000000001182,-0.17859999999999976,-0.030099999999991463,0.600000000000001,28.7185,0.3212396111813331,0.19298245614035087,0
2023,Qatar Grand Prix,ALO,PIA,25,1,5.608,18.0,19.0,-1.0,MEDIUM,87.229,86.87299999999999,0.35600000000000875,-0.010300000000000194,-0.12139999999999679,0.3555000000000002,28.7185,0.32923110433456765,0.42105263157894735,0
2023,Qatar Grand Prix,NOR,PIA,43,1,3.059,15.0,17.0,-2.0,MEDIUM,83.80799999999999,83.91799999999999,-0.10999999999999943,0.15071428571428996,0.05820000000000492,-0.18920000000000006,28.7185,0.34267015082092406,0.7368421052631579,0
2023,Qatar Grand Prix,HUL,NOR,13,14,6.104,19.0,19.0,0.0,MEDIUM,90.2355,89.15100000000001,1.0844999999999914,-0.18370000000000006,-0.3408000000000071,1.8654999999999935,28.7185,0.3182616597680514,0.21052631578947367,0
2023,Qatar Grand Prix,RUS,NOR,27,5,8.022,12.0,19.0,-7.0,MEDIUM,86.90899999999999,86.362,0.546999999999997,-0.3430999999999954,-0.06650000000000976,1.8823000000000012,28.7185,0.33044333728382563,0.45614035087719296,0
2023,Qatar Grand Prix,RUS,NOR,44,6,10.694,11.0,16.0,-5.0,HARD,83.483,83.56500000000001,-0.08200000000000784,-0.14889999999999332,-0.07619999999999884,-0.24909999999999827,28.7185,0.34400416851335,0.7543859649122807,0
2023,Qatar Grand Prix,ALB,RUS,14,4,1.522,13.0,19.0,-6.0,MEDIUM,89.8935,89.21100000000001,0.6824999999999903,0.002199999999998601,-0.3854000000000058,0.1459999999999993,28.7185,0.319472486887261,0.22807017543859648,0
2023,Qatar Grand Prix,PIA,RUS,32,11,12.448,6.0,17.0,-11.0,MEDIUM,85.248,85.4255,-0.17749999999999488,-0.2853999999999862,-0.1773999999999924,2.350499999999991,28.7185,0.33688180367867865,0.543859649122807,0
2023,Qatar Grand Prix,NOR,LEC,12,1,3.529,18.0,19.0,-1.0,MEDIUM,89.5395,89.399,0.14050000000000296,-0.2758000000000006,-0.17859999999999976,0.6782000000000009,28.7185,0.3207355412974162,0.19298245614035087,0
2023,Qatar Grand Prix,OCO,LEC,25,18,2.005,19.0,19.0,0.0,MEDIUM,87.6635,87.285,0.3785000000000025,-0.2848000000000028,-0.39650000000000163,0.21549999999999955,28.7185,0.32759928590576465,0.42105263157894735,0
2023,Qatar Grand Prix,ALO,LEC,43,1,4.449,16.0,17.0,-1.0,HARD,84.598,84.05600000000001,0.5419999999999874,-0.03051428571428501,-0.1276285714285712,0.6732999999999991,28.7185,0.33947020024114044,0.7368421052631579,0
2023,Qatar Grand Prix,LEC,ALO,11,1,1.317,18.0,15.0,3.0,MEDIUM,89.517,89.5,0.016999999999995907,-0.08569999999999797,-0.0825999999999984,-0.029500000000000047,28.7185,0.32081615782477074,0.17543859649122806,0
2023,Qatar Grand Prix,NOR,ALO,26,1,2.067,18.0,19.0,-1.0,MEDIUM,86.40950000000001,87.137,-0.727499999999992,-0.3189000000000042,-0.11540000000000346,-0.7289000000000013,28.7185,0.33235350279772474,0.43859649122807015,1
2023,Qatar Grand Prix,NOR,OCO,10,3,1.26,16.0,16.0,0.0,MEDIUM,89.9135,89.95349999999999,-0.03999999999999204,-0.5844999999999985,-0.40010000000000073,0.13779999999999984,28.7185,0.31940142470263083,0.15789473684210525,1
2023,Qatar Grand Prix,RUS,OCO,25,7,1.051,10.0,19.0,-9.0,MEDIUM,87.1875,87.6635,-0.4759999999999991,-0.2567000000000065,-0.2848000000000028,-0.09329999999999967,28.7185,0.3293878136200717,0.42105263157894735,1
2023,Qatar Grand Prix,GAS,OCO,43,1,3.044,16.0,17.0,-1.0,HARD,84.20100000000001,84.304,-0.10299999999999443,-0.4149142857142777,-0.30077142857142314,0.14630000000000015,28.7185,0.34107077113098416,0.7368421052631579,0
2023,Qatar Grand Prix,ALO,BOT,21,5,0.376,14.0,17.0,-3.0,MEDIUM,87.9965,89.3715,-1.375,-0.1355000000000015,0.06810000000000607,-0.22309999999999955,28.7185,0.32635957111930586,0.3508771929824561,1
2023,Qatar Grand Prix,OCO,BOT,39,4,0.44,13.0,17.0,-4.0,HARD,85.55000000000001,86.185,-0.6349999999999909,-0.16330000000000533,0.1887000000000065,-0.2745999999999997,28.7185,0.33569257744009345,0.6666666666666666,1
2023,Qatar Grand Prix,BOT,ZHO,18,3,2.936,14.0,17.0,-3.0,MEDIUM,89.44,89.16900000000001,0.2709999999999866,-0.27689999999999276,-0.23179999999998446,0.9339999999999973,28.7185,0.3210923524150268,0.2982456140350877,0
2023,Qatar Grand Prix,RUS,ZHO,35,15,1.906,2.0,16.0,-14.0,HARD,84.6165,86.208,-1.5914999999999964,0.06516824644549826,-0.2917428571428546,0.6767999999999973,28.7185,0.33939598068934546,0.5964912280701754,1
2023,Qatar Grand Prix,ZHO,PER,17,1,1.728,16.0,16.0,0.0,MEDIUM,89.6155,88.6875,0.9279999999999973,-0.19109999999999985,-0.738800000000001,0.07860000000000032,28.7185,0.3204635358838594,0.2807017543859649,0
2023,Qatar Grand Prix,PIA,PER,31,12,5.751,5.0,19.0,-14.0,MEDIUM,85.50049999999999,86.381,-0.880500000000012,-0.26689999999999775,-0.10620000000000226,-0.02069999999999889,28.7185,0.3358869246378676,0.5263157894736842,1
2023,Qatar Grand Prix,ALB,PER,43,1,7.603,11.0,17.0,-6.0,HARD,84.863,84.799,0.06399999999999295,-0.10654285714285355,-0.17871428571428166,-0.10680000000000048,28.7185,0.3384101434076099,0.7368421052631579,0
2023,Qatar Grand Prix,NOR,STR,21,6,1.548,13.0,17.0,-4.0,MEDIUM,87.9505,89.5255,-1.5749999999999886,-0.18440000000000598,-0.04999999999999459,0.5244999999999987,28.7185,0.32653026418269365,0.3508771929824561,1
2023,Qatar Grand Prix,PER,STR,39,4,3.846,13.0,17.0,-4.0,MEDIUM,85.219,86.6575,-1.4385000000000048,-0.11040000000000774,0.12140000000000488,0.9694999999999958,28.7185,0.3369964444548751,0.6666666666666666,0
2023,Qatar Grand Prix,HUL,GAS,11,2,2.693,17.0,17.0,0.0,MEDIUM,90.487,89.929,0.5579999999999927,-0.08779999999999363,-0.2025999999999922,0.5525999999999998,28.7185,0.31737708179075447,0.17543859649122806,0
2023,Qatar Grand Prix,PER,GAS,26,5,1.799,14.0,19.0,-5.0,MEDIUM,86.5605,87.5805,-1.019999999999996,-0.030299999999995202,-0.26750000000000684,0.5048000000000007,28.7185,0.33177373051218506,0.43859649122807015,0
2023,Qatar Grand Prix,ZHO,ALB,18,17,6.414,17.0,17.0,0.0,MEDIUM,89.16900000000001,88.29050000000001,0.8785000000000025,-0.23179999999998446,-0.46799999999999425,0.9701999999999977,28.7185,0.3220682075609236,0.2982456140350877,0
2023,Qatar Grand Prix,ZHO,ALB,31,4,3.74,12.0,12.0,0.0,HARD,86.6315,86.6875,-0.055999999999997385,0.03240000000000197,0.041600000000007756,0.5791999999999955,28.7185,0.3315018209311855,0.5263157894736842,0
2023,Qatar Grand Prix,ZHO,ALB,44,8,5.199,8.0,12.0,-4.0,HARD,84.493,84.50200000000001,-0.009000000000014552,-0.12289999999999848,-0.07850000000000108,-0.08279999999999922,28.7185,0.33989206206431305,0.7543859649122807,1
2023,Qatar Grand Prix,LAW,MAG,21,18,0.527,17.0,17.0,0.0,HARD,90.2315,90.552,-0.3205000000000098,-0.3331999999999983,-0.3265999999999928,0.11309999999999973,28.7185,0.31827576844006805,0.3508771929824561,0
2023,Qatar Grand Prix,ALB,MAG,39,5,1.649,7.0,17.0,-10.0,HARD,85.1645,85.65899999999999,-0.49449999999998795,-0.26719999999999994,-0.13279999999999761,-0.3887999999999994,28.7185,0.33721210128633405,0.6666666666666666,1
2023,Qatar Grand Prix,ALB,TSU,9,9,0.643,8.0,8.0,0.0,MEDIUM,91.3715,91.418,-0.04650000000000887,-0.9942999999999939,-0.8901000000000071,0.12240000000000015,28.7185,0.31430478869231654,0.14035087719298245,0
2023,Qatar Grand Prix,PER,TSU,22,9,0.396,10.0,12.0,-2.0,MEDIUM,87.347,89.029,-1.6820000000000022,0.10499999999999937,0.1166000000000025,-1.7899999999999943,28.7185,0.3287863349628493,0.3684210526315789,1
2023,Qatar Grand Prix,ZHO,TSU,40,12,0.412,4.0,17.0,-13.0,HARD,85.243,86.3375,-1.0945000000000107,-0.2129999999999896,-0.17469999999999314,-0.7796000000000025,28.7185,0.3369015637647666,0.6842105263157895,1
2023,Qatar Grand Prix,ALB,HUL,13,5,0.653,12.0,19.0,-7.0,MEDIUM,90.2185,90.2355,-0.016999999999995907,0.09990000000000616,-0.18370000000000006,-0.35239999999999855,28.7185,0.31832163026430277,0.21052631578947367,1
2023,Qatar Grand Prix,BOT,HUL,27,12,5.424,5.0,13.0,-8.0,HARD,86.945,87.4125,-0.46750000000000114,-0.16620000000000829,-0.09210000000000534,-0.42090000000000005,28.7185,0.33030651561331875,0.45614035087719296,1
2023,Qatar Grand Prix,TSU,LAW,21,1,2.241,11.0,17.0,-6.0,MEDIUM,88.929,90.2315,-1.3024999999999949,0.0774000000000017,-0.3331999999999983,0.5182999999999971,28.7185,0.3229373994984763,0.3508771929824561,1
2023,Qatar Grand Prix,ZHO,SAR,13,5,0.688,12.0,12.0,0.0,MEDIUM,90.4325,90.53450000000001,-0.10200000000000387,-0.19949999999999146,-0.15769999999999665,0.12019999999999986,28.7185,0.3175683520858098,0.21052631578947367,0
2023,Qatar Grand Prix,ZHO,SAR,26,9,0.602,7.0,12.0,-5.0,HARD,87.673,87.9705,-0.29749999999999943,0.012000000000000708,-0.20829999999999357,-0.6119000000000012,28.7185,0.32756378816739473,0.43859649122807015,1
2023,United States Grand Prix,LEC,VER,16,7,1.652,15.0,15.0,0.0,MEDIUM,101.979,101.79249999999999,0.18650000000000944,-0.3859000000000002,-0.1797000000000069,0.28240000000000043,24.398000000000003,0.2392453348238363,0.26785714285714285,0
2023,United States Grand Prix,HAM,VER,35,3,5.932,14.0,18.0,-4.0,HARD,99.7475,99.4965,0.2510000000000048,0.05739999999999992,-0.06140000000000169,1.5721999999999996,24.398000000000003,0.24459760896263066,0.6071428571428571,0
2023,United States Grand Prix,HAM,NOR,17,3,1.966,16.0,16.0,0.0,MEDIUM,101.728,101.8765,-0.14849999999999852,0.07280000000000392,0.008000000000000724,-0.2300000000000002,24.398000000000003,0.23983564013840836,0.2857142857142857,0
2023,United States Grand Prix,HAM,NOR,34,4,4.058,13.0,16.0,-3.0,HARD,99.655,99.964,-0.3089999999999975,0.061699999999997736,0.16960000000000186,-0.1980999999999994,24.398000000000003,0.24482464502533743,0.5892857142857143,0
2023,United States Grand Prix,RUS,SAI,17,4,2.28,16.0,16.0,0.0,MEDIUM,102.178,102.472,-0.29399999999999693,0.07050000000000155,-0.012599999999993271,-0.2447000000000001,24.398000000000003,0.23877938499481302,0.2857142857142857,0
2023,United States Grand Prix,PER,SAI,35,2,2.024,17.0,17.0,0.0,MEDIUM,99.6695,99.64600000000002,0.02349999999998431,-0.009199999999991057,0.0060000000000115,0.07339999999999974,24.398000000000003,0.24478902773666972,0.6071428571428571,0
2023,United States Grand Prix,GAS,PER,17,1,3.85,16.0,16.0,0.0,MEDIUM,102.436,102.171,0.26500000000000057,0.0057000000000028694,0.05450000000000507,0.3936000000000004,24.398000000000003,0.2381779843023937,0.2857142857142857,0
2023,United States Grand Prix,NOR,RUS,21,13,3.072,3.0,20.0,-17.0,HARD,100.253,101.989,-1.7360000000000042,0.11281967213114857,0.02179999999999537,-1.2961999999999876,24.398000000000003,0.24336428835047333,0.35714285714285715,1
2023,United States Grand Prix,RIC,GAS,18,4,7.511,17.0,17.0,0.0,MEDIUM,102.53049999999999,102.351,0.17949999999999022,0.06950000000001129,-0.0873999999999954,1.2943999999999958,24.398000000000003,0.23795846114083133,0.30357142857142855,0
2023,United States Grand Prix,ALO,GAS,37,5,7.107,17.0,18.0,-1.0,MEDIUM,99.6075,100.036,-0.42849999999999966,-0.08979999999999368,0.2508000000000004,0.26609999999999906,24.398000000000003,0.244941394975278,0.6428571428571429,0
2023,United States Grand Prix,TSU,STR,20,14,7.316,2.0,19.0,-17.0,HARD,101.768,102.481,-0.7129999999999939,0.12760655737705232,0.038299999999999765,1.2622999999999949,24.398000000000003,0.2397413725336059,0.3392857142857143,0
2023,United States Grand Prix,RIC,TSU,17,5,3.892,16.0,16.0,0.0,MEDIUM,102.53,102.6615,-0.13150000000000261,-0.054599999999996734,0.056399999999997445,-0.08399999999999969,24.398000000000003,0.23795962157417344,0.2857142857142857,0
2023,United States Grand Prix,ALO,TSU,34,8,2.351,14.0,16.0,-2.0,MEDIUM,99.89099999999999,100.542,-0.6510000000000105,-0.0600000000000033,-0.014900000000000156,-0.5702999999999981,24.398000000000003,0.244246228388944,0.5892857142857143,1
2023,United States Grand Prix,BOT,ALB,10,18,0.682,9.0,12.0,-3.0,MEDIUM,103.47200000000001,103.37049999999999,0.10150000000001569,0.01850000000001,-0.039399999999995904,0.06529999999999994,24.398000000000003,0.23579325807948046,0.16071428571428573,0
2023,United States Grand Prix,STR,ALB,29,11,3.118,8.0,18.0,-10.0,MEDIUM,100.61,101.474,-0.8640000000000043,-0.06320000000000656,-0.26090000000000263,0.6209000000000007,24.398000000000003,0.24250074545273834,0.5,1
2023,United States Grand Prix,STR,SAR,11,9,1.594,10.0,10.0,0.0,HARD,103.5295,103.73,-0.20050000000000523,0.10019999999998795,-0.07580000000000531,0.26860000000000017,24.398000000000003,0.23566229915144962,0.17857142857142858,0
2023,United States Grand Prix,HUL,SAR,32,2,0.823,12.0,20.0,-8.0,MEDIUM,100.543,101.4555,-0.9124999999999943,-0.3811999999999974,-0.1757000000000019,-0.07399999999999994,24.398000000000003,0.24266234347493115,0.5535714285714286,1
2023,United States Grand Prix,ZHO,HUL,19,8,8.28,9.0,18.0,-9.0,HARD,102.2115,102.531,-0.319500000000005,-0.13669999999998927,-0.13160000000000263,-0.2849000000000003,24.398000000000003,0.2387011246288334,0.32142857142857145,0
2023,United States Grand Prix,RIC,HUL,34,13,3.644,11.0,14.0,-3.0,HARD,101.4575,100.27,1.1875,-0.13360000000000102,0.04399999999999618,-3.7546999999999926,24.398000000000003,0.24047507577064292,0.5892857142857143,0
2023,United States Grand Prix,MAG,BOT,10,19,0.765,9.0,9.0,0.0,MEDIUM,103.40799999999999,103.47200000000001,-0.06400000000002137,0.03570000000000711,0.01850000000001,-0.043999999999999956,24.398000000000003,0.23593919232554547,0.16071428571428573,0
2023,United States Grand Prix,STR,BOT,28,12,0.656,7.0,17.0,-10.0,MEDIUM,100.80799999999999,102.0515,-1.2435000000000116,0.18479999999999086,-0.13279999999999004,-0.44429999999999725,24.398000000000003,0.24202444250456318,0.48214285714285715,1
2023,United States Grand Prix,RIC,ZHO,9,13,1.064,8.0,8.0,0.0,MEDIUM,103.3175,103.201,0.11650000000000205,-0.22110000000000318,-0.19460000000000685,0.06730000000000003,24.398000000000003,0.23614586105935592,0.14285714285714285,0
2023,United States Grand Prix,BOT,ZHO,27,1,0.779,16.0,17.0,-1.0,HARD,102.224,102.44550000000001,-0.22150000000000603,-0.12840000000000396,0.06270000000000248,-0.06900000000000008,24.398000000000003,0.23867193614024107,0.4642857142857143,1
2023,United States Grand Prix,ALO,MAG,10,9,0.637,9.0,9.0,0.0,MEDIUM,103.25450000000001,103.40799999999999,-0.15349999999997976,-0.06529999999998841,0.03570000000000711,0.038599999999999954,24.398000000000003,0.23628994377969,0.16071428571428573,1
2023,United States Grand Prix,PER,RIC,22,15,0.62,4.0,21.0,-17.0,MEDIUM,100.241,102.873,-2.632000000000005,-0.011999999999992909,0.2808000000000003,-0.8680999999999981,24.398000000000003,0.24339342185333349,0.375,1
2023,United States Grand Prix,STR,ALO,19,1,3.781,18.0,18.0,0.0,HARD,102.60050000000001,102.53999999999999,0.06050000000001887,0.14110000000000308,0.1680000000000037,0.17950000000000002,24.398000000000003,0.23779611210471685,0.32142857142857145,0
2023,United States Grand Prix,LEC,HAM,20,3,6.733,19.0,19.0,0.0,MEDIUM,101.751,101.65550000000002,0.09549999999998704,-0.022800000000002967,0.14309999999999326,0.0845000000000001,24.398000000000003,0.2397814272095606,0.3392857142857143,0
2023,United States Grand Prix,NOR,LEC,23,11,4.695,5.0,22.0,-17.0,HARD,100.0855,102.05449999999999,-1.968999999999994,-0.12210000000000432,0.14619999999999478,-0.12579999999999888,24.398000000000003,0.24377157530311588,0.39285714285714285,0
2023,Mexico City Grand Prix,NOR,TSU,9,2,0.763,8.0,8.0,0.0,SOFT,83.887,83.803,0.08400000000000318,,,0.08400000000000007,27.031,0.32223109659422794,0.11267605633802817,1
2023,Mexico City Grand Prix,GAS,HUL,23,5,0.868,22.0,22.0,0.0,MEDIUM,83.673,83.6785,-0.00549999999999784,-0.1687999999999993,-0.1601000000000048,-0.01749999999999995,27.031,0.32305522689517524,0.30985915492957744,0
2023,Mexico City Grand Prix,SAR,NOR,11,11,1.057,10.0,10.0,0.0,MEDIUM,83.941,83.892,0.049000000000006594,-0.04440000000000242,-0.009300000000000783,-0.24059999999999962,27.031,0.322023802432661,0.14084507042253522,0
2023,Mexico City Grand Prix,RIC,HAM,24,3,3.358,23.0,23.0,0.0,MEDIUM,83.05,82.948,0.10200000000000387,-0.099299999999998,-0.044899999999997546,0.043599999999999965,27.031,0.325478627332932,0.323943661971831,0
2023,Mexico City Grand Prix,GAS,RUS,26,2,13.891,25.0,25.0,0.0,MEDIUM,83.665,82.95750000000001,0.707499999999996,-0.05900000000000041,-0.11320000000000166,4.065700000000008,27.031,0.3230861172533317,0.352112676056338,0
2023,Mexico City Grand Prix,RUS,PIA,25,1,1.59,24.0,24.0,0.0,MEDIUM,82.979,83.0975,-0.11849999999999739,0.026500000000005682,0.08840000000000812,-0.062300000000000404,27.031,0.32575711927114087,0.3380281690140845,0
2023,São Paulo Grand Prix,NOR,VER,27,32,3.686,24.0,27.0,-3.0,SOFT,74.88,74.80850000000001,0.07149999999998613,-0.05220000000000012,0.007100000000000701,0.1549000000000002,23.968,0.3200854700854701,0.36619718309859156,0
2023,São Paulo Grand Prix,NOR,VER,56,3,7.675,28.0,28.0,0.0,MEDIUM,72.1875,72.084,0.10349999999999682,-0.08829999999999781,-0.047000000000000874,0.051499999999999074,23.968,0.33202424242424244,0.7746478873239436,0
2023,São Paulo Grand Prix,SAI,ALO,25,1,13.788,26.0,25.0,1.0,SOFT,75.6945,75.328,0.36650000000000205,-0.1418000000000016,0.029800000000000295,0.6450000000000014,23.968,0.3166412354926712,0.3380281690140845,0
2023,São Paulo Grand Prix,STR,ALO,47,5,8.601,24.0,21.0,3.0,MEDIUM,73.6645,73.127,0.5375000000000085,-0.040299999999999975,-0.15349999999999867,2.076800000000005,23.968,0.32536703568204495,0.647887323943662,0
2023,São Paulo Grand Prix,STR,PER,20,2,2.503,20.0,20.0,0.0,SOFT,76.30100000000002,75.993,0.30800000000002115,-0.04590000000000238,0.054399999999995736,0.4276999999999992,23.968,0.31412432340336294,0.2676056338028169,0
2023,São Paulo Grand Prix,STR,PER,46,6,5.108,23.0,25.0,-2.0,MEDIUM,73.6645,73.60399999999998,0.06050000000001887,0.08189999999999735,0.01849999999999485,0.08459999999999948,23.968,0.32536703568204495,0.6338028169014085,0
2023,São Paulo Grand Prix,SAI,STR,22,4,0.644,23.0,22.0,1.0,SOFT,76.0935,76.1215,-0.027999999999991587,-0.05540000000000171,-0.06670000000000695,-0.03129999999999993,23.968,0.3149809116415988,0.29577464788732394,0
2023,São Paulo Grand Prix,GAS,SAI,26,20,2.162,26.0,27.0,-1.0,SOFT,76.0325,75.6945,0.33799999999999386,0.06729999999999653,-0.03849999999999585,0.45520000000000094,23.968,0.3152336172031697,0.352112676056338,0
2023,São Paulo Grand Prix,TSU,GAS,26,29,3.665,23.0,26.0,-3.0,SOFT,75.51150000000001,76.0325,-0.5209999999999866,-0.058799999999996515,0.06729999999999653,-0.4599000000000009,23.968,0.31740860663607523,0.352112676056338,0
2023,São Paulo Grand Prix,TSU,GAS,46,9,2.88,19.0,19.0,0.0,MEDIUM,73.5315,73.9155,-0.38400000000000034,0.03699999999999214,0.03449999999999294,-0.8089999999999979,23.968,0.3259555428625827,0.6338028169014085,0
2023,São Paulo Grand Prix,PER,HAM,18,2,0.508,18.0,18.0,0.0,SOFT,76.03999999999999,76.292,-0.25200000000000955,-0.07150000000000076,0.02540000000000445,-0.18969999999999915,23.968,0.3152025249868491,0.23943661971830985,1
2023,São Paulo Grand Prix,PER,TSU,26,20,7.522,5.0,23.0,-18.0,MEDIUM,74.641,75.51150000000001,-0.8705000000000069,-0.10490000000000863,-0.058799999999996515,-0.6410000000000011,23.968,0.3211103816937072,0.352112676056338,1
2023,São Paulo Grand Prix,TSU,OCO,14,12,0.273,11.0,14.0,-3.0,SOFT,76.3895,76.564,-0.17449999999999477,-0.002199999999994291,0.24660000000000126,-0.13120000000000043,23.968,0.313760399007717,0.18309859154929578,0
2023,São Paulo Grand Prix,HUL,SAR,17,4,2.6,17.0,14.0,3.0,SOFT,78.2765,76.868,1.4085000000000036,0.27920000000000655,-0.10509999999999617,-22.6243,23.968,0.3061966235076939,0.22535211267605634,0
2023,São Paulo Grand Prix,OCO,SAR,44,7,3.588,15.0,26.0,-11.0,SOFT,73.42099999999999,74.4555,-1.0345000000000084,0.051599999999999493,0.02829999999999669,-1.0478999999999996,23.968,0.32644611214775066,0.6056338028169014,1
2023,São Paulo Grand Prix,HAM,HUL,21,25,3.028,2.0,21.0,-19.0,MEDIUM,75.787,76.70750000000001,-0.9205000000000041,0.07136929460580908,-0.5891000000000024,-2.3490999999999915,23.968,0.31625476664863367,0.28169014084507044,1
2023,São Paulo Grand Prix,STR,RUS,19,3,0.469,19.0,19.0,0.0,SOFT,76.33550000000001,76.3175,0.018000000000014893,-0.06299999999999627,-0.1996999999999984,-0.01970000000000001,23.968,0.3139823542126533,0.2535211267605634,1
2023,São Paulo Grand Prix,TSU,BOT,18,8,2.717,15.0,15.0,0.0,SOFT,76.452,76.5095,-0.05750000000000455,0.4296000000000022,-0.049799999999999345,0.3683999999999997,23.968,0.3135038978705593,0.23943661971830985,0
2023,São Paulo Grand Prix,SAR,ZHO,15,2,1.202,12.0,12.0,0.0,SOFT,76.8675,76.7695,0.09800000000001319,0.13020000000000304,0.14330000000000193,0.19649999999999967,23.968,0.3118092822063941,0.19718309859154928,0
2023,Las Vegas Grand Prix,LEC,VER,16,5,1.483,15.0,15.0,0.0,MEDIUM,97.848,98.08,-0.23199999999999932,-0.14525714285714006,0.11962857142857272,-0.1433000000000004,22.187,0.22674965252227947,0.3,1
2023,Las Vegas Grand Prix,OCO,GAS,17,3,4.226,16.0,16.0,0.0,MEDIUM,98.803,99.451,-0.6479999999999961,0.14760000000000012,0.37449999999999967,0.3368000000000001,22.187,0.22455795876643422,0.32,0
2023,Las Vegas Grand Prix,OCO,SAR,15,5,0.674,14.0,14.0,0.0,MEDIUM,98.656,98.937,-0.2809999999999917,-0.2189000000000042,-0.2594000000000104,-0.24439999999999962,22.187,0.2248925559519948,0.28,1
2023,Las Vegas Grand Prix,OCO,ALB,16,4,1.093,15.0,15.0,0.0,MEDIUM,98.656,98.977,-0.32099999999999795,-0.011857142857140384,0.13045714285714252,0.04970000000000007,22.187,0.2248925559519948,0.3,0
2023,Las Vegas Grand Prix,GAS,RUS,15,2,1.323,14.0,14.0,0.0,MEDIUM,98.654,98.248,0.4059999999999917,0.022699999999990852,-0.2497000000000076,0.3461999999999994,22.187,0.2248971151701908,0.28,0
2023,Las Vegas Grand Prix,HAM,PIA,16,1,0.575,15.0,16.0,-1.0,HARD,98.14999999999999,98.337,-0.18700000000001182,-0.28282857142857265,-0.18608571428571133,-0.12590000000000018,22.187,0.2260519612837494,0.3,0
2023,Abu Dhabi Grand Prix,LEC,VER,16,1,1.694,15.0,15.0,0.0,MEDIUM,89.8215,89.8165,0.0049999999999954525,-0.06330000000000145,-0.11610000000000348,0.07780000000000017,21.906,0.24388370267697598,0.25862068965517243,0
2023,Abu Dhabi Grand Prix,TSU,LEC,17,5,7.917,16.0,16.0,0.0,MEDIUM,90.0835,89.759,0.32450000000000045,-0.169699999999994,-0.05749999999999919,1.5528000000000004,21.906,0.24317438820649728,0.27586206896551724,0
2023,Abu Dhabi Grand Prix,PER,LEC,35,7,7.482,17.0,17.0,0.0,HARD,87.303,87.6705,-0.3675000000000068,-0.11099999999998748,-0.04529999999999318,1.5269999999999997,21.906,0.25091921239819936,0.5862068965517241,0
2023,Abu Dhabi Grand Prix,TSU,RUS,14,8,2.084,13.0,13.0,0.0,MEDIUM,90.655,90.2415,0.4134999999999991,0.04039999999999265,-0.0722000000000028,0.3502000000000013,21.906,0.24164138767856155,0.22413793103448276,0
2023,Abu Dhabi Grand Prix,PER,RUS,34,8,5.838,16.0,19.0,-3.0,HARD,87.442,87.65799999999999,-0.21599999999999397,-0.14000000000000024,-0.10360000000000454,1.079299999999997,21.906,0.2505203449143432,0.5689655172413793,0
2023,Abu Dhabi Grand Prix,GAS,PER,17,15,2.179,16.0,16.0,0.0,MEDIUM,90.94,90.4005,0.5395000000000039,-0.0614000000000036,0.02880000000000378,0.4019999999999999,21.906,0.2408840994062019,0.27586206896551724,0
2023,Abu Dhabi Grand Prix,RUS,NOR,14,20,2.056,13.0,13.0,0.0,MEDIUM,90.2415,90.4205,-0.17900000000000205,-0.0722000000000028,0.04469999999999307,0.04799999999999979,21.906,0.2427486245241934,0.22413793103448276,1
2023,Abu Dhabi Grand Prix,PER,NOR,33,9,3.505,15.0,18.0,-3.0,HARD,87.588,87.781,-0.19300000000001205,-0.006000000000005367,0.06999999999999271,-0.1460000000000009,21.906,0.2501027538018907,0.5517241379310345,0
2023,Abu Dhabi Grand Prix,TSU,PIA,13,9,0.402,12.0,12.0,0.0,MEDIUM,90.655,90.64150000000001,0.013499999999993406,0.07180000000000794,0.19370000000000487,-0.08639999999999975,21.906,0.24164138767856155,0.20689655172413793,0
2023,Abu Dhabi Grand Prix,GAS,ALO,12,5,0.97,11.0,11.0,0.0,MEDIUM,90.685,90.6405,0.04449999999999932,0.09220000000000686,0.06390000000001039,0.09330000000000015,21.906,0.24156144897171525,0.1896551724137931,0
2023,Abu Dhabi Grand Prix,STR,TSU,22,20,4.483,22.0,21.0,1.0,HARD,89.723,90.0935,-0.37050000000000693,0.1259999999999944,-0.08510000000000158,-0.5618999999999983,21.906,0.2441514438884121,0.3620689655172414,0
2023,Abu Dhabi Grand Prix,VER,STR,22,21,0.994,5.0,22.0,-17.0,HARD,88.3415,89.723,-1.3815000000000026,-0.2695000000000004,0.1259999999999944,-0.5537999999999975,21.906,0.24796952734558503,0.3620689655172414,1
2023,Abu Dhabi Grand Prix,BOT,RIC,7,22,0.675,6.0,6.0,0.0,HARD,91.14250000000001,91.0845,0.058000000000006935,-0.4178999999999856,-0.4178999999999871,0.08820000000000006,21.906,0.240348904188496,0.10344827586206896,0
2023,Abu Dhabi Grand Prix,STR,OCO,15,7,0.697,15.0,14.0,1.0,HARD,90.868,90.831,0.03699999999999193,0.08719999999999457,0.050400000000002394,-0.0469999999999999,21.906,0.24107496588457983,0.2413793103448276,0
2023,Abu Dhabi Grand Prix,STR,GAS,17,5,1.64,17.0,16.0,1.0,HARD,90.65199999999999,90.94,-0.2880000000000109,-0.14729999999999294,-0.0614000000000036,0.5133000000000005,21.906,0.24164938445925077,0.27586206896551724,1
2023,Abu Dhabi Grand Prix,PIA,ALB,16,20,4.967,2.0,16.0,-14.0,HARD,90.189,90.8955,-0.7065000000000055,0.1411648351648399,-0.13990000000000136,1.0913000000000022,21.906,0.24288993114459637,0.25862068965517243,1
2023,Abu Dhabi Grand Prix,BOT,HUL,13,16,0.829,12.0,12.0,0.0,HARD,91.1165,91.0875,0.028999999999996362,0.04180000000000551,0.04810000000000824,-0.012499999999999572,21.906,0.24041748750226358,0.20689655172413793,0
2023,Abu Dhabi Grand Prix,ALB,HUL,33,10,2.38,16.0,19.0,-3.0,HARD,88.7145,88.866,-0.15149999999999864,-0.12250000000000287,-0.32750000000000723,-0.3958000000000008,21.906,0.2469269397900005,0.5517241379310345,0
2023,Abu Dhabi Grand Prix,ALO,SAR,15,21,5.164,3.0,15.0,-12.0,HARD,90.199,91.224,-1.0250000000000057,0.13800000000000762,-0.0888000000000041,-2.424799999999995,21.906,0.24286300291577512,0.2413793103448276,1
2023,Abu Dhabi Grand Prix,ALB,ZHO,13,3,1.687,13.0,12.0,1.0,MEDIUM,91.2985,91.292,0.006500000000002615,0.04439999999999928,0.15130000000000607,0.046500000000000014,21.906,0.23993822461486222,0.20689655172413793,0
2023,Abu Dhabi Grand Prix,SAR,ZHO,37,4,1.038,21.0,23.0,-2.0,HARD,88.61250000000001,88.6465,-0.033999999999991815,-0.17429999999999368,-0.1287999999999929,-0.07329999999999937,21.906,0.2472111722386796,0.6206896551724138,0
2023,Abu Dhabi Grand Prix,RUS,SAI,23,11,0.773,8.0,22.0,-14.0,HARD,88.87449999999998,90.58250000000001,-1.7080000000000268,-0.034200000000008904,0.22249999999999573,-0.0574999999999997,21.906,0.24648239933839294,0.3793103448275862,1
2023,Abu Dhabi Grand Prix,SAR,MAG,5,10,0.629,5.0,4.0,1.0,MEDIUM,91.298,91.585,-0.28699999999999193,-1.1104999999999874,-0.7999999999999767,0.10200000000000002,21.906,0.2399395386536397,0.06896551724137931,0
2023,Abu Dhabi Grand Prix,ZHO,MAG,22,15,1.669,8.0,16.0,-8.0,HARD,89.902,90.858,-0.9560000000000031,-0.017800000000002595,-0.22249999999999723,-0.8978999999999976,21.906,0.2436653244644168,0.3620689655172414,1
2024,Bahrain Grand Prix,SAI,PER,12,2,1.689,14.0,14.0,0.0,SOFT,97.526,97.206,0.3199999999999932,-0.21828571428571253,-0.06702857142856843,0.3767000000000006,24.779,0.25407583618727314,0.19298245614035087,0
2024,Bahrain Grand Prix,ALO,SAI,14,1,9.935,16.0,16.0,0.0,SOFT,97.85000000000001,96.95700000000001,0.8930000000000007,-0.1452857142857055,-0.24228571428570678,2.2170000000000076,24.779,0.25323454266734796,0.22807017543859648,0
2024,Bahrain Grand Prix,SAI,LEC,11,3,0.649,13.0,13.0,0.0,SOFT,97.742,97.695,0.047000000000011255,0.016000000000008965,-0.12649999999998962,0.013399999999999902,24.779,0.25351435411593787,0.17543859649122806,1
2024,Bahrain Grand Prix,PER,RUS,11,1,1.154,13.0,13.0,0.0,SOFT,97.39699999999999,97.42099999999999,-0.02400000000000091,-0.12939999999999005,-0.10119999999998913,0.05790000000000016,24.779,0.2544123535632515,0.17543859649122806,1
2024,Bahrain Grand Prix,LEC,RUS,31,3,1.202,19.0,19.0,0.0,HARD,95.2025,95.256,-0.05349999999999966,0.019799999999998107,0.039099999999999496,-0.02769999999999974,24.779,0.26027677844594416,0.5263157894736842,0
2024,Bahrain Grand Prix,ALO,NOR,13,2,5.481,15.0,15.0,0.0,SOFT,97.924,97.542,0.382000000000005,-0.009199999999990055,-0.06260000000000393,1.1434999999999946,24.779,0.25304317634083573,0.21052631578947367,0
2024,Bahrain Grand Prix,PIA,NOR,33,1,4.127,20.0,19.0,1.0,HARD,95.38250000000001,95.2055,0.1770000000000067,0.027699999999995305,-0.028200000000003295,0.2639000000000013,24.779,0.2597856000838728,0.5614035087719298,0
2024,Bahrain Grand Prix,ALO,HAM,12,3,0.938,14.0,14.0,0.0,SOFT,97.924,97.78,0.14400000000000546,0.0946285714285763,0.029371428571432347,-0.2089000000000008,24.779,0.25304317634083573,0.19298245614035087,0
2024,Bahrain Grand Prix,ALO,HAM,33,8,11.466,17.0,20.0,-3.0,HARD,95.12899999999999,95.2285,-0.09950000000000614,-0.11769999999999357,0.0824999999999963,-0.014800000000000825,24.779,0.26047787740857153,0.5614035087719298,0
2024,Bahrain Grand Prix,HAM,PIA,12,21,2.277,14.0,14.0,0.0,SOFT,97.78,97.592,0.1880000000000024,0.029371428571432347,0.0488000000000039,0.4583000000000008,24.779,0.25341583145837593,0.19298245614035087,1
2024,Bahrain Grand Prix,ALO,PIA,34,7,13.378,18.0,21.0,-3.0,HARD,95.12899999999999,95.28,-0.15100000000001046,-0.03600000000000317,-0.08259999999999879,3.189799999999992,24.779,0.26047787740857153,0.5789473684210527,0
2024,Bahrain Grand Prix,ALB,ALO,15,21,4.672,14.0,17.0,-3.0,SOFT,98.1815,97.8405,0.340999999999994,-0.03149999999999436,-0.04120000000001007,0.901599999999998,24.779,0.25237952160030147,0.24561403508771928,0
2024,Bahrain Grand Prix,BOT,STR,9,3,0.959,8.0,8.0,0.0,SOFT,98.709,98.4445,0.2644999999999982,-0.14130000000000542,0.039999999999994415,-9.970599999999997,24.779,0.2510308077277654,0.14035087719298245,0
2024,Bahrain Grand Prix,MAG,STR,27,5,2.094,15.0,17.0,-2.0,HARD,96.7425,96.52,0.2225000000000108,-0.07410000000000043,-0.054599999999991176,0.23609999999999995,24.779,0.2561335504044241,0.45614035087719296,0
2024,Bahrain Grand Prix,SAR,ZHO,9,19,0.768,8.0,8.0,0.0,SOFT,98.7955,98.8425,-0.046999999999997044,0.245699999999992,0.2524999999999927,0.009400000000000018,24.779,0.2508110187204883,0.14035087719298245,0
2024,Bahrain Grand Prix,TSU,ZHO,28,6,0.86,13.0,18.0,-5.0,HARD,96.392,96.41749999999999,-0.02549999999999386,0.06179999999999452,9.999999999898008e-05,-0.07189999999999988,24.779,0.25706490165158935,0.47368421052631576,0
2024,Bahrain Grand Prix,RIC,MAG,11,2,2.648,13.0,10.0,3.0,SOFT,98.83399999999999,98.731,0.10299999999999443,0.1653000000000071,-0.05200000000000037,0.6851999999999993,24.779,0.25071331727947876,0.17543859649122806,0
2024,Bahrain Grand Prix,ALB,MAG,32,4,0.723,16.0,20.0,-4.0,HARD,96.19300000000001,96.20700000000001,-0.013999999999995794,-0.10320000000000297,-0.09779999999999793,-0.022399999999999854,24.779,0.2575967066210639,0.543859649122807,0
2024,Bahrain Grand Prix,ZHO,RIC,13,15,18.907,3.0,15.0,-12.0,HARD,96.0185,98.403,-2.3845000000000027,0.5790645161290314,-0.22069999999999365,5.514899999999976,24.779,0.25806485208579594,0.21052631578947367,0
2024,Bahrain Grand Prix,ALB,TSU,14,1,2.223,13.0,13.0,0.0,SOFT,98.205,98.104,0.10099999999999909,-0.009857142857141557,0.009628571428573016,0.07590000000000004,24.779,0.2523191283539535,0.22807017543859648,0
2024,Bahrain Grand Prix,ALB,TSU,34,2,7.089,18.0,19.0,-1.0,HARD,96.23750000000001,95.614,0.623500000000007,0.05189999999999452,-0.0818000000000058,0.8256999999999973,24.779,0.25747759449279123,0.5789473684210527,0
2024,Bahrain Grand Prix,RUS,ALB,15,16,4.951,3.0,14.0,-11.0,HARD,96.5815,98.1815,-1.5999999999999943,,-0.03149999999999436,0.19820000000000013,24.779,0.25656052142491054,0.24561403508771928,1
2024,Bahrain Grand Prix,BOT,HUL,20,10,0.799,7.0,18.0,-11.0,HARD,96.76500000000001,96.86700000000002,-0.10200000000000387,0.03200000000000393,-0.07060000000000559,-0.16319999999999948,24.779,0.25607399369606776,0.3333333333333333,0
2024,Bahrain Grand Prix,GAS,OCO,10,2,0.439,9.0,9.0,0.0,SOFT,98.815,98.791,0.02400000000000091,0.11340000000000908,0.1262000000000088,-0.002599999999999982,24.779,0.2507615240601123,0.15789473684210525,0
2024,Bahrain Grand Prix,BOT,GAS,12,18,1.672,11.0,11.0,0.0,SOFT,98.557,98.846,-0.2890000000000015,0.06917142857143223,-0.17874285714285218,0.2361,24.779,0.25141796117982484,0.19298245614035087,0
2024,Bahrain Grand Prix,ZHO,BOT,12,16,18.63,2.0,11.0,-9.0,HARD,97.47,98.557,-1.0870000000000033,0.611387096774194,0.06917142857143223,-3.6105000000000085,24.779,0.25422181183954035,0.19298245614035087,1
2024,Bahrain Grand Prix,GAS,BOT,30,1,0.85,17.0,17.0,0.0,HARD,96.795,96.839,-0.04399999999999693,0.038600000000005644,0.044100000000009014,0.016900000000000047,24.779,0.255994627821685,0.5087719298245614,1
2024,Saudi Arabian Grand Prix,ZHO,HUL,33,8,7.834,32.0,32.0,0.0,MEDIUM,92.98400000000001,92.3815,0.6025000000000063,-0.13159999999999833,-0.16490000000000327,0.6431000000000018,22.243,0.2392131979695431,0.64,0
2024,Australian Grand Prix,ALO,PER,35,6,0.89,18.0,20.0,-2.0,MEDIUM,80.5855,80.519,0.06649999999999068,0.11500000000000657,0.1141000000000025,0.04370000000000001,17.826,0.2212060482344839,0.5862068965517241,0
2024,Australian Grand Prix,RUS,ALO,41,4,3.896,32.0,24.0,8.0,HARD,79.93,80.3175,-0.38749999999998863,-0.09989999999999775,-0.07199999999999324,-0.4741000000000001,17.826,0.2230201426247967,0.6896551724137931,0
2024,Australian Grand Prix,NOR,LEC,34,6,2.319,20.0,24.0,-4.0,HARD,79.817,80.056,-0.23900000000000432,-0.1382000000000039,-0.18949999999999967,-0.22989999999999933,17.826,0.2233358808273927,0.5689655172413793,0
2024,Australian Grand Prix,TSU,STR,8,1,1.104,7.0,8.0,-1.0,MEDIUM,83.094,82.89850000000001,0.19549999999998136,-0.12969999999999923,-0.1410999999999968,0.10860000000000024,17.826,0.21452812477435196,0.1206896551724138,0
2024,Australian Grand Prix,GAS,STR,37,4,18.079,19.0,29.0,-10.0,HARD,81.02000000000001,81.14250000000001,-0.12250000000000227,-0.14300000000000332,-0.03979999999999548,4.694299999999964,17.826,0.22001974821031842,0.6206896551724138,0
2024,Australian Grand Prix,OCO,MAG,7,2,1.128,6.0,6.0,0.0,MEDIUM,83.48849999999999,83.53899999999999,-0.050499999999999545,-0.2100999999999844,-0.08219999999998891,0.15739999999999998,17.826,0.2135144361199447,0.10344827586206896,1
2024,Australian Grand Prix,ZHO,MAG,33,2,6.307,27.0,25.0,2.0,HARD,81.049,81.5115,-0.4624999999999915,-0.011200000000002711,-0.10120000000000451,-0.5404000000000017,17.826,0.21994102333156484,0.5517241379310345,0
2024,Australian Grand Prix,GAS,TSU,36,5,15.582,18.0,26.0,-8.0,HARD,81.14099999999999,81.227,-0.08600000000001273,0.015699999999996158,-0.08529999999999946,2.7511999999999994,17.826,0.21969164787222245,0.603448275862069,0
2024,Australian Grand Prix,OCO,ALB,6,3,0.782,5.0,5.0,0.0,MEDIUM,83.4915,83.572,-0.08050000000000068,-0.3321000000000014,-0.26580000000000525,0.07239999999999996,17.826,0.21350676416162123,0.08620689655172414,0
2024,Australian Grand Prix,HUL,ALB,27,8,0.307,9.0,20.0,-11.0,MEDIUM,81.2705,82.007,-0.7365000000000066,0.2700000000000027,0.02909999999999826,-0.5620000000000006,17.826,0.2193415815086655,0.4482758620689655,1
2024,Australian Grand Prix,GAS,ZHO,35,6,0.641,17.0,29.0,-12.0,HARD,81.078,81.10300000000001,-0.025000000000005684,-0.0049999999999922875,-0.005199999999997181,-0.00900000000000006,17.826,0.21986235476948124,0.5862068965517241,1
2024,Australian Grand Prix,ZHO,RIC,5,1,0.671,4.0,4.0,0.0,SOFT,83.786,83.906,-0.12000000000000455,-0.27849999999999653,-0.4284999999999778,-0.18750000000000003,17.826,0.21275630773637602,0.06896551724137931,0
2024,Australian Grand Prix,ZHO,RIC,29,6,4.357,23.0,23.0,0.0,HARD,81.47299999999998,82.0985,-0.6255000000000166,-0.09100000000000198,0.08500000000000318,-0.5092000000000002,17.826,0.21879641108097167,0.4827586206896552,0
2024,Australian Grand Prix,OCO,BOT,8,1,2.973,7.0,8.0,-1.0,MEDIUM,83.4555,83.334,0.1214999999999975,-0.11210000000000447,-0.028100000000003275,0.6617000000000014,17.826,0.2135988640652803,0.1206896551724138,1
2024,Australian Grand Prix,OCO,BOT,36,6,1.022,19.0,28.0,-9.0,HARD,81.0385,81.124,-0.08549999999999613,0.2579999999999985,0.37979999999999897,-0.2293999999999997,17.826,0.21996952065993325,0.603448275862069,0
2024,Japanese Grand Prix,LEC,VER,16,10,17.036,14.0,15.0,-1.0,MEDIUM,97.7495,97.01599999999999,0.7335000000000065,-0.2960000000000024,-0.031300000000003776,4.0322000000000084,23.814999999999998,0.24363295975938495,0.2830188679245283,0
2024,Japanese Grand Prix,SAI,VER,34,2,16.651,19.0,17.0,2.0,MEDIUM,95.168,94.9945,0.1735000000000042,-0.0420000000000077,0.022700000000008918,1.8011999999999964,23.814999999999998,0.2502416778749159,0.6226415094339622,0
2024,Japanese Grand Prix,SAI,PER,15,21,4.248,13.0,14.0,-1.0,MEDIUM,97.61,97.5245,0.08549999999999613,-0.01700000000000581,0.043699999999997366,-0.04409999999999957,23.814999999999998,0.2439811494723901,0.2641509433962264,0
2024,Japanese Grand Prix,SAI,PER,33,3,5.094,18.0,17.0,1.0,MEDIUM,95.168,95.2165,-0.048499999999989996,-0.0383000000000078,0.02650000000000228,-0.037800000000000465,23.814999999999998,0.2502416778749159,0.6037735849056604,0
2024,Japanese Grand Prix,LEC,SAI,15,11,7.574,13.0,13.0,0.0,MEDIUM,97.983,97.61,0.37300000000000466,-0.22220000000001117,-0.01700000000000581,1.4531999999999972,23.814999999999998,0.2430523662267944,0.2641509433962264,0
2024,Japanese Grand Prix,PER,LEC,26,7,0.693,10.0,24.0,-14.0,MEDIUM,95.7065,96.4135,-0.7069999999999936,0.14309999999999176,-0.08729999999999696,-0.5581000000000012,23.814999999999998,0.24883367378391225,0.4716981132075472,1
2024,Japanese Grand Prix,SAI,NOR,11,4,1.065,9.0,10.0,-1.0,MEDIUM,97.42699999999999,97.42099999999999,0.006000000000000227,0.07600000000000824,0.010699999999992965,-0.02589999999999999,23.814999999999998,0.24443942644236197,0.18867924528301888,0
2024,Japanese Grand Prix,SAI,NOR,26,10,3.474,11.0,14.0,-3.0,MEDIUM,95.37450000000001,96.55,-1.1754999999999853,-0.2499999999999981,-0.06719999999999951,0.5283000000000012,23.814999999999998,0.24969986736496647,0.4716981132075472,0
2024,Japanese Grand Prix,LEC,ALO,13,13,1.985,11.0,12.0,-1.0,MEDIUM,98.3285,98.26350000000001,0.06499999999999773,0.22760000000000855,-0.0004999999999871614,0.2317999999999986,23.814999999999998,0.24219834534239815,0.22641509433962265,0
2024,Japanese Grand Prix,SAI,RUS,22,14,0.461,7.0,20.0,-13.0,MEDIUM,96.3845,97.749,-1.3644999999999925,0.303799999999999,-0.23340000000000452,0.015600000000001852,23.814999999999998,0.24708329658814432,0.39622641509433965,1
2024,Japanese Grand Prix,HAM,RUS,37,2,3.537,13.0,14.0,-1.0,HARD,94.4,94.3475,0.052500000000009095,-0.1379999999999988,-0.10949999999999453,0.03269999999999989,23.814999999999998,0.2522775423728813,0.6792452830188679,0
2024,Japanese Grand Prix,LEC,PIA,12,14,0.6,10.0,11.0,-1.0,MEDIUM,98.088,98.22,-0.132000000000005,0.2495999999999908,0.22670000000000648,-0.19850000000000026,23.814999999999998,0.24279218660794388,0.20754716981132076,0
2024,Japanese Grand Prix,ALO,HAM,23,10,0.464,9.0,21.0,-12.0,MEDIUM,96.3515,97.82,-1.4684999999999917,0.14940000000001025,-0.030199999999999172,-0.11419999999999922,23.814999999999998,0.24716792162031725,0.41509433962264153,0
2024,Japanese Grand Prix,OCO,TSU,7,12,2.27,5.0,8.0,-3.0,HARD,100.005,98.91900000000001,1.0859999999999843,-11.931300000000006,-0.17349999999999677,0.9194999999999991,23.814999999999998,0.23813809309534523,0.11320754716981132,0
2024,Japanese Grand Prix,STR,TSU,22,12,0.634,9.0,14.0,-5.0,MEDIUM,98.17150000000001,98.25049999999999,-0.07899999999997931,0.2765000000000102,0.24359999999999843,-0.04410000000000026,23.814999999999998,0.24258567914313212,0.39622641509433965,0
2024,Japanese Grand Prix,SAR,HUL,5,17,1.123,3.0,4.0,-1.0,HARD,116.35600000000001,100.185,16.171000000000006,,,,23.814999999999998,0.20467358795420945,0.07547169811320754,0
2024,Japanese Grand Prix,OCO,STR,12,7,6.665,10.0,10.0,0.0,HARD,99.7445,98.425,1.319500000000005,0.09299999999999584,0.0769999999999993,1.3638000000000017,23.814999999999998,0.23876003188145709,0.20754716981132076,0
2024,Japanese Grand Prix,HUL,STR,22,11,1.303,16.0,9.0,7.0,HARD,97.953,98.17150000000001,-0.2185000000000059,0.11729999999999804,0.2765000000000102,-0.2812999999999991,23.814999999999998,0.24312680571294393,0.39622641509433965,0
2024,Japanese Grand Prix,STR,BOT,6,6,0.596,4.0,5.0,-1.0,SOFT,99.3195,99.27300000000001,0.04649999999999466,,-25.418999999999997,-3.9329999999999985,23.814999999999998,0.2397817145676327,0.09433962264150944,0
2024,Japanese Grand Prix,SAR,BOT,22,12,0.916,20.0,15.0,5.0,HARD,98.3775,98.0565,0.32099999999999795,-0.11790000000000646,0.11309999999999594,-0.07309999999999951,23.814999999999998,0.2420777108586821,0.39622641509433965,0
2024,Japanese Grand Prix,HUL,OCO,19,14,0.485,13.0,17.0,-4.0,HARD,98.357,99.834,-1.4770000000000039,-0.12240000000000413,-0.0761999999999908,0.017000000000000026,23.814999999999998,0.2421281657634942,0.33962264150943394,1
2024,Chinese Grand Prix,RIC,GAS,11,3,1.177,10.0,10.0,0.0,MEDIUM,103.2515,103.0805,0.17099999999999227,-0.1431000000000035,-0.040900000000009144,0.09680000000000014,22.924500000000002,0.22202583013321844,0.17857142857142858,1
2024,Chinese Grand Prix,ZHO,GAS,38,2,0.716,14.0,14.0,0.0,HARD,99.34700000000001,99.02100000000002,0.3259999999999934,-0.30829999999999624,-0.27930000000000066,0.1661999999999998,22.924500000000002,0.2307518093148258,0.6607142857142857,0
2024,Chinese Grand Prix,PIA,ALO,11,5,1.357,10.0,10.0,0.0,MEDIUM,102.1385,102.6035,-0.4650000000000034,0.006999999999989198,-0.0061000000000050476,0.15860000000000027,22.924500000000002,0.224445238573114,0.17857142857142858,0
2024,Chinese Grand Prix,HAM,TSU,8,1,0.666,7.0,7.0,0.0,SOFT,103.1995,103.37950000000001,-0.18000000000000682,0.21240000000000067,0.15739999999999793,-0.03710000000000027,22.924500000000002,0.2221377041555434,0.125,0
2024,Chinese Grand Prix,GAS,ALB,9,2,0.727,8.0,8.0,0.0,MEDIUM,103.2395,103.089,0.15050000000000807,0.1217999999999957,0.13709999999999595,0.10169999999999996,22.924500000000002,0.22205163721250104,0.14285714285714285,0
2024,Chinese Grand Prix,SAR,ZHO,8,4,0.556,7.0,7.0,0.0,SOFT,103.55850000000001,103.7305,-0.17199999999999704,-0.0250000000000028,0.026200000000005195,-0.12400000000000075,22.924500000000002,0.22136763278726518,0.125,0
2024,Chinese Grand Prix,BOT,HUL,8,1,0.499,7.0,7.0,0.0,MEDIUM,102.8395,103.07400000000001,-0.23450000000001125,0.031100000000003663,0.3358000000000017,-0.06310000000000032,22.924500000000002,0.22291531950272028,0.125,0
2024,Miami Grand Prix,GAS,STR,11,1,0.876,10.0,11.0,-1.0,MEDIUM,93.681,93.64099999999999,0.04000000000000625,0.048599999999994446,0.06080000000000775,0.03839999999999999,22.648000000000003,0.24175659952391632,0.17543859649122806,1
2024,Emilia Romagna Grand Prix,LEC,VER,24,1,8.223,23.0,23.0,0.0,MEDIUM,80.55850000000001,80.3965,0.16200000000000614,0.017300000000004336,0.052500000000003315,0.8612000000000007,30.2,0.3748828491096532,0.36507936507936506,0
2024,Emilia Romagna Grand Prix,LEC,NOR,22,3,1.651,21.0,21.0,0.0,MEDIUM,80.549,80.62700000000001,-0.07800000000000296,-0.06820000000000007,0.021599999999997076,-0.05559999999999969,30.2,0.3749270630299569,0.3333333333333333,0
2024,Emilia Romagna Grand Prix,SAI,LEC,25,2,4.272,24.0,24.0,0.0,MEDIUM,80.5145,80.483,0.03149999999999409,-0.13279999999999662,-0.06699999999999427,0.02500000000000077,30.2,0.37508771711927663,0.38095238095238093,0
2024,Emilia Romagna Grand Prix,HAM,PIA,23,4,4.799,22.0,22.0,0.0,MEDIUM,80.92750000000001,80.782,0.14550000000001262,-0.06770000000000317,-0.04560000000000263,0.7661000000000007,30.2,0.3731735195082017,0.3492063492063492,0
2024,Emilia Romagna Grand Prix,HAM,RUS,21,6,1.508,20.0,20.0,0.0,MEDIUM,80.8945,81.0005,-0.10600000000000875,-0.04560000000000512,0.030499999999998396,-0.1354999999999995,30.2,0.3733257514416926,0.31746031746031744,0
2024,Emilia Romagna Grand Prix,PER,TSU,12,25,1.541,11.0,11.0,0.0,HARD,81.9375,81.7645,0.17300000000000182,-0.1448999999999946,-0.07049999999999257,0.2196000000000002,30.2,0.36857360793287564,0.1746031746031746,0
2024,Emilia Romagna Grand Prix,PER,HUL,13,24,2.067,12.0,12.0,0.0,HARD,81.86600000000001,81.882,-0.015999999999991132,-0.08749999999999093,0.05570000000000552,0.34819999999999857,30.2,0.36889551217843786,0.19047619047619047,1
2024,Emilia Romagna Grand Prix,OCO,RIC,11,14,1.461,10.0,10.0,0.0,MEDIUM,82.19749999999999,81.941,0.2564999999999884,0.2254999999999969,-0.04410000000000173,0.1388,30.2,0.367407767876152,0.15873015873015872,0
2024,Emilia Romagna Grand Prix,MAG,OCO,25,12,1.429,24.0,24.0,0.0,MEDIUM,81.458,82.006,-0.5480000000000018,-0.037699999999994946,-0.046799999999998856,-0.7687999999999997,30.2,0.37074320508728426,0.38095238095238093,0
2024,Emilia Romagna Grand Prix,MAG,GAS,8,29,0.454,7.0,7.0,0.0,MEDIUM,82.235,82.1575,0.07750000000000057,-0.13439999999999058,-0.15630000000000033,-0.025700000000000032,30.2,0.36724022618106644,0.1111111111111111,1
2024,Emilia Romagna Grand Prix,ZHO,BOT,8,25,1.042,7.0,7.0,0.0,HARD,82.4625,82.366,0.09650000000000603,-0.052300000000000714,-0.1388999999999968,0.05599999999999993,30.2,0.36622707291192963,0.1111111111111111,0
2024,Emilia Romagna Grand Prix,GAS,ALB,8,22,0.737,7.0,7.0,0.0,SOFT,82.1575,82.137,0.02049999999999841,-0.15630000000000033,-0.10499999999999489,0.06689999999999995,30.2,0.3675866475976022,0.1111111111111111,1
2024,Monaco Grand Prix,SAR,BOT,15,42,0.506,14.0,13.0,1.0,HARD,80.727,80.7095,0.017499999999998295,-0.2073000000000028,-0.20890000000000672,0.0015999999999999554,2369.483,29.351802990325417,0.1794871794871795,0
2024,Canadian Grand Prix,PER,GAS,40,3,1.456,14.0,14.0,0.0,INTERMEDIATE,84.88499999999999,85.196,-0.31100000000000705,-0.5306000000000017,-0.35189999999999716,0.22680000000000097,24.7095,0.29109383283265594,0.5571428571428572,1
2024,Canadian Grand Prix,HUL,PER,43,1,3.915,17.0,17.0,0.0,INTERMEDIATE,83.955,83.373,0.5819999999999936,-0.08974285714285413,-0.3898857142857136,1.0493999999999981,24.7095,0.2943183848490262,0.6,0
2024,Canadian Grand Prix,HUL,MAG,41,3,0.336,15.0,15.0,0.0,INTERMEDIATE,84.32900000000001,84.9305,-0.6014999999999873,-0.12659999999999952,-0.48790000000000344,-0.26329999999999976,24.7095,0.293013079723464,0.5714285714285714,1
2024,Canadian Grand Prix,ALO,HAM,43,1,12.886,17.0,17.0,0.0,INTERMEDIATE,83.13900000000001,81.83,1.3090000000000117,-0.6229999999999996,-0.32211428571428585,1.2803999999999984,24.7095,0.29720708692671305,0.6,0
2024,Canadian Grand Prix,NOR,RUS,45,2,0.509,18.0,19.0,-1.0,INTERMEDIATE,81.538,81.616,-0.07800000000000296,-0.12051428571428842,-0.21554285714285362,-0.269300000000001,24.7095,0.3030427530721872,0.6285714285714286,0
2024,Canadian Grand Prix,SAI,BOT,42,1,1.449,16.0,41.0,-25.0,INTERMEDIATE,84.493,84.10799999999999,0.3850000000000051,-0.3476999999999964,-0.4246999999999964,0.3501999999999982,24.7095,0.2924443445019114,0.5857142857142857,1
2024,Spanish Grand Prix,NOR,VER,17,6,5.557,16.0,19.0,-3.0,SOFT,80.66749999999999,80.1925,0.4749999999999943,-0.22869999999999768,-0.06460000000000951,1.0030000000000006,22.293,0.2763566492081694,0.24242424242424243,0
2024,Spanish Grand Prix,NOR,VER,44,3,5.536,20.0,26.0,-6.0,MEDIUM,76.8905,77.49600000000001,-0.6055000000000064,-0.02960000000000238,0.024399999999997948,-0.5869999999999996,22.293,0.2899317861114182,0.6515151515151515,0
2024,Spanish Grand Prix,LEC,NOR,23,1,5.444,22.0,22.0,0.0,SOFT,80.045,79.612,0.43300000000000693,0.0842999999999942,0.06039999999999627,0.4525000000000002,22.293,0.2785058404647386,0.3333333333333333,0
2024,Spanish Grand Prix,LEC,HAM,16,8,1.621,15.0,18.0,-3.0,SOFT,80.798,80.797,0.0010000000000047748,-0.014300000000006877,0.10360000000000176,0.19210000000000035,22.293,0.2759102948092774,0.22727272727272727,0
2024,Spanish Grand Prix,LEC,HAM,43,4,3.786,18.0,26.0,-8.0,MEDIUM,77.17000000000002,77.608,-0.4379999999999882,-0.014499999999996925,0.006499999999998168,-0.3015999999999997,22.293,0.2888816897758196,0.6363636363636364,0
2024,Spanish Grand Prix,NOR,RUS,15,8,1.085,14.0,17.0,-3.0,SOFT,80.6685,80.636,0.03249999999999886,0.039099999999998754,0.00220000000000042,0.07569999999999998,22.293,0.2763532233771547,0.21212121212121213,0
2024,Spanish Grand Prix,NOR,RUS,36,11,0.553,12.0,20.0,-8.0,MEDIUM,77.99449999999999,78.255,-0.2605000000000075,0.0023000000000066383,0.2855000000000045,-0.17139999999999989,22.293,0.2858278468353538,0.5303030303030303,1
2024,Spanish Grand Prix,VER,LEC,24,20,6.857,6.0,23.0,-17.0,MEDIUM,78.594,80.1825,-1.5885000000000105,-0.10939999999998613,0.09159999999999863,-0.423500000000003,22.293,0.2836476066875334,0.3484848484848485,1
2024,Spanish Grand Prix,LEC,SAI,15,9,0.915,14.0,14.0,0.0,SOFT,80.81049999999999,80.828,-0.017500000000012506,0.03289999999999648,0.026199999999997236,0.015100000000000025,22.293,0.27586761621323963,0.21212121212121213,0
2024,Spanish Grand Prix,LEC,SAI,36,11,1.846,11.0,20.0,-9.0,MEDIUM,77.5435,78.191,-0.647500000000008,0.0243000000000113,-0.045000000000001796,-0.6325000000000001,22.293,0.28749024740951856,0.5303030303030303,0
2024,Spanish Grand Prix,VER,PIA,21,23,3.081,3.0,23.0,-20.0,MEDIUM,78.67999999999999,80.6395,-1.9595000000000056,0.09707142857142635,-0.005400000000000943,-3.626599999999984,22.293,0.2833375699034062,0.30303030303030304,1
2024,Spanish Grand Prix,STR,PER,13,4,4.697,12.0,15.0,-3.0,SOFT,81.3455,81.1085,0.23699999999999477,-0.07269999999999377,-0.04310000000000056,0.21099999999999972,22.293,0.2740532666220012,0.18181818181818182,0
2024,Spanish Grand Prix,HUL,PER,31,7,6.398,18.0,20.0,-2.0,MEDIUM,79.38,79.523,-0.14300000000000068,-0.061899999999996985,0.08500000000000354,2.26619999999999,22.293,0.2808390022675737,0.45454545454545453,0
2024,Spanish Grand Prix,PIA,GAS,14,7,1.126,16.0,16.0,0.0,SOFT,81.07600000000001,80.93350000000001,0.1424999999999983,-0.01599999999999738,-0.07089999999999663,0.17370000000000022,22.293,0.27496423109181506,0.19696969696969696,0
2024,Spanish Grand Prix,PER,OCO,13,18,3.206,15.0,15.0,0.0,SOFT,81.1085,81.2285,-0.11999999999999034,-0.04310000000000056,-0.03029999999999964,0.1961999999999991,22.293,0.274854053520901,0.18181818181818182,0
2024,Spanish Grand Prix,HUL,OCO,37,1,4.112,24.0,23.0,1.0,MEDIUM,79.15,79.4085,-0.25849999999999795,-0.13879999999999687,0.009700000000001588,-0.14389999999999914,22.293,0.28165508528111177,0.5454545454545454,0
2024,Spanish Grand Prix,PER,HUL,12,1,0.828,14.0,11.0,3.0,SOFT,81.1085,81.3245,-0.21599999999999397,-0.04720000000000139,-0.0026999999999901716,-0.06010000000000022,22.293,0.274854053520901,0.16666666666666666,1
2024,Spanish Grand Prix,PER,HUL,38,11,4.286,6.0,25.0,-19.0,MEDIUM,76.9825,78.974,-1.991500000000002,-0.042799999999991664,-0.15829999999999744,-0.5506999999999989,22.293,0.2895852953593349,0.5606060606060606,1
2024,Spanish Grand Prix,GAS,ALO,19,19,4.509,4.0,18.0,-14.0,MEDIUM,79.19500000000001,81.358,-2.1629999999999967,0.14050000000000284,0.14520000000000044,-1.065900000000005,22.293,0.28149504387903274,0.2727272727272727,1
2024,Spanish Grand Prix,TSU,ZHO,9,18,1.069,8.0,8.0,0.0,SOFT,83.012,82.3435,0.6684999999999945,0.128999999999995,-0.052900000000004846,0.15079999999999996,22.293,0.26855153471787213,0.12121212121212122,0
2024,Spanish Grand Prix,ALO,STR,17,2,1.558,16.0,16.0,0.0,SOFT,80.997,81.023,-0.02599999999999625,0.2613000000000038,-0.14990000000000192,-0.16739999999999994,22.293,0.275232416015408,0.24242424242424243,0
2024,Spanish Grand Prix,ALO,STR,37,8,1.232,18.0,20.0,-2.0,MEDIUM,79.0635,79.1585,-0.09499999999999886,-0.028299999999997823,0.07849999999999888,-0.3025999999999964,22.293,0.28196323208560203,0.5454545454545454,1
2024,Spanish Grand Prix,ALB,RIC,16,2,3.275,15.0,15.0,0.0,MEDIUM,81.467,81.191,0.27599999999999625,-0.01550000000000795,0.007700000000000002,0.29740000000000066,22.293,0.27364454318926684,0.22727272727272727,0
2024,Spanish Grand Prix,ALO,BOT,11,8,0.825,10.0,10.0,0.0,SOFT,81.98,81.85499999999999,0.1250000000000142,-0.39530000000000476,-0.06820000000000581,-0.21600000000000016,22.293,0.27193217858014146,0.15151515151515152,0
2024,Spanish Grand Prix,ALO,BOT,28,17,0.251,9.0,19.0,-10.0,MEDIUM,79.70349999999999,81.47749999999999,-1.774000000000001,0.07570000000000437,0.296699999999992,-0.2882999999999984,22.293,0.2796991349187928,0.4090909090909091,1
2024,Spanish Grand Prix,RIC,MAG,10,6,3.606,9.0,9.0,0.0,SOFT,82.61500000000001,81.936,0.679000000000002,-0.1621999999999904,-0.25499999999999534,0.9446999999999993,22.293,0.2698420383707559,0.13636363636363635,0
2024,Spanish Grand Prix,RIC,MAG,29,13,1.514,12.0,18.0,-6.0,MEDIUM,79.80950000000001,80.243,-0.4334999999999809,0.07810000000000375,-0.02280000000000169,-0.5739000000000002,22.293,0.2793276489640957,0.42424242424242425,0
2024,Spanish Grand Prix,PER,ALB,18,13,0.395,7.0,17.0,-10.0,SOFT,79.412,82.1155,-2.703499999999991,0.06350000000000683,0.322900000000008,-2.7422999999999944,22.293,0.2807258348864151,0.25757575757575757,1
2024,Spanish Grand Prix,RIC,TSU,9,7,0.648,8.0,8.0,0.0,SOFT,82.689,83.012,-0.3230000000000075,0.12329999999999938,0.128999999999995,0.07720000000000003,22.293,0.26960055146391904,0.12121212121212122,0
2024,Spanish Grand Prix,ALB,TSU,27,16,2.26,8.0,17.0,-9.0,SOFT,79.69900000000001,80.32050000000001,-0.6214999999999975,0.12289999999999351,-0.41509999999999875,0.025599999999999967,22.293,0.27971492741439663,0.3939393939393939,1
2024,Spanish Grand Prix,ZHO,SAR,14,27,10.239,4.0,13.0,-9.0,MEDIUM,79.589,82.131,-2.5420000000000016,0.19700000000001838,-0.04040000000000297,-2.339500000000003,22.293,0.2801015215670507,0.19696969696969696,1
2024,Austrian Grand Prix,SAI,RUS,22,25,2.727,21.0,21.0,0.0,MEDIUM,70.531,70.3575,0.1735000000000042,-0.0207000000000017,-0.0032000000000001597,0.22049999999999934,21.668,0.3072124314131375,0.29577464788732394,0
2024,Austrian Grand Prix,SAI,RUS,46,1,3.92,23.0,23.0,0.0,HARD,68.316,68.422,-0.10599999999999454,0.03819999999999611,0.04279999999999901,-0.0069999999999999585,21.668,0.3171731366005035,0.6338028169014085,0
2024,Austrian Grand Prix,RUS,PIA,25,21,12.505,2.0,24.0,-22.0,MEDIUM,69.2475,69.9645,-0.7169999999999987,0.12110787172011643,-0.20779999999999804,-3.362299999999992,21.668,0.3129066031264666,0.3380281690140845,0
2024,Austrian Grand Prix,HAM,PIA,51,2,1.049,29.0,25.0,4.0,HARD,68.14,67.62700000000001,0.512999999999991,-0.08320000000000191,-0.10830000000000323,-5.9882999999999855,21.668,0.3179923686527737,0.704225352112676,0
2024,Austrian Grand Prix,PIA,SAI,22,3,3.805,21.0,21.0,0.0,MEDIUM,70.572,70.531,0.04099999999999682,0.018400000000000253,-0.0207000000000017,0.6330999999999968,21.668,0.307033951142096,0.29577464788732394,0
2024,Austrian Grand Prix,HAM,SAI,47,6,3.001,25.0,24.0,1.0,HARD,68.1305,68.281,-0.15050000000000807,-0.07269999999999995,0.00020000000000043125,-0.01770000000000026,21.668,0.3180367089629461,0.647887323943662,0
2024,Austrian Grand Prix,PIA,HAM,21,4,1.638,20.0,20.0,0.0,MEDIUM,70.5355,70.6385,-0.10299999999999443,0.010199999999996736,0.061399999999994674,-0.11939999999999955,21.668,0.3071928319782237,0.28169014084507044,0
2024,Austrian Grand Prix,NOR,VER,23,28,5.928,22.0,22.0,0.0,MEDIUM,70.119,70.2885,-0.16949999999999932,-0.09390000000000119,-0.04750000000000056,-0.02899999999999925,21.668,0.3090175273463683,0.30985915492957744,0
2024,Austrian Grand Prix,OCO,HUL,11,8,0.809,10.0,10.0,0.0,MEDIUM,71.199,71.21199999999999,-0.012999999999991019,0.07759999999999316,0.07019999999999658,-0.07819999999999994,21.668,0.30433011699602525,0.14084507042253522,0
2024,Austrian Grand Prix,OCO,HUL,39,4,8.033,19.0,27.0,-8.0,HARD,69.42750000000001,69.572,-0.14449999999999363,-0.28040000000000553,-0.06490000000000165,1.1520999999999955,21.668,0.3120953512657088,0.5352112676056338,0
2024,Austrian Grand Prix,TSU,PER,21,23,11.074,20.0,20.0,0.0,MEDIUM,71.446,70.8075,0.6384999999999934,-0.011200000000001813,-0.04270000000000423,2.0992999999999915,21.668,0.303278000167959,0.28169014084507044,0
2024,Austrian Grand Prix,GAS,MAG,10,10,0.704,9.0,9.0,0.0,MEDIUM,71.07,71.1015,-0.0315000000000083,0.09070000000000457,0.11370000000000226,-0.0005999999999999424,21.668,0.3048825102012101,0.1267605633802817,0
2024,Austrian Grand Prix,OCO,MAG,38,5,3.543,18.0,27.0,-9.0,HARD,69.72800000000001,69.7205,0.00750000000000739,-0.09310000000000242,0.01270000000000193,0.5627999999999982,21.668,0.31075034419458464,0.5211267605633803,0
2024,Austrian Grand Prix,TSU,RIC,10,11,1.747,9.0,9.0,0.0,MEDIUM,71.1575,70.98349999999999,0.1740000000000066,-0.007899999999994724,0.08120000000000198,0.17689999999999984,21.668,0.3045076063661596,0.1267605633802817,0
2024,Austrian Grand Prix,OCO,RIC,37,6,2.026,17.0,26.0,-9.0,HARD,69.8105,69.83850000000001,-0.028000000000005798,-0.04449999999999628,0.0001999999999980851,0.3931999999999961,21.668,0.31038310855816814,0.5070422535211268,0
2024,Austrian Grand Prix,TSU,GAS,20,1,3.084,19.0,19.0,0.0,MEDIUM,71.446,71.369,0.07699999999999818,-0.0109000000000003,0.020499999999998197,0.06859999999999983,21.668,0.303278000167959,0.2676056338028169,0
2024,Austrian Grand Prix,OCO,GAS,42,1,0.579,22.0,21.0,1.0,HARD,69.68799999999999,69.372,0.3159999999999883,0.21429999999999919,0.04360000000000318,-0.8630999999999942,21.668,0.31092871082539325,0.5774647887323944,0
2024,Austrian Grand Prix,SAR,LEC,16,4,17.236,20.0,14.0,6.0,MEDIUM,71.868,70.77449999999999,1.093500000000006,-0.023099999999999826,0.18069999999999134,-0.8145999999999999,21.668,0.30149718929147884,0.2112676056338028,0
2024,Austrian Grand Prix,ZHO,LEC,33,18,23.036,4.0,16.0,-12.0,MEDIUM,69.08800000000001,68.787,0.30100000000000193,0.5880000000000101,-0.22219999999999787,-5.148500000000007,21.668,0.3136289949050486,0.4507042253521127,0
2024,Austrian Grand Prix,GAS,OCO,19,1,1.33,18.0,18.0,0.0,MEDIUM,71.369,71.307,0.06199999999999761,0.07050000000000264,-0.012899999999998999,0.025800000000000177,21.668,0.3036052067424232,0.2535211267605634,0
2024,Austrian Grand Prix,TSU,OCO,43,1,2.421,21.0,23.0,-2.0,HARD,69.287,69.68799999999999,-0.40099999999998204,0.004400000000004556,0.04839999999999954,0.7183999999999978,21.668,0.31272821741452217,0.5915492957746479,0
2024,Austrian Grand Prix,HUL,STR,20,19,6.372,8.0,20.0,-12.0,HARD,70.381,71.517,-1.1359999999999957,-0.004600000000005038,0.014599999999995212,1.3454999999999946,21.668,0.307867180062801,0.2676056338028169,0
2024,Austrian Grand Prix,HUL,TSU,21,18,7.761,9.0,20.0,-11.0,HARD,70.2485,71.446,-1.197499999999991,-0.10229999999999417,-0.011200000000001813,1.5814999999999924,21.668,0.30844786721424655,0.28169014084507044,0
2024,Austrian Grand Prix,STR,ALB,12,8,0.726,12.0,11.0,1.0,MEDIUM,71.19399999999999,71.20400000000001,-0.010000000000019327,-0.012399999999992587,-0.0019999999999925906,0.03159999999999997,21.668,0.30435149029412595,0.15492957746478872,0
2024,Austrian Grand Prix,STR,ALB,39,4,0.514,18.0,26.0,-8.0,MEDIUM,69.69749999999999,70.005,-0.30750000000000455,0.026199999999992733,0.03589999999999397,-0.15999999999999975,21.668,0.31088633021270495,0.5352112676056338,0
2024,Austrian Grand Prix,ZHO,BOT,19,9,4.89,18.0,18.0,0.0,HARD,71.67000000000002,71.44800000000001,0.2220000000000084,0.30409999999999765,0.045199999999995986,0.013699999999999758,21.668,0.3023301241802706,0.2535211267605634,0
2024,Austrian Grand Prix,LEC,ZHO,28,5,4.409,11.0,27.0,-16.0,MEDIUM,69.0175,71.7705,-2.753,-0.049099999999999644,0.09449999999999799,0.8571999999999912,21.668,0.31394936066939544,0.38028169014084506,1
2024,Austrian Grand Prix,ALB,ALO,11,1,0.697,10.0,13.0,-3.0,MEDIUM,71.20400000000001,71.2505,-0.04649999999999466,-0.022000000000003263,0.03069999999999853,0.03310000000000002,21.668,0.3043087466996236,0.14084507042253522,0
2024,Austrian Grand Prix,OCO,ALO,35,8,0.52,15.0,24.0,-9.0,HARD,69.91300000000001,70.001,-0.08799999999999386,-0.04929999999999801,0.03639999999999921,-0.010099999999999991,21.668,0.30992805343784413,0.4788732394366197,1
2024,Austrian Grand Prix,PIA,NOR,23,2,11.526,22.0,22.0,0.0,MEDIUM,70.572,70.119,0.45300000000000296,-0.09450000000000096,-0.09390000000000119,2.165999999999998,21.668,0.307033951142096,0.30985915492957744,0
2024,British Grand Prix,SAI,VER,26,13,1.236,25.0,25.0,0.0,MEDIUM,91.098,91.164,-0.0660000000000025,0.32190000000000135,0.5636000000000025,0.05170000000000012,29.378,0.3224878702057125,0.4807692307692308,0
2024,British Grand Prix,SAI,VER,38,1,10.854,11.0,11.0,0.0,INTERMEDIATE,100.629,100.0605,0.5685000000000002,-0.621399999999987,-0.8592999999999994,0.5654999999999977,29.378,0.2919436742887239,0.7115384615384616,0
2024,British Grand Prix,PIA,NOR,27,1,1.498,26.0,26.0,0.0,MEDIUM,91.351,91.48750000000001,-0.13650000000001228,2.1570999999999985,2.3810999999999956,-0.1656000000000001,29.378,0.32159472802706046,0.5,0
2024,British Grand Prix,SAI,NOR,39,11,21.099,12.0,11.0,1.0,INTERMEDIATE,99.3535,98.82650000000001,0.5269999999999868,-1.2635999999999892,-1.3936999999999966,5.361099999999976,29.378,0.2956916464945875,0.7307692307692307,0
2024,British Grand Prix,HUL,PIA,38,1,19.525,11.0,9.0,2.0,INTERMEDIATE,101.3695,100.741,0.6285000000000025,-0.7904999999999955,-0.944399999999986,0.5430999999999988,29.378,0.28981103783682466,0.7115384615384616,0
2024,British Grand Prix,HUL,SAI,26,13,16.751,25.0,25.0,0.0,MEDIUM,91.56450000000001,91.098,0.4665000000000106,0.7027000000000088,0.32190000000000135,0.33420000000000205,29.378,0.320844868917539,0.4807692307692308,0
2024,British Grand Prix,ALO,HUL,26,1,2.153,25.0,25.0,0.0,MEDIUM,91.9945,91.56450000000001,0.4299999999999926,0.6161000000000042,0.7027000000000088,0.3452000000000008,29.378,0.31934517824435155,0.4807692307692308,0
2024,British Grand Prix,TSU,STR,26,1,0.636,25.0,25.0,0.0,MEDIUM,92.1885,92.406,-0.21750000000000114,0.429299999999997,0.558,-0.07030000000000017,29.378,0.31867315337596336,0.4807692307692308,0
2024,British Grand Prix,TSU,ALO,27,11,2.0,26.0,26.0,0.0,MEDIUM,93.309,93.407,-0.09799999999999898,2.2894999999999976,2.4353999999999956,0.4661000000000001,29.378,0.3148463706609223,0.5,0
2024,British Grand Prix,MAG,ALB,27,10,0.825,26.0,26.0,0.0,MEDIUM,92.90700000000001,93.3055,-0.3984999999999843,2.6641999999999952,2.346099999999996,0.014799999999999624,29.378,0.3162086818000796,0.5,0
2024,British Grand Prix,ALB,TSU,27,11,0.574,26.0,26.0,0.0,MEDIUM,93.3055,93.309,-0.003500000000002501,2.346099999999996,2.2894999999999976,-0.08120000000000001,29.378,0.3148581809218106,0.5,0
2024,British Grand Prix,SAR,MAG,27,11,2.073,26.0,26.0,0.0,MEDIUM,93.881,92.90700000000001,0.9739999999999895,2.4673999999999956,2.6641999999999952,-2.0059999999999985,29.378,0.3129280685122655,0.5,0
2024,British Grand Prix,SAR,MAG,37,1,3.34,9.0,9.0,0.0,INTERMEDIATE,103.6885,103.33250000000001,0.35599999999999454,-0.3556999999999906,-0.328499999999985,0.19759999999999883,29.378,0.28332939525598305,0.6923076923076923,0
2024,British Grand Prix,BOT,RIC,26,11,12.364,25.0,25.0,0.0,MEDIUM,94.304,93.936,0.367999999999995,1.174200000000005,1.0844000000000065,0.5054000000000021,29.378,0.31152443162538174,0.4807692307692308,0
2024,British Grand Prix,STR,LEC,19,7,1.334,18.0,18.0,0.0,MEDIUM,93.4255,93.125,0.30049999999999955,0.8730000000000029,0.9004999999999997,0.1653000000000005,29.378,0.31445376262369484,0.34615384615384615,1
2024,British Grand Prix,PER,LEC,27,1,3.294,7.0,7.0,0.0,INTERMEDIATE,105.3215,106.498,-1.1765000000000043,0.20829999999999402,0.4683999999999991,-1.1071000000000004,29.378,0.2789363995005768,0.5,0
2024,British Grand Prix,ZHO,OCO,19,7,19.002,6.0,18.0,-12.0,MEDIUM,95.67750000000001,96.50150000000001,-0.8239999999999981,1.9371000000000151,0.9629000000000019,-1.4382000000000035,29.378,0.30705233727887954,0.34615384615384615,0
2024,British Grand Prix,RIC,PER,19,7,0.55,18.0,18.0,0.0,MEDIUM,94.18450000000001,93.5535,0.6310000000000144,0.9871999999999986,0.7289000000000003,-2.793000000000006,29.378,0.31191968954551963,0.34615384615384615,1
2024,British Grand Prix,OCO,PER,37,1,12.183,10.0,8.0,2.0,INTERMEDIATE,102.0635,102.0085,0.05500000000000682,-0.9841000000000047,-0.6116999999999987,0.21939999999999807,29.378,0.28784041307617314,0.6923076923076923,0
2024,Hungarian Grand Prix,VER,PIA,18,3,7.541,17.0,17.0,0.0,MEDIUM,83.75750000000001,83.3545,0.4030000000000058,-0.07619999999999165,-0.03539999999999571,1.1485999999999967,21.791,0.26016774617198457,0.24285714285714285,0
2024,Hungarian Grand Prix,VER,PIA,47,2,9.212,25.0,29.0,-4.0,HARD,81.0315,81.354,-0.3225000000000051,0.1026000000000006,-0.04459999999999622,3.0098000000000065,21.791,0.26892011131473564,0.6571428571428571,0
2024,Hungarian Grand Prix,VER,NOR,17,4,3.557,16.0,16.0,0.0,MEDIUM,83.88300000000001,83.5,0.3830000000000098,-0.014899999999997898,-0.013099999999997183,0.3430000000000003,21.791,0.25977850100735544,0.22857142857142856,0
2024,Hungarian Grand Prix,VER,NOR,45,4,8.151,23.0,28.0,-5.0,HARD,80.77799999999999,81.5435,-0.765500000000003,-0.30339999999999884,-0.0055999999999968835,-0.7350000000000015,21.791,0.2697640446656268,0.6285714285714286,0
2024,Hungarian Grand Prix,LEC,HAM,16,7,1.735,15.0,15.0,0.0,MEDIUM,83.925,83.809,0.11599999999999966,0.022199999999993614,0.008999999999996386,0.011600000000000131,21.791,0.2596484956806673,0.21428571428571427,0
2024,Hungarian Grand Prix,VER,HAM,40,9,0.782,18.0,23.0,-5.0,HARD,82.252,82.39699999999999,-0.14499999999999602,-0.13380000000000633,-0.04230000000000804,-0.15050000000000005,21.791,0.2649297281525069,0.5571428571428572,0
2024,Hungarian Grand Prix,PIA,LEC,23,24,6.243,5.0,22.0,-17.0,HARD,82.214,83.2935,-1.079499999999996,-0.23099999999997683,-0.11959999999999714,0.7621000000000014,21.791,0.2650521808937651,0.3142857142857143,1
2024,Hungarian Grand Prix,SAI,LEC,40,7,7.509,18.0,16.0,2.0,HARD,81.469,81.988,-0.5190000000000055,-0.11380000000000852,0.13729999999999465,-0.5067000000000013,21.791,0.26747597245578075,0.5571428571428572,0
2024,Hungarian Grand Prix,LEC,VER,21,2,3.568,20.0,20.0,0.0,MEDIUM,83.5635,83.50450000000001,0.0589999999999975,-0.16200000000000553,-0.13510000000000283,0.08589999999999991,21.791,0.260771748430834,0.2857142857142857,0
2024,Hungarian Grand Prix,PIA,SAI,21,26,3.497,3.0,20.0,-17.0,HARD,82.82300000000001,83.70949999999999,-0.8864999999999839,0.06322950819672112,-0.10610000000000026,-2.652899999999988,21.791,0.26310324426789655,0.2857142857142857,1
2024,Hungarian Grand Prix,RUS,PER,47,6,2.864,13.0,18.0,-5.0,MEDIUM,80.208,80.1845,0.023499999999998522,0.08919999999999487,0.16459999999999803,0.01499999999999994,21.791,0.2716811290644325,0.6571428571428571,0
2024,Hungarian Grand Prix,ALO,RUS,33,4,10.861,26.0,32.0,-6.0,MEDIUM,82.2675,83.3205,-1.0529999999999973,-0.4472000000000088,-0.23540000000000322,-1.0504000000000022,21.791,0.264879812805786,0.45714285714285713,0
2024,Hungarian Grand Prix,RUS,TSU,29,4,0.698,28.0,28.0,0.0,HARD,84.158,84.133,0.025000000000005684,-0.08849999999999435,-0.1514,-0.011099999999999798,21.791,0.2589296323581834,0.4,0
2024,Hungarian Grand Prix,TSU,STR,14,15,2.299,13.0,16.0,-3.0,MEDIUM,84.08,84.248,-0.16800000000000637,0.094599999999996,0.07839999999999842,-0.14700000000000055,21.791,0.2591698382492864,0.18571428571428572,0
2024,Hungarian Grand Prix,STR,ALO,7,7,0.806,9.0,8.0,1.0,SOFT,85.77700000000002,85.773,0.004000000000019099,-0.22509999999998884,-0.20220000000000068,0.11460000000000001,21.791,0.25404245893421307,0.08571428571428572,0
2024,Hungarian Grand Prix,STR,ALO,37,8,2.112,23.0,30.0,-7.0,MEDIUM,82.7485,82.53049999999999,0.21800000000001774,0.2258000000000003,0.09619999999999848,0.09439999999999943,21.791,0.26334012096896015,0.5142857142857142,0
2024,Hungarian Grand Prix,TSU,RIC,7,22,0.573,6.0,6.0,0.0,MEDIUM,85.8835,85.88850000000001,-0.005000000000009663,-0.21879999999998426,-0.2934999999999873,-0.0024999999999999766,21.791,0.25372743309250323,0.08571428571428572,1
2024,Hungarian Grand Prix,BOT,RIC,28,17,0.779,11.0,20.0,-9.0,HARD,84.1005,84.138,-0.037500000000008527,0.008600000000005461,-0.001800000000006816,0.12699999999999917,21.791,0.25910666405074884,0.38571428571428573,0
2024,Hungarian Grand Prix,STR,HUL,29,16,0.323,15.0,26.0,-11.0,MEDIUM,84.324,84.86449999999999,-0.5404999999999944,-0.14579999999999918,0.3336999999999963,-0.14459999999999998,21.791,0.25841990417911864,0.4,1
2024,Hungarian Grand Prix,MAG,ALB,6,28,0.831,5.0,5.0,0.0,SOFT,86.18549999999999,86.1525,0.03299999999998704,-0.2912000000000014,-0.20659999999999581,0.07189999999999998,21.791,0.25283835447958186,0.07142857142857142,0
2024,Hungarian Grand Prix,MAG,ALB,29,5,1.65,22.0,22.0,0.0,HARD,84.142,84.24199999999999,-0.09999999999999432,0.0641999999999953,0.053500000000001366,-0.10390000000000003,21.791,0.25897886905469325,0.4,0
2024,Hungarian Grand Prix,RIC,MAG,6,1,0.656,5.0,5.0,0.0,MEDIUM,86.219,86.18549999999999,0.03350000000000364,-0.27429999999999577,-0.2912000000000014,0.04369999999999996,21.791,0.2527401152878136,0.07142857142857142,0
2024,Hungarian Grand Prix,BOT,MAG,34,11,0.451,17.0,27.0,-10.0,HARD,83.6165,83.8245,-0.2079999999999984,-0.08429999999999536,-0.13110000000000355,0.010099999999999838,21.791,0.26060645925146353,0.4714285714285714,0
2024,Hungarian Grand Prix,RUS,BOT,16,17,1.173,15.0,16.0,-1.0,HARD,84.48949999999999,84.4,0.08949999999998681,-0.006300000000000046,0.004799999999997543,0.09390000000000016,21.791,0.25791370525331553,0.21428571428571427,1
2024,Hungarian Grand Prix,PER,SAR,8,20,0.459,7.0,7.0,0.0,HARD,85.935,85.92150000000001,0.013499999999993406,-0.2605999999999996,-0.2580999999999986,0.0024999999999999072,21.791,0.2535753767382324,0.1,1
2024,Hungarian Grand Prix,ZHO,SAR,33,3,3.244,25.0,24.0,1.0,HARD,83.8825,83.849,0.03349999999998943,0.10329999999999753,-0.09879999999999797,-0.1427000000000001,21.791,0.2597800494739666,0.45714285714285713,0
2024,Hungarian Grand Prix,RUS,OCO,6,27,0.344,5.0,5.0,0.0,HARD,86.0575,86.20150000000001,-0.14400000000000546,-0.24060000000000242,-0.21769999999999481,-0.07709999999999992,21.791,0.253214420590884,0.07142857142857142,1
2024,Hungarian Grand Prix,SAR,OCO,30,3,0.715,21.0,23.0,-2.0,HARD,83.798,84.0605,-0.26250000000000284,0.024600000000006565,0.06370000000000287,-0.22889999999999966,21.791,0.26004200577579417,0.4142857142857143,0
2024,Hungarian Grand Prix,GAS,ZHO,7,21,0.601,6.0,7.0,-1.0,HARD,86.075,86.088,-0.012999999999991019,-0.2453999999999902,-0.31299999999999656,0.025800000000000017,21.791,0.2531629392971246,0.08571428571428572,0
2024,Hungarian Grand Prix,HUL,GAS,28,1,1.64,25.0,27.0,-2.0,HARD,84.3945,84.481,-0.08650000000000091,0.26029999999999454,0.0296999999999957,-0.1341999999999995,21.791,0.25820402988346397,0.38571428571428573,0
2024,Belgian Grand Prix,LEC,HAM,11,1,2.093,10.0,10.0,0.0,MEDIUM,109.408,109.21249999999999,0.19550000000000978,0.027799999999989864,0.08189999999999471,0.20309999999999992,23.052,0.21069757238958758,0.22727272727272727,0
2024,Belgian Grand Prix,PIA,HAM,26,4,4.838,14.0,14.0,0.0,HARD,106.785,106.7655,0.019499999999993634,-0.14379999999999388,-0.20719999999999633,0.890700000000002,23.052,0.21587301587301588,0.5681818181818182,0
2024,Belgian Grand Prix,SAI,PIA,11,9,1.812,10.0,10.0,0.0,HARD,109.7035,109.6365,0.06700000000000728,-0.0433000000000026,-0.0014999999999999202,0.2954999999999997,23.052,0.21013003231437463,0.22727272727272727,0
2024,Belgian Grand Prix,SAI,LEC,12,8,5.82,11.0,11.0,0.0,HARD,109.7035,109.3665,0.3370000000000033,-0.17429999999999482,0.012200000000006771,1.2559000000000018,23.052,0.21013003231437463,0.25,0
2024,Belgian Grand Prix,PIA,LEC,25,5,2.698,13.0,12.0,1.0,HARD,106.911,107.048,-0.13700000000000045,-0.06780000000000332,-0.023099999999997615,-0.10109999999999969,23.052,0.21561859864747313,0.5454545454545454,0
2024,Belgian Grand Prix,ALO,VER,10,3,3.905,9.0,9.0,0.0,MEDIUM,110.418,109.763,0.6550000000000011,0.052900000000011334,0.033300000000009995,0.6757999999999995,23.052,0.20877030918871922,0.20454545454545456,0
2024,Belgian Grand Prix,NOR,VER,28,1,0.98,12.0,17.0,-5.0,HARD,106.34,106.3245,0.015500000000002956,-0.3214999999999939,-0.30949999999999545,0.0875999999999997,23.052,0.21677637765657323,0.6136363636363636,0
2024,Belgian Grand Prix,HAM,NOR,15,11,8.816,3.0,14.0,-11.0,HARD,107.3765,109.119,-1.7425000000000068,0.2622631578947369,-0.2210000000000069,1.2437999999999982,23.052,0.21468384609295332,0.3181818181818182,0
2024,Belgian Grand Prix,HAM,SAI,20,6,4.369,8.0,19.0,-11.0,HARD,106.92750000000001,107.9445,-1.016999999999996,-0.04760000000000092,-0.07459999999999746,-1.045599999999997,23.052,0.2155853265062776,0.4318181818181818,1
2024,Belgian Grand Prix,PIA,PER,11,19,1.539,10.0,10.0,0.0,MEDIUM,109.6365,109.4805,0.1559999999999917,-0.0014999999999999202,-0.01250000000000742,0.23639999999999994,23.052,0.2102584449521829,0.22727272727272727,1
2024,Belgian Grand Prix,STR,RIC,8,4,0.902,7.0,7.0,0.0,MEDIUM,110.619,110.5855,0.03350000000000364,-0.08460000000000677,-0.023499999999997058,0.09250000000000005,23.052,0.20839096357768558,0.1590909090909091,0
2024,Belgian Grand Prix,MAG,STR,12,5,2.11,11.0,11.0,0.0,MEDIUM,110.9945,110.7575,0.23700000000000898,0.1083000000000182,-0.18929999999998842,-0.00559999999999991,23.052,0.20768596642175963,0.25,0
2024,Belgian Grand Prix,OCO,ALB,8,4,0.728,7.0,7.0,0.0,MEDIUM,110.4885,110.49950000000001,-0.01100000000000989,0.10610000000000717,0.14990000000000347,-0.05220000000000018,23.052,0.20863709797852265,0.1590909090909091,0
2024,Belgian Grand Prix,OCO,ALB,23,7,1.373,10.0,14.0,-4.0,HARD,108.3205,108.7935,-0.472999999999999,-0.08630000000000944,-0.05259999999999316,0.19970000000000032,23.052,0.21281290245152118,0.5,1
2024,Belgian Grand Prix,BOT,GAS,9,2,0.844,8.0,8.0,0.0,MEDIUM,110.7915,110.774,0.017499999999998295,0.1866999999999898,0.2034999999999999,-0.008800000000000032,23.052,0.20806650329673304,0.18181818181818182,0
2024,Belgian Grand Prix,BOT,GAS,28,7,1.635,16.0,18.0,-2.0,HARD,107.982,107.768,0.21399999999999864,-0.17700000000000204,-0.1476000000000068,0.2203999999999988,23.052,0.21348002444851918,0.6136363636363636,0
2024,Belgian Grand Prix,ALB,MAG,17,6,1.768,8.0,16.0,-8.0,MEDIUM,109.619,110.048,-0.42900000000000205,-0.0373999999999995,-0.42851428571428407,0.14210000000000048,23.052,0.21029201142137768,0.36363636363636365,0
2024,Belgian Grand Prix,STR,BOT,11,1,1.653,10.0,10.0,0.0,MEDIUM,110.84349999999999,110.85300000000001,-0.00950000000001694,0.012699999999988425,-0.08680000000000733,0.32610000000000006,23.052,0.20796889307898073,0.22727272727272727,0
2024,Belgian Grand Prix,ALB,TSU,15,8,1.101,6.0,14.0,-8.0,MEDIUM,109.52600000000001,110.7435,-1.217499999999987,0.14230000000000892,-0.25229999999999764,-1.6309999999999978,23.052,0.2104705731972317,0.3181818181818182,1
2024,Belgian Grand Prix,MAG,HUL,7,10,0.714,6.0,6.0,0.0,MEDIUM,110.92750000000001,110.84300000000002,0.08449999999999136,-0.1910999999999791,-0.2138999999999675,0.06619999999999997,23.052,0.20781140835230216,0.13636363636363635,0
2024,Belgian Grand Prix,BOT,HUL,20,15,0.605,8.0,12.0,-4.0,HARD,109.0845,109.858,-0.7734999999999985,-0.22950000000000384,0.09940000000001455,0.05310000000000007,23.052,0.21132241519189252,0.4318181818181818,1
2024,Belgian Grand Prix,SAI,RUS,10,10,0.64,9.0,9.0,0.0,HARD,109.86,109.7065,0.15349999999999397,-0.036999999999987966,-0.025800000000001443,0.023,23.052,0.20983069361004916,0.20454545454545456,0
2024,Dutch Grand Prix,PIA,NOR,28,5,12.395,27.0,27.0,0.0,MEDIUM,74.69149999999999,74.22,0.4714999999999918,-0.2938000000000017,-0.052900000000002056,2.7840999999999796,21.163,0.28333880026509045,0.375,0
2024,Dutch Grand Prix,PIA,VER,27,6,7.196,26.0,26.0,0.0,MEDIUM,75.1165,75.041,0.07550000000000523,-0.2515000000000011,-0.03520000000000557,0.6615000000000008,21.163,0.28173570387331676,0.3611111111111111,0
2024,Dutch Grand Prix,PER,LEC,24,5,2.799,23.0,23.0,0.0,MEDIUM,75.34649999999999,75.268,0.07849999999999113,0.028500000000005698,0.014899999999999622,0.11999999999999986,21.163,0.280875687656361,0.3194444444444444,0
2024,Dutch Grand Prix,SAI,PER,29,1,2.349,28.0,28.0,0.0,MEDIUM,74.85049999999998,74.8945,-0.04400000000001114,-0.1222000000000037,-0.17009999999999603,0.013300000000000157,21.163,0.2827369222650484,0.3888888888888889,0
2024,Dutch Grand Prix,PIA,RUS,25,8,1.242,24.0,24.0,0.0,MEDIUM,75.343,75.3955,-0.052499999999994884,0.049299999999999206,0.014400000000004815,0.003900000000000109,21.163,0.28088873551623905,0.3333333333333333,0
2024,Dutch Grand Prix,ALO,HAM,23,8,3.6,22.0,22.0,0.0,MEDIUM,75.759,75.7375,0.021500000000003183,-0.16830000000000356,0.22529999999999664,0.18060000000000043,21.163,0.2793463482886522,0.3055555555555556,0
2024,Dutch Grand Prix,MAG,ALO,31,9,9.543,30.0,30.0,0.0,HARD,75.57650000000001,75.52600000000001,0.050499999999999545,0.17280000000000434,-0.18690000000000281,2.0003999999999897,21.163,0.2800209059694481,0.4166666666666667,0
2024,Dutch Grand Prix,TSU,HUL,14,18,0.96,13.0,13.0,0.0,SOFT,76.8695,77.01599999999999,-0.14649999999998897,0.01889999999999629,-0.03350000000000592,0.20729999999999962,21.163,0.2753107539401193,0.18055555555555555,0
2024,Dutch Grand Prix,MAG,RIC,29,11,2.817,28.0,28.0,0.0,HARD,75.27199999999999,75.67150000000001,-0.3995000000000175,-0.045900000000000905,0.05730000000000439,-0.38100000000000006,21.163,0.2811536826442768,0.3888888888888889,0
2024,Dutch Grand Prix,MAG,STR,30,10,5.301,29.0,29.0,0.0,HARD,75.344,76.124,-0.7800000000000011,0.11440000000000451,0.049900000000008674,0.3129999999999996,21.163,0.28088500743257594,0.4027777777777778,0
2024,Dutch Grand Prix,SAR,ALB,12,10,2.924,11.0,11.0,0.0,MEDIUM,77.212,76.811,0.40099999999999625,-0.13239999999999014,-0.08669999999999567,0.27490000000000037,21.163,0.2740895197637673,0.1527777777777778,0
2024,Dutch Grand Prix,TSU,OCO,30,2,1.139,15.0,29.0,-14.0,MEDIUM,75.388,76.29050000000001,-0.9025000000000034,-0.2137000000000041,-0.044699999999998796,-0.025500000000000387,21.163,0.28072106966625987,0.4027777777777778,0
2024,Dutch Grand Prix,BOT,TSU,14,1,3.15,13.0,13.0,0.0,SOFT,77.07900000000001,76.8695,0.20950000000000557,0.014799999999994602,0.01889999999999629,0.21290000000000023,21.163,0.2745624618897495,0.18055555555555555,0
2024,Dutch Grand Prix,ALB,TSU,32,22,0.602,19.0,17.0,2.0,HARD,75.14150000000001,75.3415,-0.19999999999998863,0.04449999999999573,-0.09429999999999134,-0.09800000000000016,21.163,0.28164196881882847,0.4305555555555556,0
2024,Dutch Grand Prix,ALB,MAG,40,14,0.339,27.0,39.0,-12.0,HARD,74.2365,74.9975,-0.7609999999999957,0.692099999999995,0.7028999999999951,-0.7598000000000024,21.163,0.2850754009146444,0.5416666666666666,1
2024,Dutch Grand Prix,RIC,BOT,15,14,0.667,14.0,14.0,0.0,MEDIUM,76.9495,77.19749999999999,-0.24799999999999045,-0.0018000000000039176,0.08639999999999395,-0.03739999999999989,21.163,0.275024529074263,0.19444444444444445,0
2024,Italian Grand Prix,SAI,LEC,15,4,4.058,14.0,14.0,0.0,MEDIUM,84.5095,84.49799999999999,0.011500000000012278,0.08269999999999862,0.2400999999999923,0.6566999999999984,24.783,0.2932569711097569,0.2641509433962264,0
2024,Italian Grand Prix,SAI,PIA,16,3,7.099,15.0,15.0,0.0,MEDIUM,84.499,84.142,0.3569999999999993,-0.04379999999999981,0.15079999999999555,1.6672000000000038,24.783,0.29329341175635215,0.2830188679245283,0
2024,Italian Grand Prix,SAI,NOR,14,5,3.041,13.0,13.0,0.0,MEDIUM,84.5095,83.893,0.616500000000002,0.12599999999999784,0.10239999999999391,0.5214000000000012,24.783,0.2932569711097569,0.24528301886792453,0
2024,Italian Grand Prix,VER,SAI,19,3,3.679,18.0,18.0,0.0,HARD,84.36500000000001,84.39750000000001,-0.03249999999999886,-0.06720000000000385,0.04820000000000021,0.1099999999999999,24.783,0.293759260356783,0.33962264150943394,0
2024,Italian Grand Prix,VER,HAM,15,7,1.225,14.0,14.0,0.0,HARD,84.3115,84.4405,-0.1290000000000049,-0.0004999999999953902,0.1576999999999946,-0.08519999999999961,24.783,0.29394566577513154,0.2641509433962264,0
2024,Italian Grand Prix,VER,HAM,37,4,8.141,14.0,21.0,-7.0,HARD,81.47200000000001,81.3885,0.083500000000015,-0.052399999999993424,-0.010299999999995845,0.14849999999999874,24.783,0.30419039670070697,0.6792452830188679,0
2024,Italian Grand Prix,PER,VER,22,1,2.636,21.0,21.0,0.0,HARD,84.57650000000001,84.38,0.19650000000001455,0.08730000000000403,-0.04579999999999995,0.21769999999999912,24.783,0.2930246581497224,0.39622641509433965,0
2024,Italian Grand Prix,PER,RUS,11,12,0.786,10.0,10.0,0.0,HARD,84.60900000000001,84.72149999999999,-0.11249999999998295,-0.16150000000000367,0.017299999999995118,0.06300000000000014,24.783,0.29291210154948055,0.18867924528301888,1
2024,Italian Grand Prix,ALO,RUS,33,2,10.101,21.0,21.0,0.0,HARD,83.225,81.6705,1.5544999999999902,0.02350000000000184,0.15029999999999918,1.1324000000000032,24.783,0.2977831180534695,0.6037735849056604,0
2024,Italian Grand Prix,PIA,PER,23,15,4.1,6.0,22.0,-16.0,HARD,82.71600000000001,84.57650000000001,-1.8605000000000018,-0.209099999999988,0.007299999999997388,-1.7626,24.783,0.29961555200928475,0.41509433962264153,1
2024,Italian Grand Prix,NOR,ALB,17,15,3.69,2.0,16.0,-14.0,HARD,83.906,85.41499999999999,-1.5089999999999861,0.10587837837837764,0.22720000000000132,0.10550000000000039,24.783,0.2953662431768884,0.3018867924528302,1
2024,Italian Grand Prix,OCO,MAG,14,17,1.354,13.0,13.0,0.0,HARD,85.38550000000001,85.43100000000001,-0.04550000000000409,0.06689999999999902,0.07179999999999676,0.13710000000000014,24.783,0.29024834427391066,0.24528301886792453,0
2024,Italian Grand Prix,MAG,ALO,12,2,1.47,11.0,12.0,-1.0,MEDIUM,85.3455,85.2585,0.0870000000000033,-0.03669999999999257,-0.08749999999999218,0.2237000000000003,24.783,0.2903843787897429,0.20754716981132076,0
2024,Italian Grand Prix,BOT,COL,16,17,0.8,16.0,15.0,1.0,HARD,85.6275,85.79849999999999,-0.17099999999999227,0.02840000000000056,-0.007000000000001239,-0.24700000000000022,24.783,0.2894280458964702,0.2830188679245283,0
2024,Italian Grand Prix,MAG,RIC,11,3,0.684,10.0,10.0,0.0,MEDIUM,85.364,85.43950000000001,-0.07550000000000523,-0.0876000000000049,-0.010400000000002681,0.013800000000000076,24.783,0.29032144697999157,0.18867924528301888,1
2024,Italian Grand Prix,OCO,GAS,10,21,0.135,9.0,9.0,0.0,HARD,85.4905,85.8755,-0.3850000000000051,-0.2658999999999949,0.13670000000000884,-0.15659999999999985,24.783,0.2898918593293992,0.16981132075471697,1
2024,Italian Grand Prix,COL,HUL,5,11,0.843,4.0,4.0,0.0,MEDIUM,86.452,86.352,0.09999999999999432,-0.8604999999999785,-0.5484999999999808,0.27600000000000025,24.783,0.28666774626382274,0.07547169811320754,1
2024,Italian Grand Prix,ALO,ZHO,15,20,10.386,3.0,15.0,-12.0,HARD,85.0705,85.952,-0.8815000000000026,0.019958904109589712,0.1611999999999958,-6.493499999999992,24.783,0.2913230790932227,0.2641509433962264,1
2024,Italian Grand Prix,HAM,STR,19,18,0.7,3.0,19.0,-16.0,HARD,83.79750000000001,85.876,-2.078499999999991,0.10337969924811827,0.22259999999999913,-1.409900000000004,24.783,0.29574867985321757,0.33962264150943394,1
2024,Azerbaijan Grand Prix,SAI,PER,13,4,2.655,12.0,12.0,0.0,MEDIUM,107.981,108.1465,-0.16550000000000864,0.17180000000001455,0.21930000000001126,-0.038899999999999504,20.558,0.190385345570054,0.24,0
2024,Azerbaijan Grand Prix,ALB,ALO,11,20,2.447,10.0,11.0,-1.0,HARD,108.81,108.739,0.07099999999999795,-0.15030000000000343,-0.2399999999999933,0.4108999999999996,20.558,0.18893484054774376,0.2,0
2024,Azerbaijan Grand Prix,SAI,LEC,16,1,9.345,15.0,15.0,0.0,MEDIUM,108.14349999999999,107.85849999999999,0.2849999999999966,-0.02139999999999808,0.42469999999999725,1.8076000000000036,20.558,0.19009926625271054,0.3,0
2024,Azerbaijan Grand Prix,NOR,ALB,31,6,0.472,30.0,30.0,0.0,HARD,107.4235,107.4185,0.005000000000009663,-0.05679999999999831,-0.07959999999999653,0.015199999999999957,20.558,0.1913733959515376,0.6,1
2024,Azerbaijan Grand Prix,ALB,COL,10,21,1.018,9.0,9.0,0.0,HARD,109.00450000000001,109.00200000000001,0.0024999999999977263,-0.19069999999999016,-0.25179999999998587,-0.03309999999999989,20.558,0.18859771844281656,0.18,0
2024,Azerbaijan Grand Prix,ALB,SAI,17,14,13.691,16.0,16.0,0.0,HARD,107.9305,108.134,-0.20350000000000534,-0.1919000000000018,0.011600000000002155,0.017100000000001177,20.558,0.190474425672076,0.32,0
2024,Azerbaijan Grand Prix,ALB,RUS,12,19,6.294,11.0,11.0,0.0,HARD,108.745,109.03200000000001,-0.28700000000000614,-0.12139999999998728,0.07670000000000482,0.3953000000000005,20.558,0.18904777231137063,0.22,0
2024,Azerbaijan Grand Prix,ZHO,BOT,11,23,0.021,11.0,11.0,0.0,HARD,110.62049999999999,110.9795,-0.35900000000000887,-0.16569999999999702,0.27550000000001124,-0.2161999999999999,20.558,0.18584258794708033,0.2,0
2024,Azerbaijan Grand Prix,SAI,PIA,15,2,4.349,14.0,14.0,0.0,MEDIUM,107.9965,108.34649999999999,-0.3499999999999943,-0.024000000000001742,0.22119999999999876,1.1670999999999976,20.558,0.19035802086178719,0.28,0
2024,Singapore Grand Prix,PIA,VER,29,9,13.121,28.0,28.0,0.0,MEDIUM,97.005,97.209,-0.20400000000000773,-0.1908000000000033,0.13880000000000148,0.3916000000000012,29.661,0.30576774393072526,0.45161290322580644,0
2024,Singapore Grand Prix,PIA,RUS,27,11,0.739,26.0,26.0,0.0,MEDIUM,96.97900000000001,97.1255,-0.14649999999998897,0.04719999999999377,0.06309999999998969,-0.2053000000000001,29.661,0.3058497200424834,0.41935483870967744,0
2024,Singapore Grand Prix,RUS,HAM,17,10,2.385,16.0,18.0,-2.0,MEDIUM,97.46549999999999,97.38,0.08549999999999613,0.06489999999999575,0.1675000000000021,0.03559999999999998,29.661,0.30432306816258065,0.25806451612903225,1
2024,Singapore Grand Prix,OCO,SAI,13,16,2.14,12.0,12.0,0.0,MEDIUM,98.6675,98.474,0.19350000000000023,-0.032099999999986764,0.0850000000000054,0.392099999999999,29.661,0.30061570425925455,0.1935483870967742,0
2024,Singapore Grand Prix,LEC,ALO,25,11,0.729,24.0,25.0,-1.0,MEDIUM,97.989,97.9765,0.012500000000002842,0.0313000000000045,-0.019099999999999714,0.043199999999999864,29.661,0.3026972415271102,0.3870967741935484,0
2024,Singapore Grand Prix,LEC,HUL,29,7,0.587,28.0,28.0,0.0,MEDIUM,97.8045,98.157,-0.35249999999999204,-0.06599999999999756,0.34539999999999715,-0.3654000000000004,29.661,0.30326825452816586,0.45161290322580644,1
2024,Singapore Grand Prix,TSU,PER,28,5,4.804,27.0,27.0,0.0,MEDIUM,98.69999999999999,98.2475,0.45249999999998636,0.46839999999999504,0.029499999999996987,0.2124999999999984,29.661,0.300516717325228,0.43548387096774194,0
2024,Singapore Grand Prix,ZHO,STR,26,8,2.931,25.0,26.0,-1.0,HARD,98.67349999999999,98.9585,-0.2850000000000108,-0.11900000000000076,-0.2752000000000051,-0.25700000000000023,29.661,0.3005974248405094,0.4032258064516129,0
2024,Singapore Grand Prix,RIC,GAS,37,9,0.438,26.0,36.0,-10.0,MEDIUM,98.144,98.65,-0.5060000000000002,0.16239999999999838,0.4200000000000001,-0.3791999999999974,29.661,0.3022191881317248,0.5806451612903226,0
2024,Singapore Grand Prix,GAS,RIC,10,27,1.503,9.0,9.0,0.0,MEDIUM,99.326,99.13399999999999,0.19200000000000728,0.20030000000000886,-0.021199999999992294,0.17389999999999975,29.661,0.298622717113344,0.14516129032258066,0
2024,Singapore Grand Prix,GAS,MAG,28,9,0.405,27.0,27.0,0.0,MEDIUM,99.613,99.1955,0.417500000000004,0.31059999999999827,0.24049999999999766,-0.18929999999999908,29.661,0.2977623402567938,0.43548387096774194,0
2024,United States Grand Prix,NOR,VER,25,6,3.589,24.0,24.0,0.0,MEDIUM,98.27950000000001,98.8225,-0.5429999999999922,-0.04979999999999956,0.0651000000000079,-0.5044999999999992,24.327,0.247528731831155,0.42857142857142855,0
2024,United States Grand Prix,HUL,PER,26,1,2.335,25.0,25.0,0.0,MEDIUM,99.132,99.205,-0.07299999999999329,-0.1566000000000047,-0.24320000000000347,-0.24460000000000048,24.327,0.24540007263043215,0.44642857142857145,0
2024,United States Grand Prix,OCO,ALO,26,5,3.315,25.0,25.0,0.0,MEDIUM,100.32050000000001,100.405,-0.08449999999999136,0.15230000000000093,-0.08240000000000088,0.7556000000000016,24.327,0.2424928105422122,0.44642857142857145,0
2024,United States Grand Prix,NOR,LEC,26,5,13.729,25.0,25.0,0.0,MEDIUM,98.27950000000001,98.16900000000001,0.11050000000000182,-0.011699999999998299,-0.01880000000000225,1.5269000000000037,24.327,0.247528731831155,0.44642857142857145,0
2024,United States Grand Prix,ALB,STR,27,6,0.775,23.0,27.0,-4.0,MEDIUM,100.2415,100.53999999999999,-0.29849999999999,-0.07219999999999908,-0.012100000000002751,-0.26850000000000007,24.327,0.24268391833721564,0.4642857142857143,0
2024,United States Grand Prix,TSU,MAG,17,1,1.29,16.0,16.0,0.0,MEDIUM,100.59299999999999,100.657,-0.06400000000000716,0.002500000000003303,0.14359999999999762,-0.009299999999999845,24.327,0.24183591303569835,0.2857142857142857,0
2024,United States Grand Prix,PER,TSU,18,8,0.787,17.0,17.0,0.0,MEDIUM,100.5675,100.6965,-0.1290000000000049,-0.007099999999987455,0.33090000000000525,-0.010799999999999938,24.327,0.24189723320158105,0.30357142857142855,1
2024,United States Grand Prix,RUS,HUL,27,13,1.807,26.0,26.0,0.0,HARD,98.59700000000001,98.9845,-0.38749999999998863,-0.08340000000000879,-0.13170000000000828,-0.45949999999999996,24.327,0.24673164497905614,0.4642857142857143,0
2024,United States Grand Prix,COL,LAW,36,3,3.582,35.0,35.0,0.0,HARD,98.2245,98.356,-0.1314999999999884,-0.12740000000000024,-0.0890000000000017,-0.11639999999999975,24.327,0.24766733350640624,0.625,0
2024,United States Grand Prix,PIA,NOR,31,1,4.922,30.0,30.0,0.0,MEDIUM,97.81,97.61950000000002,0.1904999999999859,0.06280000000000029,0.01809999999999752,0.17509999999999898,24.327,0.24871690011246295,0.5357142857142857,0
2024,United States Grand Prix,NOR,SAI,21,10,3.401,20.0,20.0,0.0,MEDIUM,98.7835,98.6945,0.08899999999999864,-0.18610000000000657,-0.18790000000000634,-0.07299999999999965,24.327,0.2462658237458685,0.35714285714285715,0
2024,United States Grand Prix,OCO,BOT,15,16,1.214,14.0,14.0,0.0,MEDIUM,101.46549999999999,101.488,-0.022500000000007958,-0.02659999999999409,-0.04229999999998831,0.09179999999999978,24.327,0.23975637039190664,0.25,0
2024,Mexico City Grand Prix,RUS,NOR,30,1,7.201,29.0,29.0,0.0,MEDIUM,80.8895,80.97300000000001,-0.083500000000015,-0.011499999999994263,-0.018399999999997873,0.09869999999999984,22.818,0.2820885281773284,0.4084507042253521,0
2024,Mexico City Grand Prix,MAG,HAM,28,2,5.121,27.0,27.0,0.0,MEDIUM,82.0735,81.4695,0.6039999999999992,0.15139999999999357,0.12659999999999827,0.585599999999997,22.818,0.2780190926425704,0.38028169014084506,0
2024,Mexico City Grand Prix,LAW,RUS,31,8,20.484,30.0,30.0,0.0,HARD,81.681,80.884,0.796999999999997,-0.29109999999999736,-0.021899999999996617,4.964899999999981,22.818,0.2793550519704705,0.4225352112676056,0
2024,Mexico City Grand Prix,NOR,VER,26,4,0.863,25.0,25.0,0.0,MEDIUM,80.94600000000001,81.0575,-0.11149999999999238,-0.008300000000004297,-0.015700000000002955,-0.17240000000000033,22.818,0.281891631458009,0.352112676056338,1
2024,Mexico City Grand Prix,LAW,MAG,30,9,7.937,29.0,29.0,0.0,HARD,82.14399999999999,82.26749999999998,-0.12349999999999284,-0.1547999999999917,0.02280000000000453,1.2759999999999982,22.818,0.2777804830541489,0.4084507042253521,0
2024,Mexico City Grand Prix,LAW,PIA,39,26,3.008,38.0,38.0,0.0,HARD,80.9815,80.392,0.589500000000001,-0.5029000000000026,-0.27330000000000326,0.7712999999999981,22.818,0.28176805813673494,0.5352112676056338,0
2024,Mexico City Grand Prix,LAW,HUL,29,10,4.392,28.0,28.0,0.0,HARD,82.14399999999999,82.1305,0.013499999999993406,0.07329999999999841,0.05710000000000005,0.4624000000000005,22.818,0.2777804830541489,0.39436619718309857,0
2024,Mexico City Grand Prix,LAW,GAS,28,11,1.207,27.0,27.0,0.0,HARD,82.071,82.32,-0.24899999999999523,0.03599999999999293,0.12679999999999775,-0.25119999999999837,22.818,0.27802756150162666,0.38028169014084506,0
2024,Mexico City Grand Prix,COL,STR,26,21,1.08,25.0,26.0,-1.0,HARD,81.9295,82.39,-0.46049999999999613,-0.2703000000000001,0.1492999999999947,-0.3400000000000005,22.818,0.2785077414118236,0.352112676056338,0
2024,Mexico City Grand Prix,STR,PER,20,6,0.396,20.0,19.0,1.0,MEDIUM,83.036,82.85300000000001,0.18299999999999272,0.5041999999999984,0.6788999999999918,-0.6384999999999963,22.818,0.27479647381858474,0.2676056338028169,0
2024,Las Vegas Grand Prix,HAM,RUS,12,1,15.315,11.0,12.0,-1.0,MEDIUM,99.1435,98.0865,1.0570000000000022,-0.19809999999998723,0.008000000000006016,4.092200000000006,21.289,0.21472915521441144,0.22,0
2024,Las Vegas Grand Prix,HUL,HAM,13,1,5.174,12.0,12.0,0.0,MEDIUM,100.32300000000001,99.00900000000001,1.313999999999993,0.010000000000005633,-0.25829999999999215,1.3315999999999966,21.289,0.21220457920915442,0.24,0
2024,Las Vegas Grand Prix,NOR,HAM,27,3,7.059,17.0,14.0,3.0,HARD,97.001,95.80449999999999,1.1965000000000146,0.036600000000003075,0.040000000000002554,0.8878000000000006,21.289,0.21947196420655457,0.52,0
2024,Las Vegas Grand Prix,VER,SAI,10,1,1.798,9.0,9.0,0.0,MEDIUM,98.56700000000001,98.90350000000001,-0.3365000000000009,0.23920000000000946,0.44820000000000587,-0.4290999999999996,21.289,0.21598506599571865,0.18,1
2024,Las Vegas Grand Prix,LEC,SAI,28,3,0.398,18.0,17.0,1.0,HARD,96.08250000000001,96.608,-0.5254999999999939,0.3088999999999914,0.8040000000000026,-0.576499999999997,21.289,0.2215700049436682,0.54,0
2024,Las Vegas Grand Prix,VER,LEC,9,2,1.995,8.0,8.0,0.0,MEDIUM,98.43700000000001,99.2765,-0.8394999999999868,0.04719999999999373,0.6878999999999912,0.19880000000000023,21.289,0.21627030486504056,0.16,1
2024,Las Vegas Grand Prix,HAM,VER,11,2,7.108,10.0,10.0,0.0,MEDIUM,99.745,98.946,0.7990000000000066,0.3164999999999941,0.30599999999999233,1.8032999999999983,21.289,0.21343425735625846,0.2,0
2024,Las Vegas Grand Prix,SAI,VER,27,1,2.167,16.0,15.0,1.0,HARD,96.451,96.386,0.06499999999999773,0.1450999999999994,0.12499999999999775,0.047300000000000196,21.289,0.2207234761692466,0.52,0
2024,Las Vegas Grand Prix,TSU,NOR,9,1,1.101,8.0,8.0,0.0,MEDIUM,99.1215,99.288,-0.1664999999999992,0.13149999999999015,0.2553999999999978,0.1321000000000001,21.289,0.2147768143137463,0.16,0
2024,Las Vegas Grand Prix,HUL,PIA,10,4,1.603,9.0,9.0,0.0,MEDIUM,100.21799999999999,99.82499999999999,0.3930000000000007,0.09980000000000763,0.6576000000000072,0.40559999999999985,21.289,0.21242690933764397,0.18,0
2024,Las Vegas Grand Prix,HUL,PIA,25,8,2.525,10.0,14.0,-4.0,HARD,96.7185,97.59100000000001,-0.8725000000000023,0.07179999999999405,0.1495000000000055,-0.5836999999999994,21.289,0.22011300836965006,0.48,0
2024,Las Vegas Grand Prix,PER,HUL,14,3,0.59,13.0,13.0,0.0,HARD,99.1605,100.32300000000001,-1.1625000000000085,0.09719999999999436,-0.010000000000001664,-0.11520000000000154,21.289,0.2146923422128771,0.26,0
2024,Las Vegas Grand Prix,NOR,HUL,33,15,6.642,2.0,18.0,-16.0,HARD,96.491,96.889,-0.39799999999999613,0.08815960912052191,-0.1989000000000031,-0.6278000000000009,21.289,0.2206319760392161,0.64,1
2024,Las Vegas Grand Prix,HAM,TSU,10,3,0.776,9.0,9.0,0.0,MEDIUM,99.2555,99.3305,-0.07500000000000284,0.32550000000000956,0.6019000000000108,-0.03550000000000003,21.289,0.21448685463274078,0.18,1
2024,Las Vegas Grand Prix,HUL,TSU,29,4,1.343,14.0,19.0,-5.0,HARD,97.1305,97.41499999999999,-0.2844999999999942,0.1011000000000036,-0.24380000000000412,-0.2774999999999999,21.289,0.2191793514910353,0.56,0
2024,Las Vegas Grand Prix,SAI,PER,17,11,1.087,6.0,16.0,-10.0,HARD,97.6305,100.036,-2.4055000000000035,-0.5888999999999917,0.3380000000000004,-1.840600000000001,21.289,0.218056857232115,0.32,1
2024,Las Vegas Grand Prix,ZHO,PER,32,2,6.444,21.0,14.0,7.0,HARD,97.81,96.393,1.4170000000000016,-0.0548999999999944,0.27620000000000344,1.4698999999999982,21.289,0.21765668132092833,0.62,0
2024,Las Vegas Grand Prix,MAG,ALO,4,13,1.579,3.0,3.0,0.0,MEDIUM,101.17999999999999,100.28399999999999,0.8960000000000008,,,1.2549999999999983,21.289,0.21040719509784545,0.06,0
2024,Las Vegas Grand Prix,ZHO,ALO,24,10,1.09,13.0,20.0,-7.0,HARD,97.582,97.9605,-0.3785000000000025,0.08609999999999826,0.2881000000000028,-0.20900000000000085,21.289,0.2181652353917731,0.46,0
2024,Las Vegas Grand Prix,TSU,MAG,17,12,0.423,7.0,16.0,-9.0,HARD,99.56700000000001,101.2595,-1.6924999999999955,0.6873000000000027,-0.1032999999999996,0.06160000000000016,21.289,0.21381582251147468,0.32,1
2024,Las Vegas Grand Prix,PER,ZHO,11,6,2.35,10.0,11.0,-1.0,HARD,98.826,100.021,-1.1950000000000074,0.001299999999993099,0.3302000000000055,-0.1716999999999999,21.289,0.21541901928642262,0.2,0
2024,Las Vegas Grand Prix,OCO,ZHO,34,11,1.261,21.0,23.0,-2.0,HARD,97.3245,97.81,-0.4855000000000018,0.05949999999999763,-0.0007000000000008212,-0.33349999999999896,21.289,0.2187424543665778,0.66,0
2024,Las Vegas Grand Prix,TSU,COL,16,13,0.41,6.0,15.0,-9.0,HARD,98.45949999999999,101.53399999999999,-3.0745000000000005,0.895999999999998,0.19169999999999968,0.008400000000000263,21.289,0.21622088269796214,0.3,1
2024,Las Vegas Grand Prix,BOT,STR,9,8,1.903,8.0,9.0,-1.0,HARD,99.3405,99.05950000000001,0.2809999999999917,-0.16050000000000533,-0.14429999999998813,0.3966000000000002,21.289,0.2143033304644128,0.16,0
2024,Las Vegas Grand Prix,MAG,LAW,11,6,1.408,10.0,10.0,0.0,MEDIUM,99.946,100.027,-0.08100000000000307,0.3787999999999892,0.3948999999999903,-0.3009999999999995,21.289,0.21300502271226465,0.2,0
2024,Las Vegas Grand Prix,ZHO,OCO,11,23,0.492,11.0,10.0,1.0,MEDIUM,100.021,100.2025,-0.18149999999999977,0.3302000000000055,0.3319999999999959,-0.13799999999999987,21.289,0.21284530248647784,0.2,0
2024,Las Vegas Grand Prix,PIA,BOT,17,8,1.479,6.0,16.0,-10.0,HARD,97.85249999999999,101.68549999999999,-3.8329999999999984,0.30920000000001746,0.1939000000000048,0.27679999999999993,21.289,0.21756214710916943,0.32,1
2024,Abu Dhabi Grand Prix,HAM,VER,29,5,3.621,28.0,28.0,0.0,HARD,88.155,88.4565,-0.3015000000000043,-0.08359999999999632,0.046300000000000806,-0.2607000000000001,22.418,0.25430208156088707,0.4827586206896552,1
2024,Abu Dhabi Grand Prix,RUS,GAS,14,12,1.002,14.0,13.0,1.0,MEDIUM,89.385,89.4615,-0.0764999999999958,-0.012000000000001397,0.050099999999996515,-0.06890000000000027,22.418,0.250802707389383,0.22413793103448276,1
2024,Abu Dhabi Grand Prix,VER,ALO,13,16,0.619,12.0,13.0,-1.0,MEDIUM,89.618,90.793,-1.1750000000000114,0.10000000000000851,0.3950999999999978,-0.038699999999999596,22.418,0.2501506393804816,0.20689655172413793,0
2024,Abu Dhabi Grand Prix,VER,LEC,20,9,4.744,19.0,19.0,0.0,MEDIUM,88.92150000000001,88.82249999999999,0.09900000000001796,-0.04510000000000326,0.020499999999996705,0.19919999999999988,22.418,0.2521100071411301,0.3275862068965517,0
2024,Abu Dhabi Grand Prix,LAW,STR,11,12,1.35,10.0,11.0,-1.0,MEDIUM,89.895,90.0135,-0.11849999999999739,-0.019900000000005566,-0.08809999999999711,-0.08719999999999994,22.418,0.24937983202625286,0.1724137931034483,0
2024,Abu Dhabi Grand Prix,LAW,MAG,12,11,2.848,11.0,11.0,0.0,MEDIUM,90.048,90.3905,-0.34250000000000114,0.12340000000001197,-0.028799999999995152,0.6205000000000013,22.418,0.24895611229566453,0.1896551724137931,0
2024,Abu Dhabi Grand Prix,TSU,ALB,12,10,1.259,11.0,11.0,0.0,MEDIUM,90.1785,90.15450000000001,0.0239999999999867,0.05660000000000831,0.02950000000000738,-0.006499999999999941,22.418,0.24859584047195285,0.1896551724137931,0
2024,Abu Dhabi Grand Prix,LEC,HUL,13,7,0.717,12.0,12.0,0.0,MEDIUM,89.425,89.974,-0.5490000000000066,-0.0828999999999915,0.2553000000000094,0.04180000000000024,22.418,0.25069052278445625,0.20689655172413793,1
2024,Abu Dhabi Grand Prix,RUS,SAI,25,1,17.044,25.0,24.0,1.0,MEDIUM,88.74100000000001,87.84700000000001,0.8940000000000055,-0.06649999999999556,-0.03359999999999721,1.0892999999999995,22.418,0.25262280118547226,0.41379310344827586,0
2024,Abu Dhabi Grand Prix,ALO,DOO,22,15,1.834,9.0,21.0,-12.0,HARD,88.7235,89.7555,-1.0319999999999965,0.03740000000000618,-0.194,-1.1531999999999967,22.418,0.25267262901035237,0.3620689655172414,1
2024,Abu Dhabi Grand Prix,VER,RUS,26,3,4.751,25.0,26.0,-1.0,MEDIUM,88.4465,88.523,-0.0764999999999958,-0.04549999999999553,-0.14500000000000715,-0.19609999999999983,22.418,0.2534639584381519,0.43103448275862066,0
2024,Abu Dhabi Grand Prix,ZHO,BOT,6,6,0.666,5.0,5.0,0.0,MEDIUM,89.99350000000001,89.98850000000002,0.0049999999999954525,,,0.021999999999999884,22.418,0.24910687994132905,0.08620689655172414,1
