year,circuit,driver,car_ahead,pit_lap,gap_ahead,tire_age,car_ahead_tire_age,tire_age_advantage,compound,own_pace,threat_pace,pace_delta,deg_delta,ca_deg_delta,closing_rate,pit_loss,pit_loss_fraction,race_progress,undercut_success
2022,Bahrain Grand Prix,VER,LEC,14,3.472,16.0,13.0,-3.0,SOFT,98.8015,98.55950000000001,0.24199999999999022,-0.004599999999997062,0.04469999999999536,0.1961000000000002,25.145,0.2545001847137948,0.22807017543859648,0
2022,Bahrain Grand Prix,VER,LEC,30,3.68,15.0,17.0,2.0,SOFT,97.133,97.13499999999999,-0.001999999999995339,0.1700000000000035,0.17020000000000857,-0.03399999999999989,25.145,0.25887185611481167,0.5087719298245614,0
2022,Bahrain Grand Prix,GAS,MAG,14,1.576,16.0,13.0,-3.0,SOFT,100.4795,100.5775,-0.09799999999999898,0.05600000000000235,0.059899999999993146,-0.06110000000000007,25.145,0.25025005100542896,0.22807017543859648,0
2022,Bahrain Grand Prix,GAS,MAG,32,5.448,17.0,20.0,3.0,MEDIUM,97.9685,98.2815,-0.3129999999999882,0.1415000000000101,0.06440000000000111,-0.2676999999999999,25.145,0.25666413183829495,0.543859649122807,0
2022,Bahrain Grand Prix,PER,LEC,15,12.816,17.0,14.0,-3.0,SOFT,99.236,98.6195,0.616500000000002,-0.02489999999999775,0.0354999999999967,2.8513999999999937,25.145,0.25338586803176266,0.24561403508771928,0
2022,Bahrain Grand Prix,ALO,OCO,11,1.852,13.0,10.0,-3.0,SOFT,101.125,100.3595,0.765500000000003,0.24249999999999683,0.027499999999993325,-0.05869999999999977,25.145,0.24865265760197774,0.17543859649122806,1
2022,Bahrain Grand Prix,ALO,GAS,25,6.982,13.0,10.0,-3.0,MEDIUM,98.937,97.8715,1.0655000000000001,0.04489999999999466,0.0054999999999971,1.0255999999999992,25.145,0.2541516318465286,0.42105263157894735,0
2022,Bahrain Grand Prix,STR,ALO,18,1.659,17.0,6.0,-11.0,SOFT,100.993,99.374,1.6189999999999998,-0.09751428571428457,0.10980000000000224,-2.3469999999999915,25.145,0.24897765191646948,0.2982456140350877,0
2022,Bahrain Grand Prix,MAG,RUS,14,7.178,13.0,16.0,3.0,SOFT,100.5775,99.6805,0.8970000000000056,0.059899999999993146,-0.007099999999997656,0.9166000000000019,25.145,0.25000621411349455,0.22807017543859648,0
2022,Bahrain Grand Prix,TSU,RUS,15,16.948,14.0,17.0,3.0,SOFT,100.581,99.692,0.88900000000001,-0.03820000000000997,-0.013700000000002256,3.6601999999999926,25.145,0.24999751444109722,0.24561403508771928,0
2022,Bahrain Grand Prix,TSU,OCO,29,4.195,13.0,14.0,1.0,MEDIUM,98.4915,98.108,0.38349999999999795,0.007099999999996919,-0.13589999999999203,0.46340000000000037,25.145,0.255301218886909,0.49122807017543857,0
2022,Bahrain Grand Prix,ALB,ZHO,13,3.282,12.0,12.0,0.0,SOFT,101.88499999999999,100.68,1.204999999999984,-0.13749999999999266,-0.3488999999999933,0.579799999999999,25.145,0.2467978603327281,0.21052631578947367,0
2022,Bahrain Grand Prix,ALB,STR,35,5.832,21.0,16.0,-5.0,MEDIUM,99.206,98.3075,0.8984999999999985,-0.06309999999999581,-0.21120000000000214,0.7488999999999989,25.145,0.2534624921879725,0.5964912280701754,0
2022,Bahrain Grand Prix,ZHO,HAM,15,1.858,14.0,4.0,-10.0,SOFT,100.58800000000001,98.574,2.01400000000001,-0.022300000000002977,,-0.49669999999999886,25.145,0.24998011691255415,0.24561403508771928,0
2022,Bahrain Grand Prix,HUL,NOR,19,0.87,18.0,18.0,0.0,SOFT,102.59450000000001,102.017,0.5775000000000148,0.2518000000000047,-0.32709999999999556,-0.6278000000000027,25.145,0.2450911111219412,0.3157894736842105,1
2022,Bahrain Grand Prix,RIC,NOR,17,1.399,16.0,16.0,0.0,MEDIUM,101.705,101.948,-0.242999999999995,0.3240000000000067,0.09310000000000487,-0.08269999999999988,25.145,0.24723464923061797,0.2807017543859649,1
2022,Bahrain Grand Prix,RIC,ALB,33,6.742,15.0,19.0,4.0,SOFT,98.7805,99.314,-0.5334999999999894,-0.16300000000000373,-0.11330000000000653,-0.5923000000000016,25.145,0.2545542895611988,0.5614035087719298,0
2022,Bahrain Grand Prix,OCO,GAS,14,2.324,13.0,16.0,3.0,SOFT,100.4385,100.4795,-0.04099999999999682,0.06239999999999471,0.05600000000000235,-0.0754000000000006,25.145,0.2503522055785381,0.22807017543859648,0
2022,Bahrain Grand Prix,NOR,ALB,24,1.664,23.0,10.0,-13.0,MEDIUM,100.742,99.42150000000001,1.3204999999999956,-0.15949999999999223,-0.018100000000002846,0.35179999999999784,25.145,0.24959798296638938,0.40350877192982454,1
2022,Bahrain Grand Prix,HAM,SAI,11,2.259,12.0,13.0,1.0,SOFT,99.5435,99.01750000000001,0.525999999999982,0.3710000000000097,-0.06180000000000254,0.47639999999999955,25.145,0.2526031333035306,0.17543859649122806,0
2022,Bahrain Grand Prix,HAM,PER,27,13.39,16.0,11.0,-5.0,HARD,97.7015,96.8065,0.894999999999996,-0.08570000000000243,0.14910000000000026,1.0495999999999999,25.145,0.2573655471000957,0.45614035087719296,0
2022,Bahrain Grand Prix,MSC,STR,12,1.101,11.0,11.0,0.0,SOFT,102.021,101.72300000000001,0.2979999999999876,0.16290000000000252,0.05780000000001223,-0.16930000000000045,25.145,0.246468864253438,0.19298245614035087,1
2022,Bahrain Grand Prix,SAI,VER,14,5.788,16.0,16.0,0.0,SOFT,99.358,98.8015,0.5564999999999998,0.12670000000000348,-0.004599999999997062,0.4783000000000012,25.145,0.2530747398297067,0.22807017543859648,1
2022,Bahrain Grand Prix,LAT,RIC,14,1.022,13.0,13.0,0.0,SOFT,102.398,101.858,0.539999999999992,0.19579999999999528,-0.2356000000000055,-0.4784000000000011,25.145,0.24556143674681147,0.22807017543859648,1
2022,Bahrain Grand Prix,LAT,RIC,32,4.517,17.0,14.0,-3.0,SOFT,100.5435,98.8415,1.7019999999999982,0.007800000000003138,-0.16469999999999368,-0.925400000000006,25.145,0.2500907567371337,0.543859649122807,0
2022,Bahrain Grand Prix,RUS,PER,15,5.195,17.0,17.0,0.0,SOFT,99.692,99.236,0.45599999999998886,-0.013700000000002256,-0.02489999999999775,0.44929999999999937,25.145,0.2522268587248726,0.24561403508771928,0
2022,Bahrain Grand Prix,BOT,TSU,14,3.135,16.0,13.0,-3.0,SOFT,100.4125,100.59800000000001,-0.18550000000001887,0.10649999999999736,0.015799999999995686,-0.22030000000000044,25.145,0.25041702975227187,0.22807017543859648,0
2022,Emilia Romagna Grand Prix,PER,VER,18,6.443,17.0,17.0,0.0,INTERMEDIATE,91.32750000000001,91.099,0.22850000000001103,0.15600000000000666,0.10610000000000762,0.32169999999999865,31.033,0.3397990747584243,0.2698412698412698,0
2022,Emilia Romagna Grand Prix,PER,VER,50,13.536,31.0,30.0,-1.0,MEDIUM,78.17150000000001,77.668,0.5035000000000025,0.07309999999999425,0.018799999999996448,0.5228999999999984,31.033,0.3969861138650275,0.7777777777777778,0
2022,Emilia Romagna Grand Prix,NOR,LEC,19,10.582,18.0,18.0,0.0,INTERMEDIATE,91.254,91.0915,0.16250000000000853,-0.4384000000000016,-0.0993000000000009,0.3721000000000004,31.033,0.3400727639336358,0.2857142857142857,0
2022,Emilia Romagna Grand Prix,RUS,NOR,18,5.845,17.0,17.0,0.0,INTERMEDIATE,92.559,91.7805,0.778499999999994,0.1830000000000082,-0.2650999999999909,0.4424999999999987,31.033,0.33527803887250296,0.2698412698412698,0
2022,Emilia Romagna Grand Prix,LEC,VER,19,7.621,18.0,18.0,0.0,INTERMEDIATE,91.0915,91.099,-0.00750000000000739,-0.0993000000000009,-0.1488000000000021,1.7163000000000037,31.033,0.34067942673026574,0.2857142857142857,0
2022,Emilia Romagna Grand Prix,LEC,PER,49,3.048,29.0,30.0,1.0,MEDIUM,77.9685,78.1275,-0.15899999999999181,-0.09629999999999439,0.04620000000000287,-0.09550000000000013,31.033,0.3980197130892604,0.7619047619047619,0
2022,Emilia Romagna Grand Prix,VET,MAG,17,1.455,16.0,16.0,0.0,INTERMEDIATE,94.69149999999999,94.4935,0.1979999999999933,0.6267999999999995,-0.1368999999999982,-0.26950000000000013,31.033,0.3277274095351748,0.25396825396825395,1
2022,Emilia Romagna Grand Prix,GAS,OCO,17,4.953,16.0,16.0,0.0,INTERMEDIATE,94.129,93.6925,0.43650000000000944,0.1224999999999997,0.3170000000000059,0.2565000000000002,31.033,0.3296858566435424,0.25396825396825395,0
2022,Emilia Romagna Grand Prix,RIC,MSC,16,2.527,15.0,15.0,0.0,INTERMEDIATE,94.76249999999999,94.1105,0.6519999999999868,0.28689999999999716,0.171299999999996,0.10610000000000017,31.033,0.32748186255111467,0.23809523809523808,1
2022,Miami Grand Prix,GAS,HAM,16,4.13,15.0,15.0,0.0,MEDIUM,94.6965,94.215,0.48149999999999693,-0.13650000000000714,-0.14870000000000363,0.525800000000001,19.5,0.20592102136826598,0.2631578947368421,0
2022,Miami Grand Prix,ALO,GAS,15,0.837,14.0,14.0,0.0,MEDIUM,94.789,94.7685,0.02049999999999841,-0.16220000000000095,-0.09710000000000156,0.037899999999999996,19.5,0.20572007300425155,0.24561403508771928,0
2022,Miami Grand Prix,LEC,VER,24,4.665,23.0,23.0,0.0,MEDIUM,92.256,91.88900000000001,0.3669999999999902,-0.18568571428571073,-0.17725714285714195,0.4691000000000006,19.5,0.21136836628511968,0.40350877192982454,0
2022,Miami Grand Prix,MAG,MSC,12,0.825,11.0,11.0,0.0,MEDIUM,95.37299999999999,95.945,-0.5720000000000027,-0.19599999999999657,0.1766000000000088,-0.536400000000001,19.5,0.20446038186908247,0.19298245614035087,1
2022,Miami Grand Prix,TSU,MAG,11,2.466,10.0,10.0,0.0,MEDIUM,96.4825,95.4445,1.0379999999999967,-0.35340000000001004,-0.7497000000000075,0.6704999999999993,19.5,0.20210919078589382,0.17543859649122806,0
2022,Miami Grand Prix,ALB,RIC,16,1.036,15.0,15.0,0.0,MEDIUM,95.0635,95.36000000000001,-0.29650000000000887,-0.19940000000000357,-0.06960000000000637,0.09269999999999969,19.5,0.20512604732626086,0.2631578947368421,1
2022,Miami Grand Prix,NOR,HAM,18,10.636,17.0,17.0,0.0,MEDIUM,94.68950000000001,94.185,0.5045000000000073,-0.10819999999999436,0.07520000000000661,2.342599999999993,19.5,0.2059362442509465,0.2982456140350877,0
2022,Miami Grand Prix,HAM,BOT,22,5.96,21.0,21.0,0.0,MEDIUM,93.727,93.282,0.4450000000000074,-0.04491428571428866,-0.10634285714286046,0.8789999999999963,19.5,0.2080510418556019,0.3684210526315789,0
2022,Miami Grand Prix,MSC,NOR,14,2.837,13.0,13.0,0.0,MEDIUM,95.2875,95.5025,-0.2150000000000034,-0.19730000000000147,-0.22690000000000157,0.30780000000000113,19.5,0.20464384100747737,0.22807017543859648,1
2022,Miami Grand Prix,BOT,PER,26,9.932,25.0,25.0,0.0,MEDIUM,92.9945,92.844,0.15050000000000807,-0.10159999999999543,-0.14880000000000465,0.7970000000000018,19.5,0.20968982036572054,0.43859649122807015,0
2022,Spanish Grand Prix,VER,RUS,13,1.086,15.0,15.0,0.0,SOFT,88.562,88.85300000000001,-0.291000000000011,0.18454285714286867,0.0008285714285799145,-0.32270000000000004,22.39,0.25281723538312145,0.18181818181818182,1
2022,Spanish Grand Prix,VER,RUS,28,0.616,14.0,14.0,0.0,MEDIUM,87.178,87.195,-0.016999999999995907,-0.16119999999999915,-0.16149999999999953,0.010699999999999951,22.39,0.25683085182041343,0.4090909090909091,1
2022,Spanish Grand Prix,PER,LEC,17,15.411,19.0,16.0,-3.0,SOFT,88.37899999999999,87.593,0.7859999999999872,-0.13690000000000552,-0.09490000000000287,0.8334000000000004,22.39,0.2533407257380147,0.24242424242424243,0
2022,Spanish Grand Prix,RUS,LEC,13,9.837,15.0,12.0,-3.0,SOFT,88.85300000000001,88.15400000000001,0.6989999999999981,0.0008285714285799145,0.1915142857142924,1.4072999999999982,22.39,0.2519892406559148,0.18181818181818182,0
2022,Spanish Grand Prix,RUS,PER,36,4.62,22.0,18.0,-4.0,MEDIUM,87.206,86.2345,0.971500000000006,-0.30330000000000074,-0.012300000000001558,0.9998000000000007,22.39,0.2567483888723253,0.5303030303030303,0
2022,Spanish Grand Prix,RUS,PER,51,9.895,14.0,13.0,-1.0,MEDIUM,84.6685,84.29400000000001,0.3744999999999834,-0.20490000000000125,0.19079999999998928,1.3712999999999984,22.39,0.2644430927676763,0.7575757575757576,0
2022,Spanish Grand Prix,SAI,TSU,10,0.895,12.0,9.0,-3.0,SOFT,88.9735,89.7495,-0.7759999999999962,0.5296428571428554,0.009500000000006241,-0.16379999999999978,22.39,0.2516479625956043,0.13636363636363635,1
2022,Spanish Grand Prix,SAI,VER,31,4.856,20.0,5.0,-15.0,MEDIUM,86.9765,85.4,1.5764999999999958,0.04910000000000441,0.34891780821917473,-1.123599999999994,22.39,0.2574258564094899,0.45454545454545453,0
2022,Spanish Grand Prix,BOT,PER,14,5.797,16.0,16.0,0.0,SOFT,88.619,88.92850000000001,-0.3095000000000141,-0.1451999999999992,-0.24300000000000282,-0.3719000000000018,22.39,0.25265462259786275,0.19696969696969696,0
2022,Spanish Grand Prix,BOT,VER,34,3.961,19.0,8.0,-11.0,MEDIUM,87.0855,84.402,2.683499999999995,0.07349999999999614,0.15450000000000041,-4.179299999999983,22.39,0.25710365100963994,0.5,0
2022,Spanish Grand Prix,OCO,BOT,13,4.098,12.0,15.0,3.0,SOFT,89.036,88.721,0.3149999999999977,0.03791428571429579,-0.00694285714285121,0.2635999999999994,22.39,0.2514713149737185,0.18181818181818182,0
2022,Spanish Grand Prix,OCO,VER,35,25.249,21.0,9.0,-12.0,MEDIUM,87.7785,84.6105,3.167999999999992,-0.253699999999994,0.07390000000000788,3.3505000000000003,22.39,0.2550738506581908,0.5151515151515151,0
2022,Spanish Grand Prix,NOR,OCO,12,5.04,11.0,11.0,0.0,SOFT,89.41799999999999,89.036,0.3819999999999908,-0.008857142857138994,0.07021428571429499,1.275300000000003,22.39,0.2503970117873359,0.16666666666666666,0
2022,Spanish Grand Prix,NOR,OCO,33,5.468,20.0,19.0,-1.0,MEDIUM,87.4815,87.96600000000001,-0.48450000000001125,-0.16230000000000386,0.048799999999995916,-0.735300000000004,22.39,0.2559398272777673,0.48484848484848486,0
2022,Spanish Grand Prix,ALO,GAS,10,0.232,9.0,9.0,0.0,SOFT,90.143,89.981,0.16200000000000614,0.378428571428574,0.222428571428572,-0.09549999999999992,22.39,0.24838312459092776,0.13636363636363635,1
2022,Spanish Grand Prix,ALO,TSU,31,3.507,20.0,19.0,-1.0,MEDIUM,88.173,87.9735,0.19950000000000045,-0.10090000000000392,-0.1083999999999951,0.11669999999999989,22.39,0.25393260975582094,0.45454545454545453,1
2022,Spanish Grand Prix,TSU,RIC,11,0.905,10.0,13.0,3.0,SOFT,90.0505,90.33500000000001,-0.2845000000000084,0.15050000000000216,0.32150000000001167,0.010500000000000037,22.39,0.24863826408515222,0.15151515151515152,1
2022,Spanish Grand Prix,TSU,NOR,32,5.069,20.0,19.0,-1.0,MEDIUM,87.96050000000001,87.69,0.2705000000000126,-0.10190000000000266,-0.08690000000000311,0.1987999999999994,22.39,0.2545460746585115,0.4696969696969697,0
2022,Spanish Grand Prix,TSU,ALO,52,4.901,22.0,20.0,-2.0,SOFT,85.4725,84.99199999999999,0.48050000000000637,0.16349999999999404,0.01849999999999766,0.3244000000000011,22.39,0.26195559975430693,0.7727272727272727,0
2022,Spanish Grand Prix,VET,SAI,21,4.815,23.0,10.0,-13.0,SOFT,89.85749999999999,87.4365,2.4209999999999923,-0.13940000000000544,-0.07500000000001322,0.48079999999999695,22.39,0.24917230058704062,0.30303030303030304,0
2022,Spanish Grand Prix,VET,NOR,42,4.379,23.0,11.0,-12.0,SOFT,86.9015,84.938,1.9634999999999962,0.14710000000000692,-0.16389999999999846,-0.31969999999999754,22.39,0.2576480267889507,0.6212121212121212,0
2022,Spanish Grand Prix,RIC,NOR,11,1.473,13.0,10.0,-3.0,SOFT,90.33500000000001,89.354,0.9810000000000088,0.32150000000001167,-0.047749999999998745,0.10569999999999997,22.39,0.24785520562351246,0.15151515151515152,0
2022,Spanish Grand Prix,RIC,ALO,31,7.522,22.0,20.0,-2.0,SOFT,88.72749999999999,88.173,0.5544999999999902,-0.0030000000000048404,-0.10090000000000392,1.512999999999991,22.39,0.25234566509819395,0.45454545454545453,0
2022,Spanish Grand Prix,GAS,SAI,10,1.431,9.0,12.0,3.0,SOFT,89.981,88.9735,1.0074999999999932,0.222428571428572,0.5296428571428554,0.17339999999999992,22.39,0.24883030862070885,0.13636363636363635,0
2022,Spanish Grand Prix,GAS,RIC,29,6.677,18.0,20.0,2.0,MEDIUM,88.99249999999999,88.75450000000001,0.23799999999998533,0.025599999999999644,0.04889999999999931,1.3797000000000013,22.39,0.25159423546928117,0.42424242424242425,0
2022,Spanish Grand Prix,GAS,RIC,46,6.334,19.0,14.0,-5.0,SOFT,86.30799999999999,86.374,-0.0660000000000025,-0.0915000000000104,-0.023200000000000175,-0.19150000000000003,22.39,0.2594197525142513,0.6818181818181818,0
2022,Spanish Grand Prix,MSC,NOR,12,1.721,13.0,11.0,-2.0,SOFT,90.25800000000001,89.41799999999999,0.8400000000000176,0.2269285714285795,-0.008857142857138994,-0.10940000000000091,22.39,0.2480666533714463,0.16666666666666666,0
2022,Spanish Grand Prix,MSC,ALO,30,4.436,20.0,19.0,-1.0,SOFT,88.81649999999999,88.195,0.6214999999999975,0.09080000000000568,-0.08869999999999888,0.5358999999999995,22.39,0.2520927980724303,0.4393939393939394,0
2022,Spanish Grand Prix,STR,VET,14,3.81,16.0,16.0,0.0,SOFT,90.132,89.89000000000001,0.24199999999999022,-0.3405999999999996,-0.35109999999999875,0.15080000000000032,22.39,0.24841343806861046,0.19696969696969696,1
2022,Spanish Grand Prix,STR,GAS,27,0.571,15.0,16.0,1.0,SOFT,88.494,89.02850000000001,-0.5345000000000084,0.09969999999999449,-0.2606000000000012,-0.6231,22.39,0.25301150360476415,0.3939393939393939,0
2022,Spanish Grand Prix,LAT,STR,12,4.108,11.0,14.0,3.0,SOFT,91.106,90.487,0.6189999999999998,,,0.9037000000000017,22.39,0.24575768884595967,0.16666666666666666,0
2022,Spanish Grand Prix,LAT,VET,26,11.529,13.0,7.0,-6.0,MEDIUM,89.721,87.365,2.3560000000000088,0.19899999999999324,-0.16999999999999604,-0.25170000000000026,22.39,0.2495513870777187,0.3787878787878788,0
2022,Spanish Grand Prix,MAG,HAM,29,23.077,27.0,6.0,-21.0,MEDIUM,89.8885,85.5935,4.2949999999999875,-0.08180000000000012,-0.27809999999998947,4.568300000000001,22.39,0.24908636811160495,0.42424242424242425,0
2022,Spanish Grand Prix,ALB,STR,11,2.437,10.0,13.0,3.0,SOFT,91.10000000000001,90.753,0.3470000000000084,,,0.2767999999999997,22.39,0.24577387486278812,0.15151515151515152,0
2022,Spanish Grand Prix,ALB,LAT,25,2.94,13.0,12.0,-1.0,MEDIUM,90.4605,89.41300000000001,1.0474999999999852,-0.18830000000000607,-0.21069999999999312,-2.6683000000000034,22.39,0.24751134473057304,0.36363636363636365,0
2022,Spanish Grand Prix,ZHO,VET,10,1.968,9.0,12.0,3.0,SOFT,90.396,90.207,0.18900000000000716,,0.14085714285714518,0.46649999999999964,22.39,0.24768795079428294,0.13636363636363635,1
2022,Monaco Grand Prix,VER,SAI,18,4.825,17.0,17.0,0.0,WET,91.494,91.54150000000001,-0.04750000000001364,-0.8301999999999949,-0.3957999999999896,1.2757999999999965,27.421,0.299702712746191,0.265625,0
2022,Monaco Grand Prix,PER,SAI,16,2.647,15.0,15.0,0.0,WET,92.887,92.5495,0.3375000000000057,-0.9834999999999914,-0.9624000000000003,0.3116000000000005,27.421,0.2952081561467159,0.234375,1
2022,Monaco Grand Prix,NOR,VER,17,11.244,16.0,16.0,0.0,WET,93.45249999999999,92.51599999999999,0.9364999999999952,-0.469700000000001,-0.8787000000000034,0.6985999999999999,27.421,0.2934217918193735,0.25,0
2022,Monaco Grand Prix,HAM,ALO,15,4.196,14.0,14.0,0.0,WET,95.869,94.402,1.4669999999999987,-0.9305000000000162,-0.936500000000007,0.4283999999999987,27.421,0.2860257226006321,0.21875,0
2022,Monaco Grand Prix,MSC,RIC,4,0.361,3.0,3.0,0.0,WET,109.282,108.928,0.3539999999999992,,,,27.421,0.2509196390988452,0.046875,0
2022,Monaco Grand Prix,MSC,ALB,17,0.303,12.0,16.0,4.0,INTERMEDIATE,95.439,95.5355,-0.09650000000000603,-0.7072999999999913,-0.7777999999999968,-0.0843000000000001,27.421,0.28731441025157434,0.25,0
2022,Monaco Grand Prix,VET,HAM,6,2.286,5.0,5.0,0.0,WET,104.01700000000001,103.12,0.8970000000000056,-2.944499999999985,-2.680499999999995,0.7219999999999999,27.421,0.26362036974725284,0.078125,0
2022,Azerbaijan Grand Prix,LAT,MSC,17,17.487,16.0,9.0,-7.0,MEDIUM,111.5515,109.724,1.8275000000000006,0.43620000000000864,0.23871428571429024,1.7044999999999995,22.031,0.19749622371729647,0.3137254901960784,0
2022,Canadian Grand Prix,ALO,HAM,28,5.654,27.0,18.0,-9.0,MEDIUM,78.20349999999999,76.43799999999999,1.765500000000003,-0.05530000000000436,-0.23919999999999764,1.6896999999999904,24.045,0.30746705710102495,0.38571428571428573,0
2022,Canadian Grand Prix,LAT,NOR,37,20.107,27.0,17.0,-10.0,HARD,78.91550000000001,77.04,1.8755000000000024,-0.05299999999999685,0.22500000000000772,2.1267999999999843,24.045,0.3046929944054083,0.5142857142857142,0
2022,British Grand Prix,VER,ALO,23,11.784,10.0,21.0,11.0,MEDIUM,93.68799999999999,92.853,0.8349999999999937,-0.09570000000000305,-0.0676999999999987,0.8500000000000008,29.81,0.31818375885919226,0.4230769230769231,0
2022,British Grand Prix,GAS,MSC,16,3.746,14.0,14.0,0.0,SOFT,94.78800000000001,94.5705,0.21750000000001535,-0.11619999999999785,-0.11030000000000302,0.21520000000000036,29.81,0.31449128581677,0.28846153846153844,0
2022,British Grand Prix,PER,LEC,5,1.55,3.0,3.0,0.0,MEDIUM,122.2425,121.76400000000001,0.4784999999999968,,,0.12799999999999992,29.81,0.24385954148516267,0.07692307692307693,0
2022,British Grand Prix,ALO,NOR,33,2.014,31.0,32.0,1.0,MEDIUM,91.9785,92.046,-0.06750000000000966,-0.04310000000000572,-0.060199999999999775,-0.039500000000000285,29.81,0.3240974793022282,0.6153846153846154,0
2022,British Grand Prix,STR,GAS,15,0.743,15.0,13.0,-2.0,MEDIUM,94.708,94.787,-0.07900000000000773,-0.15559999999999552,-0.27714285714285697,-0.3330999999999997,29.81,0.3147569371119652,0.2692307692307692,0
2022,British Grand Prix,OCO,VER,22,3.576,20.0,9.0,-11.0,SOFT,93.8135,93.7825,0.03100000000000591,-0.035899999999997025,-0.07949999999999402,0.015599999999999965,29.81,0.31775810517676023,0.40384615384615385,0
2022,British Grand Prix,MSC,RIC,19,0.47,17.0,18.0,1.0,MEDIUM,94.39750000000001,94.455,-0.05749999999999034,-0.010199999999990442,-0.010199999999996072,-0.03970000000000054,29.81,0.31579226144760186,0.34615384615384615,1
2022,British Grand Prix,VET,RIC,6,0.514,4.0,5.0,1.0,SOFT,97.405,97.68900000000001,-0.284000000000006,-12.523999999999987,-16.55349999999998,-2.0145,29.81,0.30604178430265383,0.09615384615384616,1
2022,British Grand Prix,LAT,OCO,19,1.986,17.0,17.0,0.0,SOFT,94.3605,94.0205,0.3400000000000034,-0.015099999999991398,-0.1545999999999951,0.4027000000000008,29.81,0.31591608776977653,0.34615384615384615,1
2022,Austrian Grand Prix,VER,LEC,36,2.693,22.0,9.0,-13.0,HARD,69.1155,67.8075,1.3079999999999927,0.0038999999999979875,-0.0808999999999901,1.14499999999999,21.973,0.3179171097655374,0.49295774647887325,1
2022,Austrian Grand Prix,GAS,STR,12,0.978,11.0,13.0,2.0,MEDIUM,71.401,71.271,0.12999999999999545,-0.008599999999992206,0.07660000000000058,0.052399999999999995,21.973,0.30774078794414644,0.15492957746478872,1
2022,Austrian Grand Prix,GAS,ALB,40,2.279,27.0,28.0,1.0,HARD,69.981,69.831,0.14999999999999147,0.12150000000000358,0.075400000000001,0.14010000000000036,21.973,0.3139852245609523,0.5492957746478874,0
2022,Austrian Grand Prix,ALO,MSC,27,0.647,26.0,10.0,-16.0,HARD,71.279,70.3105,0.9684999999999917,-0.1950000000000077,-0.06570000000000621,-0.04450000000000047,21.973,0.308267512170485,0.36619718309859156,1
2022,Austrian Grand Prix,STR,LEC,29,22.273,30.0,2.0,-28.0,MEDIUM,70.614,68.8045,1.8094999999999999,-0.04419999999999813,0.09473372781065087,1.919500000000002,21.973,0.3111705894015351,0.39436619718309857,0
2022,Austrian Grand Prix,MAG,OCO,15,1.766,14.0,14.0,0.0,MEDIUM,71.17,70.917,0.2530000000000001,0.1260999999999919,-0.006800000000002527,0.30969999999999936,21.973,0.3087396374877055,0.19718309859154928,0
2022,Austrian Grand Prix,MAG,MSC,41,2.844,25.0,24.0,-1.0,HARD,69.4215,69.138,0.2834999999999894,-0.021000000000002735,0.12249999999999206,0.28729999999999983,21.973,0.3165157768126589,0.5633802816901409,0
2022,Austrian Grand Prix,TSU,OCO,26,2.423,25.0,9.0,-16.0,HARD,70.8905,70.10050000000001,0.789999999999992,-0.015399999999995834,0.14330000000000936,-1.2708000000000017,21.973,0.30995690536813814,0.352112676056338,0
2022,Austrian Grand Prix,ALB,GAS,11,0.969,10.0,10.0,0.0,MEDIUM,71.4085,71.401,0.00750000000000739,-0.08940000000000292,-0.08810000000000356,0.08949999999999991,21.973,0.3077084660789682,0.14084507042253522,1
2022,Austrian Grand Prix,ALB,RIC,41,4.801,29.0,28.0,-1.0,HARD,69.865,69.434,0.4309999999999974,0.10899999999999807,0.08142857142857034,0.4122999999999996,21.973,0.3145065483432334,0.5633802816901409,0
2022,Austrian Grand Prix,ZHO,OCO,24,0.798,23.0,7.0,-16.0,HARD,71.108,69.9025,1.2055000000000007,0.18079999999999857,0.03430000000000515,0.025700000000000053,21.973,0.30900883163638404,0.323943661971831,0
2022,Austrian Grand Prix,RIC,NOR,12,1.71,11.0,11.0,0.0,MEDIUM,71.32300000000001,70.9925,0.3305000000000007,0.07580000000001041,-0.07369999999998977,0.26430000000000037,21.973,0.30807733830601625,0.15492957746478872,0
2022,Austrian Grand Prix,OCO,SAI,16,13.09,15.0,15.0,0.0,MEDIUM,70.919,70.20349999999999,0.7155000000000058,0.03609999999999932,-0.08730000000000397,0.5940000000000023,21.973,0.30983234394167997,0.2112676056338028,0
2022,Austrian Grand Prix,OCO,HAM,44,15.782,27.0,15.0,-12.0,HARD,68.953,68.148,0.8050000000000068,-0.029000000000012547,0.10202857142857942,1.0732000000000004,21.973,0.31866633794033616,0.6056338028169014,0
2022,Austrian Grand Prix,NOR,HAM,14,1.869,13.0,13.0,0.0,MEDIUM,70.999,71.113,-0.11400000000000432,0.10979999999999322,0.09839999999999703,-0.10840000000000036,21.973,0.3094832321581994,0.18309859154929578,0
2022,Austrian Grand Prix,HAM,VER,28,7.84,27.0,14.0,-13.0,MEDIUM,69.72800000000001,68.8725,0.8555000000000064,-0.017800000000004604,-0.027100000000001036,0.723299999999996,21.973,0.31512448370812296,0.38028169014084506,0
2022,Austrian Grand Prix,MSC,HAM,16,0.745,15.0,15.0,0.0,MEDIUM,71.48249999999999,71.0065,0.4759999999999849,0.16319999999999435,-0.23390000000000355,0.05420000000000011,21.973,0.3073899206099395,0.2112676056338028,0
2022,Austrian Grand Prix,MSC,OCO,43,3.307,26.0,26.0,0.0,HARD,69.039,69.076,-0.03699999999999193,-0.060384615384613774,0.003423076923074627,0.15899999999999964,21.973,0.3182693839713785,0.5915492957746479,0
2022,Austrian Grand Prix,VET,ALO,20,1.62,20.0,19.0,-1.0,HARD,71.045,71.05950000000001,-0.014500000000012392,-0.07579999999999922,0.04899999999999557,-0.024199999999999718,21.973,0.30928284889858537,0.2676056338028169,1
2022,Austrian Grand Prix,VET,TSU,44,5.097,25.0,17.0,-8.0,MEDIUM,69.23949999999999,69.37950000000001,-0.14000000000001478,-0.34799999999999454,0.017099999999990022,-0.3388999999999975,21.973,0.31734775669957177,0.6056338028169014,0
2022,Austrian Grand Prix,LAT,ZHO,12,0.914,11.0,11.0,0.0,MEDIUM,71.786,71.7595,0.026499999999998636,-0.02589999999999421,-0.032499999999993825,0.045400000000000024,21.973,0.30609032401861086,0.15492957746478872,1
2022,Austrian Grand Prix,RUS,SAI,11,9.144,10.0,10.0,0.0,MEDIUM,71.0275,70.22399999999999,0.8035000000000139,-0.08300000000000446,0.04919999999999379,0.9385999999999997,21.973,0.3093590510717679,0.14084507042253522,0
2022,Austrian Grand Prix,RUS,NOR,40,0.69,28.0,25.0,-3.0,HARD,69.131,69.229,-0.09799999999999898,0.034299999999990664,-0.01049999999999708,-0.11880000000000007,21.973,0.31784582893347413,0.5492957746478874,1
2022,Austrian Grand Prix,BOT,VET,6,0.39,5.0,6.0,1.0,MEDIUM,72.12800000000001,72.155,-0.026999999999986812,-0.5401999999999977,-0.8994999999999937,-0.20799999999999988,21.973,0.30463897515527943,0.07042253521126761,1
2022,Austrian Grand Prix,BOT,VET,39,0.966,32.0,20.0,-12.0,HARD,69.7955,69.34,0.4555000000000007,0.11909999999999879,0.01509999999999511,-0.21769999999999948,21.973,0.3148197233345989,0.5352112676056338,1
2022,Hungarian Grand Prix,VER,HAM,16,1.523,16.0,15.0,-1.0,SOFT,83.81700000000001,83.6905,0.12650000000000716,-0.19730000000000167,-0.08410000000000047,0.33320000000000033,22.04,0.26295381605163626,0.21428571428571427,1
2022,Hungarian Grand Prix,VER,SAI,38,1.021,21.0,20.0,-1.0,MEDIUM,81.572,81.80799999999999,-0.23599999999999,0.044599999999999564,0.027100000000002518,-0.41489999999999927,22.04,0.2701907517285343,0.5285714285714286,1
2022,Hungarian Grand Prix,GAS,ZHO,16,3.043,15.0,15.0,0.0,SOFT,85.8335,85.1345,0.6989999999999981,0.1450999999999941,-0.15500000000000078,0.4661000000000013,22.04,0.25677620043456223,0.21428571428571427,1
2022,Hungarian Grand Prix,PER,HAM,18,4.932,17.0,17.0,0.0,SOFT,84.4745,83.922,0.5525000000000091,0.1421000000000108,0.08930000000000454,0.9119999999999978,22.04,0.260907137656926,0.24285714285714285,0
2022,Hungarian Grand Prix,ALO,OCO,21,1.669,20.0,20.0,0.0,MEDIUM,84.985,85.035,-0.04999999999999716,-0.0647000000000033,0.1168999999999968,-0.038699999999998874,22.04,0.2593398835088545,0.2857142857142857,0
2022,Hungarian Grand Prix,STR,BOT,14,1.097,16.0,13.0,-3.0,SOFT,85.55850000000001,85.61000000000001,-0.05150000000000432,0.16729999999999906,0.1383999999999951,0.08990000000000029,22.04,0.2576015241033912,0.18571428571428572,1
2022,Hungarian Grand Prix,MAG,PER,6,2.177,5.0,5.0,0.0,MEDIUM,85.07400000000001,84.6435,0.4305000000000092,,,0.4890000000000003,22.04,0.2590685755930131,0.07142857142857142,0
2022,Hungarian Grand Prix,MAG,LAT,35,3.89,28.0,16.0,-12.0,HARD,83.86399999999999,83.227,0.6369999999999862,-0.1542000000000022,-0.2963000000000012,0.6177999999999996,22.04,0.26280644853572455,0.4857142857142857,1
2022,Hungarian Grand Prix,TSU,VET,13,1.051,12.0,12.0,0.0,SOFT,85.6515,85.1475,0.5040000000000049,0.1536000000000083,0.10510000000000706,-0.17979999999999927,22.04,0.2573218215676316,0.17142857142857143,0
2022,Hungarian Grand Prix,ALB,VET,21,2.171,18.0,6.0,-12.0,MEDIUM,86.099,84.23100000000001,1.867999999999995,0.15019999999999376,-0.40219999999999856,-1.9375999999999989,22.04,0.2559843900626023,0.2857142857142857,0
2022,Hungarian Grand Prix,ALB,MSC,40,16.522,18.0,18.0,0.0,MEDIUM,82.952,83.328,-0.3760000000000048,-0.5551000000000011,0.2688999999999982,-0.05380000000000264,22.04,0.2656958240910406,0.5571428571428572,0
2022,Hungarian Grand Prix,ZHO,NOR,27,10.109,26.0,12.0,-14.0,MEDIUM,84.5445,82.638,1.906499999999994,0.06879999999999659,0.14520000000000363,2.7212000000000023,22.04,0.2606911153297967,0.37142857142857144,0
2022,Hungarian Grand Prix,RIC,ALO,15,5.749,16.0,14.0,-2.0,SOFT,85.428,84.4495,0.9784999999999968,0.4265999999999949,-0.1050000000000013,0.9787999999999979,22.04,0.2579950367560987,0.2,1
2022,Hungarian Grand Prix,OCO,VER,23,2.872,22.0,6.0,-16.0,MEDIUM,84.74,82.099,2.640999999999991,-0.2790000000000029,-0.07919999999998169,0.16290000000000143,22.04,0.26008968609865474,0.3142857142857143,0
2022,Hungarian Grand Prix,NOR,VER,14,2.207,16.0,14.0,-2.0,SOFT,85.8555,83.9555,1.9000000000000057,0.6625000000000022,0.02729999999999814,-0.48060000000000386,22.04,0.2567104029444823,0.18571428571428572,0
2022,Hungarian Grand Prix,HAM,LEC,19,9.295,18.0,18.0,0.0,MEDIUM,84.047,83.451,0.5960000000000036,0.022599999999998982,-0.17199999999999654,0.33780000000000027,22.04,0.26223422608778424,0.2571428571428571,0
2022,Hungarian Grand Prix,MSC,VER,21,10.246,20.0,4.0,-16.0,MEDIUM,85.157,82.337,2.819999999999993,0.1436999999999975,0.373000000000005,0.14729999999999122,22.04,0.25881606914287725,0.2857142857142857,0
2022,Hungarian Grand Prix,MSC,ZHO,41,3.724,19.0,13.0,-6.0,HARD,83.3575,82.80099999999999,0.556500000000014,-0.013600000000002886,-0.17290000000000266,-1.6649999999999983,22.04,0.26440332303631947,0.5714285714285714,1
2022,Hungarian Grand Prix,VET,BOT,15,1.798,14.0,14.0,0.0,SOFT,85.354,85.452,-0.09799999999999898,0.16879999999999534,0.021499999999998493,0.10239999999999978,22.04,0.25821871265552876,0.2,1
2022,Hungarian Grand Prix,LAT,NOR,18,2.89,17.0,3.0,-14.0,MEDIUM,85.7925,82.82350000000001,2.968999999999994,-0.0038999999999918674,0.2729754098360628,0.4615999999999987,22.04,0.2568989130751522,0.24285714285714285,0
2022,Hungarian Grand Prix,LAT,ZHO,39,5.68,20.0,11.0,-9.0,MEDIUM,83.53999999999999,83.1105,0.4294999999999902,0.3756000000000066,-0.11550000000000825,0.6643999999999972,22.04,0.2638257122336605,0.5428571428571428,1
2022,Hungarian Grand Prix,RUS,LEC,39,4.927,22.0,17.0,-5.0,MEDIUM,81.93599999999999,81.185,0.7509999999999906,-0.021971428571430602,0.032942857142855594,0.6496999999999982,22.04,0.2689904315563367,0.5428571428571428,1
2022,Hungarian Grand Prix,BOT,NOR,26,6.65,25.0,11.0,-14.0,MEDIUM,84.15050000000001,82.528,1.6225000000000023,-0.2584999999999973,-0.26319999999999455,1.6855000000000036,22.04,0.26191169392932895,0.35714285714285715,0
2022,Belgian Grand Prix,GAS,TSU,10,0.544,9.0,9.0,0.0,MEDIUM,116.0045,115.9025,0.10199999999998965,0.4807000000000079,0.4495000000000179,-0.07059999999999994,23.346,0.20125081354602625,0.20454545454545456,1
2022,Belgian Grand Prix,GAS,RIC,22,2.535,11.0,9.0,-2.0,HARD,114.286,114.263,0.022999999999996135,0.3635000000000089,0.38400000000000967,0.10429999999999999,23.346,0.20427698930752672,0.4772727272727273,1
2022,Belgian Grand Prix,PER,VER,14,1.625,13.0,13.0,0.0,MEDIUM,114.3415,113.187,1.1544999999999987,0.09099999999999085,-0.1048999999999995,0.012999999999999979,23.346,0.2041778356939519,0.29545454545454547,0
2022,Belgian Grand Prix,PER,VER,27,10.457,12.0,11.0,-1.0,MEDIUM,112.011,110.9845,1.0264999999999986,0.05520000000000263,-0.0059999999999910255,0.9746000000000004,23.346,0.2084259581648231,0.5909090909090909,0
2022,Belgian Grand Prix,ALO,RUS,11,3.743,10.0,10.0,0.0,MEDIUM,114.679,114.305,0.3739999999999952,0.22999999999999196,0.3406999999999872,0.7506999999999997,23.346,0.20357694085229205,0.22727272727272727,0
2022,Belgian Grand Prix,ALO,LEC,25,8.592,13.0,21.0,8.0,MEDIUM,113.797,113.6935,0.10349999999999682,-0.11810000000000657,0.0014000000000097433,0.18070000000000103,23.346,0.2051547931843546,0.5454545454545454,1
2022,Belgian Grand Prix,LEC,RUS,25,12.19,21.0,11.0,-10.0,MEDIUM,113.6935,112.0455,1.6479999999999961,0.0014000000000097433,-0.07839999999999415,1.506,23.346,0.2053415542665148,0.5454545454545454,0
2022,Belgian Grand Prix,STR,SAI,15,6.638,15.0,3.0,-12.0,MEDIUM,115.653,112.4015,3.251500000000007,-0.03870000000000716,0.17376373626373412,1.6464999999999983,23.346,0.20186246789966536,0.3181818181818182,0
2022,Belgian Grand Prix,STR,RIC,26,0.444,11.0,13.0,2.0,MEDIUM,114.3125,114.53200000000001,-0.2195000000000107,0.40850000000000647,0.033799999999992836,-0.45570000000000077,23.346,0.20422963367960634,0.5681818181818182,1
2022,Belgian Grand Prix,MAG,NOR,11,1.901,10.0,10.0,0.0,MEDIUM,116.475,115.49000000000001,0.9849999999999852,0.43499999999999256,0.003599999999988231,0.43289999999999995,23.346,0.20043786220218932,0.22727272727272727,0
2022,Belgian Grand Prix,MAG,ZHO,27,6.697,15.0,12.0,-3.0,HARD,114.336,114.2015,0.13450000000000273,0.05499999999999605,0.2476000000000123,0.35879999999999984,23.346,0.20418765743073047,0.5909090909090909,0
2022,Belgian Grand Prix,TSU,ALO,18,2.204,17.0,6.0,-11.0,HARD,114.689,114.1235,0.5654999999999859,-0.04289999999998478,-0.17799999999998692,-1.013099999999997,23.346,0.2035591905065002,0.38636363636363635,0
2022,Belgian Grand Prix,ALB,VET,10,2.108,9.0,10.0,1.0,MEDIUM,114.607,114.5325,0.07450000000000045,0.20700000000001037,0.16429999999999123,0.48009999999999964,23.346,0.2037048347832157,0.20454545454545456,0
2022,Belgian Grand Prix,ALB,OCO,26,6.658,15.0,13.0,-2.0,HARD,114.566,113.2345,1.3315000000000055,0.057500000000000315,-0.043400000000001056,1.2623000000000029,23.346,0.20377773510465583,0.5681818181818182,0
2022,Belgian Grand Prix,ZHO,LEC,14,4.035,13.0,10.0,-3.0,MEDIUM,115.451,114.297,1.1539999999999964,-0.46950000000000264,-0.34330000000000854,1.0442000000000016,23.346,0.2022156585910906,0.29545454545454547,0
2022,Belgian Grand Prix,ZHO,NOR,28,1.262,13.0,14.0,1.0,MEDIUM,114.6585,114.0685,0.5900000000000034,0.4197999999999915,0.014699999999992809,0.10069999999999885,23.346,0.20361333874069518,0.6136363636363636,0
2022,Belgian Grand Prix,RIC,VET,12,4.737,11.0,12.0,1.0,MEDIUM,115.237,115.00999999999999,0.22700000000000387,0.3302000000000041,0.2624000000000063,1.427100000000002,23.346,0.20259118165172646,0.25,0
2022,Belgian Grand Prix,OCO,STR,12,0.545,11.0,12.0,1.0,MEDIUM,115.455,115.41,0.045000000000001705,0.38630000000001236,0.3353000000000155,-0.17800000000000038,23.346,0.2022086527218397,0.25,1
2022,Belgian Grand Prix,OCO,LEC,32,3.999,19.0,6.0,-13.0,HARD,112.632,110.7525,1.8795000000000073,-0.07440000000000856,-0.210299999999978,-0.3259000000000021,23.346,0.20727679522693374,0.7045454545454546,0
2022,Belgian Grand Prix,NOR,STR,13,3.043,12.0,13.0,1.0,MEDIUM,115.5135,115.75200000000001,-0.23850000000001614,0.04250000000000239,0.20639999999999026,0.8248999999999991,23.346,0.20210624732174162,0.2727272727272727,0
2022,Belgian Grand Prix,NOR,RIC,29,1.41,15.0,16.0,1.0,HARD,114.18549999999999,113.716,0.4694999999999965,-0.08210000000000142,-0.5421999999999997,0.1231,23.346,0.20445678304162965,0.6363636363636364,1
2022,Belgian Grand Prix,MSC,LAT,14,2.03,13.0,11.0,-2.0,MEDIUM,116.711,116.3775,0.3335000000000008,0.08899999999999442,0.027000000000011935,0.30820000000000064,23.346,0.2000325590561301,0.29545454545454547,1
2022,Belgian Grand Prix,VET,PER,14,10.75,14.0,13.0,-1.0,MEDIUM,115.072,114.3415,0.7305000000000064,0.12740000000000043,0.09099999999999085,3.032100000000007,23.346,0.20288167408231367,0.29545454545454547,0
2022,Belgian Grand Prix,VET,LEC,33,2.645,18.0,7.0,-11.0,HARD,112.8985,110.33250000000001,2.5659999999999883,-0.020100000000012216,-0.2638999999999949,-4.514000000000023,23.346,0.20678751267731635,0.7272727272727273,0
2022,Belgian Grand Prix,SAI,PER,25,3.711,13.0,10.0,-3.0,MEDIUM,113.017,111.89850000000001,1.1184999999999832,-0.091500000000004,-0.04340000000000562,-0.4060000000000025,23.346,0.20657069290460728,0.5454545454545454,0
2022,Belgian Grand Prix,LAT,ALO,15,3.868,12.0,3.0,-9.0,MEDIUM,116.224,114.425,1.7990000000000066,0.03410000000001218,0.06352631578947432,0.7143999999999985,23.346,0.2008707323788546,0.3181818181818182,0
2022,Belgian Grand Prix,RUS,VER,13,3.544,12.0,12.0,0.0,MEDIUM,114.172,113.215,0.9569999999999936,-0.0696999999999978,0.1506000000000092,0.7674999999999987,23.346,0.204480958553761,0.2727272727272727,0
2022,Belgian Grand Prix,RUS,VER,29,22.16,15.0,13.0,-2.0,MEDIUM,112.13300000000001,111.02600000000001,1.1069999999999993,-0.014999999999994462,0.016999999999997215,5.086000000000001,23.346,0.20819919203089188,0.6363636363636364,0
2022,Dutch Grand Prix,GAS,TSU,11,1.118,13.0,13.0,0.0,SOFT,78.0525,77.775,0.2774999999999892,0.28289999999999577,-0.007100000000007233,0.1403999999999999,19.557,0.2505621216488902,0.1388888888888889,0
2022,Dutch Grand Prix,PER,HAM,14,1.65,18.0,13.0,-5.0,SOFT,76.85650000000001,76.476,0.38050000000001205,0.014299999999993821,-0.08920000000000289,0.18490000000000004,19.557,0.254461236199931,0.18055555555555555,1
2022,Dutch Grand Prix,ALO,TSU,12,0.405,11.0,14.0,3.0,SOFT,77.5715,77.71350000000001,-0.14200000000001012,-0.07889999999999213,-0.020599999999997322,-0.020100000000000177,19.557,0.25211578994862804,0.1527777777777778,1
2022,Dutch Grand Prix,LEC,VER,17,3.566,19.0,16.0,-3.0,SOFT,76.181,75.6395,0.5414999999999992,0.06309999999999963,-0.09539999999999957,0.45770000000000016,19.557,0.25671755424580933,0.2222222222222222,0
2022,Dutch Grand Prix,STR,NOR,16,2.473,15.0,15.0,0.0,SOFT,76.96600000000001,76.9755,-0.009499999999988518,-0.1384000000000026,-0.037000000000002316,0.12300000000000007,19.557,0.2540992126393472,0.20833333333333334,0
2022,Dutch Grand Prix,MAG,BOT,14,6.621,13.0,13.0,0.0,MEDIUM,78.4185,77.685,0.7334999999999923,-0.1746999999999998,-0.13429999999999684,2.4655000000000076,19.557,0.24939268157386332,0.18055555555555555,0
2022,Dutch Grand Prix,MAG,VET,34,2.329,19.0,25.0,6.0,MEDIUM,76.0445,75.91,0.13450000000000273,-0.004800000000004722,-0.01920000000000172,0.07599999999999979,19.557,0.25717836266922656,0.4583333333333333,0
2022,Dutch Grand Prix,TSU,MSC,13,2.166,15.0,12.0,-3.0,SOFT,77.821,77.5035,0.31749999999999545,0.2587999999999969,0.004300000000006884,0.3314999999999992,19.557,0.25130748769612316,0.16666666666666666,1
2022,Dutch Grand Prix,ALB,PER,21,9.779,20.0,6.0,-14.0,MEDIUM,77.1625,75.1845,1.9779999999999944,0.15510000000000335,-0.13869999999999247,1.7811999999999943,19.557,0.25345213024461366,0.2777777777777778,0
2022,Dutch Grand Prix,RIC,ALB,11,0.818,10.0,10.0,0.0,SOFT,77.939,77.96199999999999,-0.022999999999996135,0.019299999999999966,0.021099999999994862,-0.056399999999999985,19.557,0.2509270070183092,0.1388888888888889,0
2022,Dutch Grand Prix,RIC,VET,27,0.659,15.0,18.0,3.0,MEDIUM,76.5815,76.42150000000001,0.1599999999999966,-0.0793000000000059,-0.13990000000000147,0.006600000000000019,19.557,0.255374992654884,0.3611111111111111,0
2022,Dutch Grand Prix,OCO,RUS,18,14.573,17.0,17.0,0.0,SOFT,77.10050000000001,76.003,1.0975000000000108,-0.07419999999999245,-0.08199999999999306,3.6546999999999894,19.557,0.2536559425684658,0.2361111111111111,0
2022,Dutch Grand Prix,NOR,RUS,17,6.899,16.0,16.0,0.0,MEDIUM,76.78,76.09299999999999,0.6870000000000118,-0.12039999999999645,-0.22360000000000305,0.6702000000000004,19.557,0.25471476947121646,0.2222222222222222,0
2022,Dutch Grand Prix,MSC,OCO,13,2.005,12.0,12.0,0.0,MEDIUM,77.5035,77.55199999999999,-0.048499999999989996,0.004300000000006884,0.06300000000000522,-0.08649999999999929,19.557,0.25233699123265396,0.16666666666666666,0
2022,Dutch Grand Prix,MSC,ZHO,33,3.35,19.0,23.0,4.0,MEDIUM,76.185,76.04599999999999,0.13900000000001,0.03329999999999427,-0.004300000000002758,0.2180000000000009,19.557,0.2567040756054341,0.4444444444444444,0
2022,Dutch Grand Prix,VET,RIC,9,0.5,8.0,8.0,0.0,SOFT,77.8595,77.888,-0.028500000000008185,-0.061199999999996715,0.0070999999999965,0.01650000000000001,19.557,0.25118322105844504,0.1111111111111111,1
2022,Dutch Grand Prix,SAI,LEC,14,6.295,16.0,16.0,0.0,SOFT,76.63550000000001,76.1235,0.5120000000000005,-0.06840000000000236,0.0031000000000002297,0.557900000000001,19.557,0.2551950466820207,0.18055555555555555,0
2022,Dutch Grand Prix,LAT,MAG,13,1.246,12.0,12.0,0.0,SOFT,78.652,78.5035,0.14849999999999852,0.15740000000000726,-0.0630999999999956,-0.5804999999999958,19.557,0.24865229110512127,0.16666666666666666,0
2022,Dutch Grand Prix,LAT,MAG,26,9.689,12.0,11.0,-1.0,MEDIUM,76.97900000000001,76.4085,0.5705000000000098,-0.1546999999999944,-0.01979999999999675,0.646300000000001,19.557,0.2540563010691227,0.3472222222222222,0
2022,Dutch Grand Prix,BOT,ALB,16,1.409,15.0,15.0,0.0,SOFT,77.5095,77.3445,0.16500000000000625,-0.05380000000000908,-0.3083000000000069,0.050300000000000455,19.557,0.25231745786000426,0.20833333333333334,1
2022,Dutch Grand Prix,BOT,ZHO,34,3.749,17.0,24.0,7.0,SOFT,75.59049999999999,75.726,-0.1355000000000075,-0.10030000000000157,-0.20120000000000313,0.9933999999999973,19.557,0.2587229876770229,0.4583333333333333,1
2022,Italian Grand Prix,GAS,RIC,18,0.837,17.0,17.0,0.0,MEDIUM,86.72999999999999,86.7175,0.012499999999988631,-0.2770999999999916,-0.4907999999999928,0.14709999999999984,24.334,0.28057188977285835,0.32075471698113206,0
2022,Italian Grand Prix,MAG,BOT,24,3.881,23.0,23.0,0.0,MEDIUM,87.2185,86.4245,0.7940000000000111,-0.1396000000000005,0.07810000000000338,0.8787000000000013,24.334,0.27900044142011154,0.4339622641509434,0
2022,Italian Grand Prix,ZHO,DEV,18,0.791,17.0,17.0,0.0,MEDIUM,86.809,86.8275,-0.01850000000000307,0.05840000000000689,-0.05909999999999094,0.00949999999999984,24.334,0.2803165570390167,0.32075471698113206,0
2022,Italian Grand Prix,RIC,SAI,19,5.17,18.0,18.0,0.0,MEDIUM,86.644,85.643,1.0010000000000048,-0.06749999999999605,-0.0300999999999945,1.1146000000000018,24.334,0.28085037625225057,0.33962264150943394,0
2022,Italian Grand Prix,OCO,HAM,19,2.283,18.0,18.0,0.0,SOFT,87.0075,86.31,0.6974999999999909,-0.00909999999999819,-0.11259999999999504,0.5108000000000011,24.334,0.2796770393356895,0.33962264150943394,0
2022,Italian Grand Prix,HAM,NOR,33,5.808,32.0,32.0,0.0,MEDIUM,85.094,85.1625,-0.06850000000000023,-0.09720000000000363,-0.05949999999999759,0.04970000000000005,24.334,0.285966108068724,0.6037735849056604,1
2022,Italian Grand Prix,DEV,NOR,19,0.961,18.0,18.0,0.0,SOFT,86.69,86.4555,0.23449999999999704,-0.11489999999999928,-0.21349999999999625,0.13280000000000025,24.334,0.2807013496366363,0.33962264150943394,0
2022,Italian Grand Prix,LAT,TSU,15,2.216,14.0,14.0,0.0,MEDIUM,86.6225,86.69649999999999,-0.07399999999998386,-0.2021153846153986,-0.07219230769231491,0.3332142857142855,24.334,0.2809200842737164,0.2641509433962264,0
2022,Italian Grand Prix,RUS,VER,23,9.584,22.0,22.0,0.0,SOFT,85.32900000000001,84.5655,0.7635000000000076,0.0012999999999927785,-0.08070000000000291,0.7210000000000005,24.334,0.2851785442229488,0.41509433962264153,0
2022,Italian Grand Prix,BOT,PER,35,15.528,34.0,27.0,-7.0,MEDIUM,85.2675,84.277,0.9904999999999973,-0.1670000000000003,0.012900000000000895,4.609099999999992,24.334,0.28538423197584073,0.6415094339622641,0
2022,Japanese Grand Prix,GAS,ZHO,7,0.272,4.0,4.0,0.0,WET,117.58,117.547,0.03300000000000125,,,,25.898,0.22025854737200204,0.21428571428571427,1
2022,Japanese Grand Prix,STR,MSC,7,0.611,4.0,4.0,0.0,WET,120.152,119.215,0.9369999999999976,,,,25.898,0.21554364471669218,0.21428571428571427,1
2022,Japanese Grand Prix,STR,TSU,19,0.84,11.0,11.0,0.0,INTERMEDIATE,108.85600000000001,109.154,-0.2979999999999876,0.21610000000001192,0.11690000000000622,-0.46760000000000057,25.898,0.23791063423238037,0.6428571428571429,1
2022,Japanese Grand Prix,MAG,STR,7,0.982,4.0,4.0,0.0,WET,118.264,120.152,-1.8880000000000052,,,,25.898,0.21898464452411553,0.21428571428571427,1
2022,Japanese Grand Prix,TSU,RIC,7,0.225,4.0,4.0,0.0,WET,118.70100000000001,118.447,0.2540000000000049,,,,25.898,0.21817844837027486,0.21428571428571427,1
2022,Japanese Grand Prix,ZHO,MSC,9,4.856,6.0,6.0,0.0,WET,113.682,114.66,-0.9779999999999944,-2.080999999999994,-3.0714999999999986,-0.5264999999999992,25.898,0.22781091113808694,0.2857142857142857,1
2022,Japanese Grand Prix,ZHO,GAS,18,0.988,8.0,10.0,2.0,INTERMEDIATE,109.3985,109.533,-0.13450000000000273,0.649799999999998,0.30940000000000034,-0.039000000000000125,25.898,0.23673085097144841,0.6071428571428571,1
2022,Japanese Grand Prix,RIC,ALO,8,3.969,5.0,5.0,0.0,WET,116.52850000000001,114.461,2.0675000000000097,,,3.0999999999999925,25.898,0.22224605997674388,0.25,0
2022,Japanese Grand Prix,RUS,ALO,7,0.638,4.0,4.0,0.0,WET,117.122,115.985,1.1370000000000005,,,,25.898,0.2211198579259234,0.21428571428571427,0
2022,United States Grand Prix,GAS,VET,32,4.987,21.0,14.0,-7.0,HARD,101.377,100.66050000000001,0.7164999999999822,-0.22579999999999825,-0.17890000000000006,0.9732999999999993,24.549,0.2421555185101157,0.5535714285714286,0
2022,United States Grand Prix,TSU,VET,33,6.806,22.0,15.0,-7.0,MEDIUM,101.34800000000001,100.49199999999999,0.856000000000023,-0.28540000000000365,-0.13220000000000662,1.8043000000000107,24.549,0.24222480956703632,0.5714285714285714,1
2022,United States Grand Prix,ZHO,TSU,9,0.683,8.0,8.0,0.0,MEDIUM,104.4065,104.489,-0.08250000000001023,0.06179999999999377,0.08049999999999692,-0.05259999999999992,24.549,0.23512903890083472,0.14285714285714285,0
2022,United States Grand Prix,NOR,VET,34,8.118,19.0,16.0,-3.0,HARD,101.2225,100.41,0.8125,-0.18190000000000764,-0.07760000000000689,2.2609999999999943,24.549,0.2425251302822989,0.5892857142857143,1
2022,United States Grand Prix,HAM,VER,12,3.748,11.0,11.0,0.0,MEDIUM,102.37299999999999,101.93900000000001,0.4339999999999833,-0.011099999999987653,-0.042999999999987534,0.28670000000000023,24.549,0.23979955652369278,0.19642857142857142,0
2022,United States Grand Prix,HAM,VER,34,1.895,21.0,20.0,-1.0,HARD,99.4125,99.453,-0.04050000000000864,-0.06490000000000024,0.0875999999999945,0.053699999999999845,24.549,0.2469407770652584,0.5892857142857143,1
2022,United States Grand Prix,MSC,NOR,33,0.651,14.0,18.0,4.0,MEDIUM,101.4425,101.35,0.09250000000000114,-0.1741999999999987,-0.23380000000000561,0.07340000000000034,24.549,0.24199916208689654,0.5714285714285714,0
2022,United States Grand Prix,LAT,TSU,5,0.766,4.0,4.0,0.0,MEDIUM,104.45299999999999,104.57000000000001,-0.11700000000001864,-0.4434999999999696,-0.3999999999999844,0.2320000000000002,24.549,0.23502436502541815,0.07142857142857142,0
2022,United States Grand Prix,RUS,PER,36,0.947,22.0,21.0,-1.0,HARD,99.8595,99.91399999999999,-0.05449999999999022,-0.08710000000000334,-0.08359999999999984,-0.024300000000000058,24.549,0.245835398735223,0.625,0
2022,Mexico City Grand Prix,PER,HAM,23,4.01,25.0,22.0,-3.0,SOFT,82.271,82.184,0.0870000000000033,-0.05660000000000469,-0.050400000000003595,0.09940000000000013,23.187,0.2818368562433908,0.30985915492957744,0
2022,Mexico City Grand Prix,LEC,SAI,28,4.951,29.0,30.0,1.0,SOFT,83.393,82.9735,0.4194999999999993,0.0941000000000028,-0.003600000000000506,0.2080999999999988,23.187,0.27804491983739643,0.38028169014084506,0
2022,Mexico City Grand Prix,STR,GAS,17,1.949,17.0,16.0,-1.0,MEDIUM,84.351,83.751,0.5999999999999943,-0.4208999999999968,-0.3633999999999978,-0.1201000000000001,23.187,0.27488707899135756,0.22535211267605634,0
2022,Mexico City Grand Prix,MAG,STR,38,4.49,37.0,20.0,-17.0,MEDIUM,83.3135,82.45250000000001,0.86099999999999,-0.2076999999999988,0.4775000000000015,0.8513999999999985,23.187,0.27831023783660513,0.5211267605633803,0
2022,Mexico City Grand Prix,TSU,NOR,29,2.696,28.0,28.0,0.0,SOFT,83.23349999999999,83.2755,-0.04200000000000159,-0.09689999999999932,-0.13790000000000513,-0.08980000000000019,23.187,0.2785777361278812,0.39436619718309857,0
2022,Mexico City Grand Prix,OCO,BOT,33,4.502,32.0,32.0,0.0,MEDIUM,82.55799999999999,82.262,0.29599999999999227,-0.11409999999999956,-0.13819999999999832,0.22110000000000074,23.187,0.28085709440635676,0.4507042253521127,1
2022,Mexico City Grand Prix,NOR,OCO,31,3.717,30.0,30.0,0.0,MEDIUM,82.9255,82.72,0.20550000000000068,-0.24349999999999936,-0.09719999999999508,0.24769999999999945,23.187,0.2796124231991366,0.4225352112676056,0
2022,Mexico City Grand Prix,MSC,ALB,24,8.887,28.0,23.0,-5.0,SOFT,84.6275,83.6685,0.9590000000000032,-0.003999999999995577,-0.08429999999999602,1.1227000000000018,23.187,0.2739889515819326,0.323943661971831,0
2022,Mexico City Grand Prix,VET,ZHO,38,3.631,37.0,37.0,0.0,SOFT,82.7585,82.5025,0.2560000000000002,-0.004500000000006613,-0.05080000000000884,0.21549999999999955,23.187,0.28017665859096047,0.5211267605633803,1
2022,Mexico City Grand Prix,LAT,MSC,23,1.332,22.0,27.0,5.0,SOFT,84.81700000000001,84.6495,0.16750000000000398,0.2673999999999993,0.08090000000000135,0.1150999999999998,23.187,0.2733767994623719,0.30985915492957744,0
2022,Mexico City Grand Prix,BOT,ALO,39,3.231,38.0,38.0,0.0,MEDIUM,82.053,81.92699999999999,0.12600000000000477,0.12249999999999653,-0.03809999999999844,0.1037999999999996,23.187,0.28258564586303975,0.5352112676056338,0
2022,São Paulo Grand Prix,VER,ALB,23,2.438,15.0,18.0,3.0,MEDIUM,76.17499999999998,77.35050000000001,-1.175500000000028,-0.00990000000000035,0.008499999999999957,0.2631000000000012,23.9035,0.3137971775516903,0.30985915492957744,0
2022,São Paulo Grand Prix,GAS,NOR,19,2.822,18.0,18.0,0.0,SOFT,76.822,77.029,-0.20699999999999363,-0.06719999999999753,0.08230000000000218,-0.017400000000000037,23.9035,0.31115435682486786,0.2535211267605634,1
2022,São Paulo Grand Prix,GAS,OCO,35,3.624,15.0,10.0,-5.0,MEDIUM,75.671,74.9045,0.7665000000000077,-0.18690000000000315,0.03249999999999488,0.6833999999999999,23.9035,0.31588719588746017,0.4788732394366197,0
2022,São Paulo Grand Prix,PER,RUS,23,2.994,22.0,22.0,0.0,SOFT,75.7105,75.298,0.4124999999999943,0.09859999999999558,0.03659999999999857,0.35840000000000016,23.9035,0.3157223898930796,0.30985915492957744,0
2022,São Paulo Grand Prix,PER,HAM,47,1.539,23.0,17.0,-6.0,MEDIUM,74.331,73.17500000000001,1.1559999999999917,0.17999999999999963,0.028700000000011137,-1.852900000000005,23.9035,0.32158184337624945,0.647887323943662,0
2022,São Paulo Grand Prix,ALO,OCO,14,0.592,13.0,13.0,0.0,MEDIUM,77.081,76.8945,0.18650000000000944,0.23169999999999566,0.05859999999999598,-0.04550000000000009,23.9035,0.31010884653805737,0.18309859154929578,1
2022,São Paulo Grand Prix,LEC,ALO,21,2.805,13.0,6.0,-7.0,MEDIUM,75.944,75.7885,0.15550000000000352,0.16539999999999513,0.22400000000001086,0.19199999999999962,23.9035,0.3147516591172443,0.28169014084507044,1
2022,São Paulo Grand Prix,LEC,NOR,44,0.243,22.0,19.0,-3.0,SOFT,74.2305,74.685,-0.4544999999999959,-0.07190000000000056,0.15559999999999563,-0.29410000000000014,23.9035,0.3220172301143061,0.6056338028169014,1
2022,São Paulo Grand Prix,STR,SAI,29,14.62,29.0,11.0,-18.0,MEDIUM,76.5515,74.7695,1.7820000000000107,-0.07479999999999397,-0.04189999999999144,1.7859000000000003,23.9035,0.31225384218467306,0.39436619718309857,0
2022,São Paulo Grand Prix,TSU,ALB,20,1.663,19.0,15.0,-4.0,MEDIUM,77.40100000000001,77.2485,0.1525000000000034,-0.02250000000000479,0.03940000000000009,0.2078999999999995,23.9035,0.3088267593441945,0.2676056338028169,1
2022,São Paulo Grand Prix,ALB,STR,25,6.988,20.0,25.0,5.0,MEDIUM,77.33800000000001,76.88400000000001,0.4539999999999935,-0.08169999999999633,-0.11279999999999887,0.4230999999999998,23.9035,0.30907833147999686,0.3380281690140845,0
2022,São Paulo Grand Prix,ZHO,STR,16,0.493,15.0,16.0,1.0,SOFT,77.251,77.619,-0.367999999999995,-0.060600000000005115,-0.09320000000000059,0.05420000000000014,23.9035,0.30942641519203634,0.2112676056338028,1
2022,São Paulo Grand Prix,ZHO,NOR,37,3.883,20.0,12.0,-8.0,MEDIUM,75.8245,75.077,0.7475000000000023,0.0512999999999996,-0.11859999999999142,0.6046999999999948,23.9035,0.3152477101728333,0.5070422535211268,0
2022,São Paulo Grand Prix,OCO,BOT,24,1.427,23.0,23.0,0.0,SOFT,76.328,76.327,0.0010000000000047748,-0.002599999999998564,-0.042000000000001265,-0.041800000000000226,23.9035,0.3131681689550362,0.323943661971831,0
2022,São Paulo Grand Prix,NOR,VET,24,3.49,23.0,23.0,0.0,SOFT,76.845,76.26050000000001,0.5844999999999914,0.003600000000003145,-0.02619999999999338,0.552600000000001,23.9035,0.31106122714555273,0.323943661971831,0
2022,São Paulo Grand Prix,MSC,SAI,24,3.129,23.0,6.0,-17.0,MEDIUM,77.149,74.8785,2.2704999999999984,-0.07799999999999678,0.01190000000001264,-0.008299999999999818,23.9035,0.3098355130980311,0.323943661971831,0
2022,São Paulo Grand Prix,VET,HAM,26,11.12,25.0,25.0,0.0,SOFT,76.26050000000001,75.3595,0.9010000000000105,0.07529999999999996,-0.07819999999999634,0.9385000000000016,23.9035,0.31344536162233394,0.352112676056338,0
2022,São Paulo Grand Prix,SAI,PER,17,4.108,16.0,16.0,0.0,MEDIUM,75.91149999999999,75.69050000000001,0.22099999999997522,-0.01869999999999981,-0.045999999999999076,0.2861000000000002,23.9035,0.31488641378447274,0.22535211267605634,0
2022,São Paulo Grand Prix,SAI,PER,36,3.591,18.0,12.0,-6.0,SOFT,74.396,74.2975,0.09850000000000136,-0.10399999999999808,-0.06649999999999212,0.14730000000000046,23.9035,0.32130087639120386,0.49295774647887325,1
2022,São Paulo Grand Prix,LAT,TSU,20,2.62,19.0,19.0,0.0,MEDIUM,77.73750000000001,77.40100000000001,0.3365000000000009,0.02769999999999578,-0.02250000000000479,0.24319999999999978,23.9035,0.30748995015275765,0.2676056338028169,0
2022,São Paulo Grand Prix,LAT,ALB,32,13.222,11.0,6.0,-5.0,HARD,76.4765,75.34700000000001,1.129499999999993,-0.017299999999995028,0.16860000000001402,1.8193999999999988,23.9035,0.312560067471707,0.43661971830985913,0
2022,São Paulo Grand Prix,BOT,NOR,24,1.539,23.0,23.0,0.0,SOFT,76.327,76.845,-0.5180000000000007,-0.042000000000001265,0.003600000000003145,-0.4564000000000008,23.9035,0.31317227193522607,0.323943661971831,1
2022,Abu Dhabi Grand Prix,PER,VER,15,4.747,14.0,14.0,0.0,MEDIUM,90.726,90.1575,0.5685000000000002,0.1534999999999986,0.0008999999999964361,0.5291999999999992,21.951,0.24194828384366115,0.2413793103448276,0
2022,Abu Dhabi Grand Prix,SAI,LEC,17,3.781,16.0,16.0,0.0,MEDIUM,90.58250000000001,90.30199999999999,0.28050000000001774,-0.010500000000000865,0.015100000000002896,0.19920000000000038,21.951,0.2423315761874534,0.27586206896551724,0
2022,Abu Dhabi Grand Prix,RUS,SAI,15,2.703,14.0,14.0,0.0,MEDIUM,90.9005,90.558,0.3424999999999869,0.09179999999999625,0.03790000000000298,0.3170999999999995,21.951,0.24148382022101092,0.2413793103448276,0
2022,Abu Dhabi Grand Prix,NOR,HAM,15,4.021,14.0,14.0,0.0,MEDIUM,91.7315,91.1815,0.5499999999999972,0.07629999999999872,-0.1359000000000015,0.525599999999999,21.951,0.2392962068645994,0.2413793103448276,0
2022,Abu Dhabi Grand Prix,OCO,NOR,14,3.71,13.0,13.0,0.0,MEDIUM,92.0025,91.697,0.305499999999995,-0.014400000000001733,0.039899999999996695,0.2945000000000003,21.951,0.23859134262655907,0.22413793103448276,0
2022,Abu Dhabi Grand Prix,OCO,NOR,41,4.824,26.0,25.0,-1.0,HARD,88.54400000000001,88.829,-0.2849999999999824,-0.06549999999999945,0.01580000000000113,-0.22389999999999993,21.951,0.24791064329598841,0.6896551724137931,0
2022,Abu Dhabi Grand Prix,STR,TSU,13,0.731,12.0,12.0,0.0,MEDIUM,92.0335,91.977,0.05649999999999977,0.057300000000013396,0.015300000000005719,0.015399999999999968,21.951,0.23851097698120793,0.20689655172413793,1
2022,Abu Dhabi Grand Prix,STR,OCO,40,4.654,27.0,25.0,-2.0,HARD,88.712,88.598,0.11400000000000432,-0.07171428571428462,-0.08797142857142327,0.20990000000000097,21.951,0.2474411579042294,0.6724137931034483,0
2022,Abu Dhabi Grand Prix,TSU,ALO,14,1.391,13.0,13.0,0.0,MEDIUM,91.977,91.9025,0.07450000000000045,0.017999999999993712,-0.05370000000000397,0.040700000000000194,21.951,0.2386574904595714,0.22413793103448276,1
2022,Abu Dhabi Grand Prix,TSU,STR,38,8.027,23.0,25.0,2.0,HARD,89.113,88.8175,0.2955000000000041,-0.08239999999999646,-0.029099999999997843,0.20689999999999925,21.951,0.24632769629571444,0.6379310344827587,0
2022,Abu Dhabi Grand Prix,ZHO,RIC,15,2.333,14.0,14.0,0.0,MEDIUM,92.1445,92.00450000000001,0.13999999999998636,0.13950000000000143,0.03619999999999656,-0.03229999999999977,21.951,0.23822365957816258,0.2413793103448276,1
2022,Abu Dhabi Grand Prix,ALB,ZHO,12,2.067,11.0,11.0,0.0,MEDIUM,91.9425,91.7825,0.1599999999999966,0.24170000000000777,0.10960000000000972,0.1701000000000002,21.951,0.23874704298882454,0.1896551724137931,1
2022,Abu Dhabi Grand Prix,ALB,TSU,35,5.255,22.0,20.0,-2.0,HARD,89.5385,89.3005,0.23799999999999955,-0.055100000000002744,-0.030700000000004904,0.21339999999999987,21.951,0.2451571111868079,0.5862068965517241,0
2022,Abu Dhabi Grand Prix,GAS,MSC,14,2.142,13.0,13.0,0.0,SOFT,92.379,92.12950000000001,0.2494999999999976,0.1086999999999988,-0.014300000000003801,0.08180000000000005,21.951,0.23761893936933717,0.22413793103448276,1
2022,Abu Dhabi Grand Prix,BOT,MSC,30,1.338,29.0,15.0,-14.0,HARD,91.723,89.97800000000001,1.7449999999999903,-0.1557999999999975,-0.19159999999999755,0.17320000000000005,21.951,0.23931838252128693,0.5,0
2022,Abu Dhabi Grand Prix,MSC,ZHO,14,4.038,13.0,13.0,0.0,MEDIUM,92.12950000000001,91.9545,0.17500000000001137,-0.014300000000003801,0.09389999999999388,1.0850000000000029,21.951,0.23826244579640612,0.22413793103448276,0
2022,Abu Dhabi Grand Prix,MSC,ZHO,34,3.396,19.0,18.0,-1.0,HARD,89.8375,89.543,0.2944999999999993,0.053599999999994305,-0.22250000000000217,0.2118999999999995,21.951,0.24434117155976068,0.5689655172413793,1
2022,Abu Dhabi Grand Prix,HAM,LEC,18,10.771,17.0,17.0,0.0,MEDIUM,91.0955,90.37899999999999,0.7165000000000106,0.10750000000000651,0.054400000000005555,2.4284999999999948,21.951,0.2409668973769286,0.29310344827586204,0
2022,Abu Dhabi Grand Prix,LAT,BOT,15,4.409,14.0,14.0,0.0,MEDIUM,92.9255,92.43,0.4954999999999927,-0.09480000000000541,-0.013400000000002164,0.41299999999999953,21.951,0.2362214892575235,0.2413793103448276,1
2023,Bahrain Grand Prix,GAS,ZHO,9,0.512,8.0,8.0,0.0,SOFT,100.744,100.781,-0.03700000000000614,0.024399999999996737,0.04149999999999707,-0.03609999999999999,25.296,0.25109187643929165,0.14035087719298245,1
2023,Bahrain Grand Prix,GAS,TSU,25,1.547,15.0,14.0,-1.0,HARD,98.11449999999999,98.18100000000001,-0.0665000000000191,0.07940000000000363,0.13310000000000521,-0.0916999999999998,25.296,0.257821219085864,0.42105263157894735,1
2023,Bahrain Grand Prix,PER,VER,34,13.974,18.0,19.0,1.0,SOFT,95.81099999999999,95.696,0.11499999999999488,-0.00360000000000641,-0.02580000000000075,0.1597999999999999,25.296,0.26401978895951406,0.5789473684210527,0
2023,Bahrain Grand Prix,ALO,PER,14,14.575,16.0,16.0,0.0,SOFT,99.9385,98.549,1.3894999999999982,0.023299999999996872,0.032599999999999366,4.104800000000015,25.296,0.2531156661346728,0.22807017543859648,0
2023,Bahrain Grand Prix,LEC,VER,13,7.816,12.0,15.0,3.0,SOFT,98.54400000000001,97.82750000000001,0.7164999999999964,0.15040000000000955,0.0449000000000012,0.6652999999999984,25.296,0.25669751583049194,0.21052631578947367,0
2023,Bahrain Grand Prix,LEC,PER,33,6.997,19.0,17.0,-2.0,HARD,96.7695,95.869,0.9004999999999939,0.03289999999999236,0.057800000000004056,0.8583000000000027,25.296,0.26140467812688917,0.5614035087719298,0
2023,Bahrain Grand Prix,STR,PER,15,17.524,17.0,17.0,0.0,SOFT,100.3195,98.542,1.7775000000000034,-0.08129999999999299,-0.12349999999999331,4.88249999999999,25.296,0.2521543667980801,0.24561403508771928,0
2023,Bahrain Grand Prix,STR,RUS,30,2.178,14.0,16.0,2.0,HARD,96.98400000000001,96.937,0.047000000000011255,0.053099999999999065,-0.003399999999995983,0.24689999999999973,25.296,0.2608265280871071,0.5087719298245614,1
2023,Bahrain Grand Prix,SAR,OCO,12,4.557,11.0,14.0,3.0,SOFT,100.4965,100.32650000000001,0.1699999999999875,0.09150000000000649,0.07600000000000569,1.2246000000000021,25.296,0.2517102585662187,0.19298245614035087,1
2023,Bahrain Grand Prix,MAG,HAM,15,4.055,14.0,2.0,-12.0,HARD,100.90899999999999,98.8055,2.103499999999997,-0.09850000000000443,0.2126278195488683,1.8333999999999975,25.296,0.2506813069200963,0.24561403508771928,0
2023,Bahrain Grand Prix,MAG,ZHO,29,8.308,13.0,16.0,3.0,HARD,97.812,97.654,0.15800000000000125,-0.007000000000005864,-0.06429999999999973,1.7964999999999989,25.296,0.2586185744080481,0.49122807017543857,0
2023,Bahrain Grand Prix,DEV,ZHO,11,1.375,10.0,10.0,0.0,SOFT,100.929,100.9205,0.008499999999997954,0.08589999999999033,0.08729999999999113,0.24689999999999993,25.296,0.25063163213744316,0.17543859649122806,1
2023,Bahrain Grand Prix,DEV,ZHO,27,1.411,15.0,14.0,-1.0,HARD,98.3765,97.953,0.42349999999999,0.2135999999999937,-0.04019999999999965,-1.076300000000001,25.296,0.2571345799047537,0.45614035087719296,1
2023,Bahrain Grand Prix,TSU,SAR,10,0.868,9.0,9.0,0.0,SOFT,100.5385,100.4515,0.0870000000000033,-0.09119999999999084,-0.05409999999999209,0.045899999999999976,25.296,0.2516051065014895,0.15789473684210525,1
2023,Bahrain Grand Prix,ALB,OCO,11,2.276,10.0,13.0,3.0,SOFT,100.471,100.206,0.26500000000000057,0.044299999999995246,0.08019999999999715,0.22069999999999984,25.296,0.25177414378278307,0.17543859649122806,1
2023,Bahrain Grand Prix,ALB,BOT,26,5.976,14.0,14.0,0.0,SOFT,98.368,97.97800000000001,0.38999999999998636,0.015400000000004764,-0.028900000000002323,0.404900000000001,25.296,0.25715679895901106,0.43859649122807015,0
2023,Bahrain Grand Prix,HUL,SAR,11,2.887,13.0,10.0,-3.0,SOFT,100.95949999999999,100.47049999999999,0.4890000000000043,0.23369999999999383,0.006999999999993109,0.6924999999999997,25.296,0.25055591598611326,0.17543859649122806,0
2023,Bahrain Grand Prix,HUL,ZHO,26,4.813,14.0,13.0,-1.0,HARD,98.5455,97.923,0.6225000000000023,0.04750000000000336,0.011399999999996763,0.5129000000000009,25.296,0.2566936085361584,0.43859649122807015,0
2023,Bahrain Grand Prix,OCO,STR,12,6.418,14.0,14.0,0.0,SOFT,100.32650000000001,99.61349999999999,0.7130000000000223,0.07600000000000569,0.17170000000000227,1.4523000000000024,25.296,0.25213677343473556,0.19298245614035087,0
2023,Bahrain Grand Prix,OCO,ALB,15,0.624,2.0,3.0,1.0,HARD,99.1175,97.773,1.3445000000000107,0.21836466165413101,0.36249999999999916,-1.931333333333336,25.296,0.25521224808938886,0.24561403508771928,0
2023,Bahrain Grand Prix,NOR,ALB,10,1.201,9.0,9.0,0.0,SOFT,100.382,100.447,-0.06499999999999773,-0.034899999999992055,0.02700000000001246,0.03470000000000004,25.296,0.25199737004642264,0.15789473684210525,0
2023,Bahrain Grand Prix,NOR,SAR,17,5.107,6.0,4.0,-2.0,HARD,98.20599999999999,98.043,0.1629999999999825,-0.21779999999998784,0.2245000000000139,-0.0030999999999995996,25.296,0.25758100319736066,0.2807017543859649,0
2023,Bahrain Grand Prix,NOR,MAG,27,15.873,12.0,11.0,-1.0,SOFT,96.92,97.80250000000001,-0.8825000000000074,-0.14099999999999718,0.11950000000000321,4.574199999999997,25.296,0.260998761865456,0.45614035087719296,0
2023,Bahrain Grand Prix,HAM,SAI,12,3.251,14.0,14.0,0.0,SOFT,99.82249999999999,99.4365,0.3859999999999957,0.1381999999999987,0.1703000000000057,0.4341000000000004,25.296,0.2534098023992587,0.19298245614035087,0
2023,Bahrain Grand Prix,HAM,SAI,30,3.663,17.0,16.0,-1.0,HARD,96.67349999999999,96.779,-0.10550000000000637,-0.052399999999994555,-0.05290000000000303,-0.08189999999999978,25.296,0.2616642616642617,0.5087719298245614,0
2023,Bahrain Grand Prix,SAI,PER,13,6.996,15.0,15.0,0.0,SOFT,99.68100000000001,98.511,1.170000000000016,0.16149999999999826,-0.024499999999998506,1.033199999999997,25.296,0.2537695247840611,0.21052631578947367,0
2023,Bahrain Grand Prix,SAI,LEC,31,12.595,17.0,17.0,0.0,HARD,96.7795,96.80000000000001,-0.02050000000001262,0.0037000000000066693,-0.3552999999999866,-0.14399999999999763,25.296,0.26137766779121613,0.5263157894736842,0
2023,Bahrain Grand Prix,RUS,SAI,13,5.196,15.0,15.0,0.0,SOFT,100.19200000000001,99.68100000000001,0.5109999999999957,0.16390000000000138,0.16149999999999826,1.2749999999999944,25.296,0.2524752475247525,0.21052631578947367,0
2023,Bahrain Grand Prix,RUS,ALO,31,5.4,17.0,16.0,-1.0,HARD,96.86699999999999,96.65950000000001,0.2074999999999818,-0.030499999999993494,-0.034699999999998093,0.16559999999999958,25.296,0.2611415652389359,0.5263157894736842,0
2023,Bahrain Grand Prix,BOT,STR,11,3.212,10.0,13.0,3.0,SOFT,100.0275,99.58449999999999,0.44300000000001205,-0.009700000000006577,0.048699999999997405,0.47080000000000016,25.296,0.25289045512484065,0.17543859649122806,1
2023,Bahrain Grand Prix,BOT,STR,29,8.177,17.0,13.0,-4.0,HARD,97.787,96.9645,0.8225000000000051,-0.1654999999999928,0.06310000000000143,0.8589999999999999,25.296,0.25868469223925467,0.49122807017543857,0
2023,Saudi Arabian Grand Prix,MAG,HUL,8,0.713,7.0,7.0,0.0,MEDIUM,96.802,96.26050000000001,0.5414999999999992,-0.1702000000000039,-0.2408000000000011,-0.1865000000000008,21.211,0.21911737360798328,0.14,1
2023,Miami Grand Prix,ALO,VER,24,3.899,24.0,23.0,-1.0,MEDIUM,91.1785,90.975,0.20350000000000534,-0.19409999999999375,-0.0899999999999962,0.18150000000000008,22.5155,0.24693869717093392,0.40350877192982454,0
2023,Miami Grand Prix,RUS,SAI,17,3.59,16.0,16.0,0.0,MEDIUM,92.0625,92.098,-0.03549999999999898,-0.03890000000000052,0.0785999999999998,0.3153000000000003,22.5155,0.24456754921928037,0.2807017543859649,0
2023,Miami Grand Prix,SAI,ALO,18,0.798,17.0,18.0,1.0,MEDIUM,92.098,91.9425,0.15550000000000352,-0.03179999999998755,0.051300000000002614,-0.006799999999999987,22.5155,0.2444732784642446,0.2982456140350877,0
2023,Miami Grand Prix,GAS,RUS,15,2.187,14.0,14.0,0.0,MEDIUM,92.5755,92.2,0.3755000000000024,-0.26680000000000226,-0.1748000000000042,0.4127999999999992,22.5155,0.24321229699002433,0.24561403508771928,0
2023,Miami Grand Prix,MAG,GAS,14,1.759,13.0,13.0,0.0,MEDIUM,92.89250000000001,92.5755,0.3170000000000073,0.14729999999999602,-0.4146000000000046,-0.2537,22.5155,0.24238232365368567,0.22807017543859648,0
2023,Miami Grand Prix,TSU,HAM,36,4.934,35.0,35.0,0.0,HARD,90.589,90.4465,0.1424999999999983,-0.269700000000002,-0.169799999999999,1.378900000000002,22.5155,0.2485456291602733,0.6140350877192983,0
2023,Miami Grand Prix,BOT,OCO,15,1.969,14.0,14.0,0.0,MEDIUM,92.67150000000001,92.7895,-0.117999999999995,-0.039099999999998754,0.19719999999999596,-0.18609999999999957,22.5155,0.2429603491904199,0.24561403508771928,0
2023,Miami Grand Prix,ALB,HAM,22,2.172,21.0,21.0,0.0,MEDIUM,92.834,92.1875,0.6465000000000032,0.016700000000001835,-0.1055999999999996,0.22009999999999913,22.5155,0.24253506258482882,0.3684210526315789,0
2023,Miami Grand Prix,NOR,STR,4,1.418,3.0,4.0,1.0,SOFT,94.681,94.94399999999999,-0.262999999999991,,,-0.0679999999999997,22.5155,0.2378037832300039,0.05263157894736842,0
2023,Miami Grand Prix,DEV,STR,15,5.097,14.0,15.0,1.0,MEDIUM,93.168,93.01750000000001,0.15049999999999386,-0.06620000000000137,-0.02519999999999727,-0.011199999999999443,22.5155,0.24166559333676796,0.24561403508771928,0
2023,Miami Grand Prix,PIA,HAM,5,0.949,4.0,4.0,0.0,SOFT,93.826,93.931,-0.10500000000000398,-0.8704999999999783,-0.46299999999998215,0.27700000000000014,22.5155,0.23997079700722615,0.07017543859649122,0
2023,Monaco Grand Prix,GAS,ALO,47,25.184,46.0,47.0,1.0,HARD,74.6075,74.14999999999999,0.45750000000001023,-0.46139999999999676,0.034800000000001836,7.0516000000000085,25.718,0.3447106524143015,0.5897435897435898,0
2023,Monaco Grand Prix,GAS,LEC,54,0.57,6.0,9.0,3.0,MEDIUM,76.3485,76.9485,-0.5999999999999943,4.566400000000009,4.0609000000000055,-0.39090000000000474,25.718,0.33685010183566144,0.6794871794871795,0
2023,Monaco Grand Prix,PER,HUL,53,5.541,19.0,51.0,32.0,MEDIUM,82.13199999999999,81.1465,0.9854999999999876,4.893100000000002,3.3345999999999822,1.3681000000000139,25.718,0.3131300832805728,0.6666666666666666,0
2023,Monaco Grand Prix,ALO,VER,54,12.365,54.0,53.0,-1.0,HARD,79.2975,77.555,1.7424999999999926,3.4668999999999666,3.1084000000000143,1.3301000000000154,25.718,0.3243229610012926,0.6794871794871795,0
2023,Monaco Grand Prix,LEC,ALO,44,21.006,43.0,44.0,1.0,HARD,75.5115,74.316,1.1954999999999956,0.2409999999999991,-0.36029999999999757,0.731500000000001,25.718,0.34058388457387284,0.5512820512820513,0
2023,Monaco Grand Prix,SAR,PER,20,3.938,19.0,18.0,-1.0,MEDIUM,80.76650000000001,78.2815,2.4850000000000136,0.44049999999999806,-0.8126999999999986,-0.45890000000000053,25.718,0.31842409910049335,0.24358974358974358,0
2023,Monaco Grand Prix,SAR,ALB,23,12.631,2.0,4.0,2.0,HARD,78.677,75.871,2.8060000000000116,0.28076373626373624,-0.7454999999999807,2.8976666666666686,25.718,0.32688079108252727,0.28205128205128205,0
2023,Monaco Grand Prix,DEV,NOR,53,2.312,52.0,2.0,-50.0,MEDIUM,78.40299999999999,80.295,-1.8920000000000101,2.933599999999999,-0.21999583911234455,-5.103400000000033,25.718,0.32802316237899065,0.6666666666666666,0
2023,Monaco Grand Prix,TSU,GAS,53,25.704,52.0,5.0,-47.0,MEDIUM,78.1035,73.21449999999999,4.88900000000001,3.3193999999999964,1.968000000000002,3.9486000000000208,25.718,0.3292810181361911,0.6666666666666666,0
2023,Monaco Grand Prix,ALB,DEV,18,5.643,17.0,17.0,0.0,MEDIUM,79.616,78.174,1.441999999999993,0.10385714285714247,-0.1363142857142788,1.3900999999999961,25.718,0.32302552250803857,0.21794871794871795,0
2023,Monaco Grand Prix,ZHO,HUL,52,2.56,50.0,50.0,0.0,HARD,77.309,76.5815,0.727499999999992,2.4974999999999885,1.968899999999995,0.4868000000000016,25.718,0.33266501959668343,0.6538461538461539,1
2023,Monaco Grand Prix,OCO,ALO,32,17.423,31.0,32.0,1.0,MEDIUM,75.428,75.358,0.06999999999999318,0.013800000000000185,-0.1164999999999924,-0.0493000000000023,25.718,0.34096091637057857,0.3974358974358974,0
2023,Monaco Grand Prix,NOR,TSU,50,5.698,49.0,49.0,0.0,MEDIUM,75.232,75.20400000000001,0.027999999999991587,0.040299999999996824,0.03939999999999261,0.05209999999999947,25.718,0.3418492131008082,0.6282051282051282,0
2023,Monaco Grand Prix,HAM,SAI,31,2.177,30.0,30.0,0.0,MEDIUM,75.6585,75.51100000000001,0.14749999999999375,-0.052799999999995406,-0.10689999999999662,0.06869999999999972,25.718,0.33992215018801586,0.38461538461538464,0
2023,Monaco Grand Prix,HAM,SAI,54,1.806,22.0,20.0,-2.0,HARD,79.084,79.4255,-0.34149999999999636,3.7617000000000083,3.4762000000000115,-0.21890000000000284,25.718,0.3251985230893733,0.6794871794871795,1
2023,Monaco Grand Prix,SAI,ALO,33,19.578,32.0,33.0,1.0,HARD,75.4,75.358,0.04200000000000159,-0.060800000000001526,-0.03320000000000561,5.240700000000031,25.718,0.34108753315649865,0.41025641025641024,0
2023,Monaco Grand Prix,RUS,ALO,54,26.712,53.0,54.0,1.0,HARD,79.0155,79.2975,-0.2819999999999965,2.929300000000007,3.4668999999999666,-0.13620000000000254,25.718,0.32548044371041124,0.6794871794871795,0
2023,Monaco Grand Prix,BOT,DEV,51,6.988,50.0,50.0,0.0,HARD,75.402,74.8365,0.5655000000000001,0.2511999999999945,0.12310000000000428,0.556499999999999,25.718,0.3410784859818042,0.6410256410256411,1
2023,Spanish Grand Prix,HAM,VER,24,9.954,26.0,23.0,-3.0,SOFT,79.36500000000001,78.7515,0.6135000000000161,0.032899999999998375,-0.06889999999999608,0.6072000000000006,22.577,0.28447048447048445,0.3484848484848485,0
2023,Spanish Grand Prix,HAM,VER,50,16.382,25.0,23.0,-2.0,MEDIUM,76.08250000000001,76.037,0.04550000000000409,-0.08779999999999887,-0.05390000000000013,0.03610000000000015,22.577,0.29674366641474714,0.7424242424242424,0
2023,Spanish Grand Prix,RUS,VER,25,19.533,24.0,24.0,0.0,SOFT,79.4525,78.629,0.8234999999999957,0.04610000000000355,-0.07029999999999749,3.282599999999994,22.577,0.2841572008432712,0.36363636363636365,0
2023,Spanish Grand Prix,RUS,HAM,45,10.081,19.0,20.0,1.0,MEDIUM,76.64250000000001,76.518,0.12450000000001182,-0.15330000000000615,-0.17690000000000575,0.058000000000000725,22.577,0.29457546400495804,0.6666666666666666,0
2023,Spanish Grand Prix,SAI,VER,15,6.415,17.0,14.0,-3.0,SOFT,80.129,79.654,0.4750000000000085,-0.040300000000000884,-0.08840000000000235,0.38769999999999966,22.577,0.28175816495900363,0.21212121212121213,0
2023,Spanish Grand Prix,SAI,RUS,41,4.413,25.0,15.0,-10.0,MEDIUM,77.81099999999999,77.374,0.4369999999999976,-0.19300000000000142,-0.10279999999999782,0.4965999999999998,22.577,0.29015177802624315,0.6060606060606061,0
2023,Spanish Grand Prix,STR,HAM,14,4.073,16.0,16.0,0.0,SOFT,80.65650000000001,79.9135,0.7430000000000092,-0.05749999999999738,-0.13559999999999642,0.6977000000000017,22.577,0.27991544388858924,0.19696969696969696,0
2023,Spanish Grand Prix,STR,RUS,34,7.982,22.0,8.0,-14.0,SOFT,78.75450000000001,77.44200000000001,1.3125,-0.029400000000009332,0.004799999999996113,1.3263999999999965,22.577,0.2866756820245192,0.5,0
2023,Spanish Grand Prix,ALO,RUS,19,5.151,21.0,18.0,-3.0,SOFT,80.19500000000001,79.59800000000001,0.5969999999999942,-0.0063999999999973176,-0.14719999999999825,0.556200000000001,22.577,0.2815262796932477,0.2727272727272727,0
2023,Spanish Grand Prix,ALO,PER,44,12.79,27.0,16.0,-11.0,SOFT,77.3475,76.5515,0.7959999999999923,-0.00040000000000072226,-0.13980000000000156,0.7458000000000009,22.577,0.29189049419826113,0.6515151515151515,0
2023,Spanish Grand Prix,OCO,RUS,13,1.389,15.0,12.0,-3.0,SOFT,80.9555,80.5495,0.4060000000000059,0.1353000000000022,-0.07049999999999387,-0.23919999999999833,22.577,0.2788816077968761,0.18181818181818182,0
2023,Spanish Grand Prix,OCO,RUS,35,11.335,21.0,9.0,-12.0,MEDIUM,78.708,77.37950000000001,1.3284999999999911,0.20939999999999845,0.0006000000000095122,2.7649999999999997,22.577,0.28684504751740614,0.5151515151515151,0
2023,Spanish Grand Prix,ZHO,ALO,9,0.819,8.0,11.0,3.0,SOFT,81.1575,81.3255,-0.16800000000000637,0.14129999999999512,0.2286000000000024,0.19119999999999993,22.577,0.27818747497150603,0.12121212121212122,0
2023,Spanish Grand Prix,ZHO,ALO,36,4.192,26.0,19.0,-7.0,HARD,78.54650000000001,78.4905,0.056000000000011596,-0.14670000000000502,-0.12889999999999738,0.1008000000000008,22.577,0.2874348315965702,0.5303030303030303,1
2023,Spanish Grand Prix,GAS,PER,19,6.198,21.0,18.0,-3.0,SOFT,80.512,80.0975,0.41450000000000387,-0.06519999999999891,-0.1852000000000012,1.723800000000004,22.577,0.2804178259141495,0.2727272727272727,0
2023,Spanish Grand Prix,LEC,GAS,16,2.952,15.0,18.0,3.0,HARD,80.862,80.483,0.3789999999999907,0.1007999999999954,0.021899999999997023,0.45290000000000064,22.577,0.2792040760802355,0.22727272727272727,0
2023,Spanish Grand Prix,LEC,ALO,41,11.859,24.0,24.0,0.0,SOFT,78.1455,77.6,0.5455000000000041,-0.1417999999999973,-0.20079999999999823,3.5770999999999966,22.577,0.28890979007108536,0.6060606060606061,0
2023,Spanish Grand Prix,TSU,PER,10,1.815,9.0,9.0,0.0,SOFT,80.9185,80.62700000000001,0.291499999999985,-0.16789999999999536,-0.2063999999999911,0.44529999999999975,22.577,0.27900912646675363,0.13636363636363635,1
2023,Spanish Grand Prix,TSU,OCO,34,1.331,23.0,20.0,-3.0,HARD,78.77250000000001,78.601,0.17150000000000887,0.3734000000000006,0.055799999999999746,0.11699999999999969,22.577,0.28661017487067186,0.5,1
2023,Spanish Grand Prix,PIA,PER,17,3.477,18.0,16.0,-2.0,SOFT,80.61449999999999,80.47749999999999,0.13700000000000045,0.06769999999999718,-0.2023000000000006,-0.031200000000000134,22.577,0.2800612792983893,0.24242424242424243,0
2023,Spanish Grand Prix,PIA,ALO,39,6.594,21.0,22.0,1.0,HARD,78.2915,78.04849999999999,0.2430000000000092,-0.026599999999998993,-0.1938000000000016,1.571999999999997,22.577,0.28837102367434525,0.5757575757575758,0
2023,Spanish Grand Prix,DEV,GAS,9,0.548,8.0,11.0,3.0,SOFT,81.5675,81.5215,0.04599999999999227,0.1479000000000016,0.1526999999999995,0.08360000000000002,22.577,0.2767891623502008,0.12121212121212122,1
2023,Spanish Grand Prix,DEV,LEC,38,4.56,28.0,21.0,-7.0,HARD,78.6345,78.322,0.3125,-0.04190000000000143,0.04080000000000237,0.3912999999999993,22.577,0.2871131627974998,0.5606060606060606,0
2023,Spanish Grand Prix,HUL,PER,8,1.31,10.0,7.0,-3.0,SOFT,82.05850000000001,80.80700000000002,1.251499999999993,0.25109999999999305,-0.2073999999999999,0.16580000000000006,22.577,0.27513298439527895,0.10606060606060606,0
2023,Spanish Grand Prix,HUL,PIA,26,2.32,17.0,8.0,-9.0,MEDIUM,79.7055,79.3705,0.33499999999999375,-0.1930999999999913,0.04110000000000151,0.3472000000000007,22.577,0.2832552333276876,0.3787878787878788,1
2023,Spanish Grand Prix,ALB,LEC,16,5.601,15.0,15.0,0.0,SOFT,81.3215,80.862,0.45950000000000557,-0.08520000000000331,0.1007999999999954,0.44060000000000077,22.577,0.2776264579477752,0.22727272727272727,0
2023,Spanish Grand Prix,ALB,BOT,37,1.815,20.0,31.0,11.0,HARD,79.1085,79.524,-0.41549999999999443,-0.3052000000000003,0.09669999999999837,-0.2225999999999965,22.577,0.28539284653355834,0.5454545454545454,1
2023,Spanish Grand Prix,NOR,BOT,22,1.972,20.0,16.0,-4.0,HARD,80.47049999999999,80.4555,0.014999999999986358,-0.2790000000000072,0.12759999999999708,0.2474000000000011,22.577,0.2805624421371808,0.3181818181818182,1
2023,Spanish Grand Prix,MAG,PIA,10,1.594,9.0,11.0,2.0,SOFT,81.62700000000001,81.38499999999999,0.24200000000001864,0.07350000000000569,-0.020799999999999676,0.2090999999999999,22.577,0.2765874036777047,0.13636363636363635,0
2023,Spanish Grand Prix,MAG,HUL,24,2.833,13.0,15.0,2.0,MEDIUM,80.3575,79.906,0.4514999999999958,-0.02529999999999853,-0.09749999999999949,0.6061000000000006,22.577,0.2809569735245621,0.3484848484848485,0
2023,Spanish Grand Prix,BOT,ALB,5,0.369,4.0,4.0,0.0,SOFT,82.051,81.98899999999999,0.06200000000001182,-0.5039999999999819,-0.6709999999999771,-0.007999999999999967,22.577,0.2751581333560834,0.06060606060606061,1
2023,Spanish Grand Prix,SAR,STR,17,1.257,16.0,5.0,-11.0,MEDIUM,81.6685,80.285,1.383499999999998,0.1906000000000036,0.06147297297297218,-0.1935,22.577,0.27644685527467755,0.24242424242424243,0
2023,Spanish Grand Prix,SAR,ALB,36,2.176,18.0,19.0,1.0,HARD,79.2225,79.14250000000001,0.07999999999998408,-0.03640000000000186,-0.18260000000000512,-0.18510000000000004,22.577,0.28498217046924806,0.5303030303030303,0
2023,Canadian Grand Prix,GAS,DEV,33,0.511,22.0,21.0,-1.0,HARD,76.59299999999999,76.6345,-0.041500000000013415,-0.23510000000000073,-0.1873000000000056,-0.021800000000000097,24.187,0.31578603788857995,0.45714285714285713,1
2023,Canadian Grand Prix,PER,SAI,37,5.722,36.0,36.0,0.0,HARD,75.929,75.537,0.3919999999999959,0.05999999999999515,0.07550000000000506,0.3552999999999974,24.187,0.318547590512189,0.5142857142857142,0
2023,Canadian Grand Prix,ALO,VER,41,5.09,28.0,28.0,0.0,HARD,74.77199999999999,74.85249999999999,-0.08050000000000068,-0.04230000000000224,0.0550000000000062,-0.0252,24.187,0.3234767025089606,0.5714285714285714,0
2023,Canadian Grand Prix,LEC,HAM,39,3.455,38.0,26.0,-12.0,MEDIUM,75.194,74.9375,0.2565000000000026,-0.04588461538462038,-0.11061538461538793,0.20669999999999902,24.187,0.3216613027635184,0.5428571428571428,0
2023,Canadian Grand Prix,STR,HUL,27,0.257,15.0,15.0,0.0,HARD,77.095,77.07,0.025000000000005684,-0.030300000000000125,-0.010400000000001202,-0.05609999999999996,24.187,0.3137298138660095,0.37142857142857144,1
2023,Canadian Grand Prix,DEV,MAG,50,3.859,38.0,14.0,-24.0,HARD,75.58600000000001,74.6725,0.9135000000000133,-0.05959999999999512,-0.12170000000000039,1.0550999999999966,24.187,0.3199931204191252,0.7,0
2023,Canadian Grand Prix,TSU,MAG,34,0.288,32.0,33.0,1.0,HARD,76.7225,76.66749999999999,0.05500000000000682,-0.024499999999999657,-0.030700000000009706,-0.05439999999999977,24.187,0.3152530222555313,0.4714285714285714,1
2023,Canadian Grand Prix,ZHO,TSU,32,0.748,19.0,30.0,11.0,HARD,76.807,76.666,0.14100000000000534,-0.06251428571427792,-0.09574285714285927,0.07549999999999964,24.187,0.31490619344590987,0.44285714285714284,0
2023,Canadian Grand Prix,HUL,ZHO,31,0.692,19.0,18.0,-1.0,HARD,76.95899999999999,76.80999999999999,0.1490000000000009,-0.07239999999999772,-0.033799999999994036,0.056399999999999985,24.187,0.3142842292649333,0.42857142857142855,1
2023,Canadian Grand Prix,OCO,PER,36,7.48,23.0,35.0,12.0,HARD,76.018,75.888,0.12999999999999545,0.003799999999997597,0.031000000000005364,0.16060000000000074,24.187,0.3181746428477466,0.5,0
2023,Canadian Grand Prix,NOR,BOT,35,1.76,22.0,34.0,12.0,HARD,76.4325,76.0805,0.35200000000000387,-0.052300000000002476,-0.04869999999999736,0.283,24.187,0.3164491544827135,0.4857142857142857,0
2023,Canadian Grand Prix,HAM,ALO,40,4.212,27.0,27.0,0.0,HARD,75.107,74.746,0.3610000000000042,0.17749999999999078,-0.13450000000001897,0.12289999999999993,24.187,0.3220338983050848,0.5571428571428572,0
2023,Canadian Grand Prix,SAI,LEC,38,1.708,37.0,37.0,0.0,MEDIUM,75.392,75.26750000000001,0.1244999999999834,-0.08115384615384474,-0.02146153846153668,-0.11749999999999981,24.187,0.32081653225806456,0.5285714285714286,0
2023,Canadian Grand Prix,PIA,PER,37,15.431,24.0,36.0,12.0,HARD,76.3305,75.929,0.40149999999999864,0.037500000000005175,0.05999999999999515,4.026199999999966,24.187,0.316872023634065,0.5142857142857142,0
2023,Austrian Grand Prix,PER,SAI,25,2.715,24.0,9.0,-15.0,MEDIUM,69.081,68.668,0.4129999999999967,-0.19599999999999537,0.06980000000000902,0.6207999999999992,21.688,0.3139502902389948,0.3380281690140845,1
2023,Austrian Grand Prix,ALO,PER,44,1.154,28.0,18.0,-10.0,MEDIUM,68.25,67.04350000000001,1.2064999999999912,0.08190000000000137,-0.06969999999999617,0.9013000000000067,21.688,0.31777289377289375,0.6056338028169014,0
2023,Austrian Grand Prix,LEC,VER,47,12.258,31.0,22.0,-9.0,MEDIUM,67.781,66.9125,0.8685000000000116,-0.056099999999998686,-0.0466999999999994,0.8756000000000018,21.688,0.31997167347781824,0.647887323943662,0
2023,Austrian Grand Prix,STR,OCO,36,0.722,20.0,21.0,1.0,HARD,69.0685,69.025,0.04349999999999454,-0.08529999999999975,-0.0856999999999946,0.05300000000000009,21.688,0.314007108884658,0.49295774647887325,1
2023,Austrian Grand Prix,SAR,GAS,43,21.051,28.0,28.0,0.0,HARD,68.927,68.6965,0.23050000000000637,-0.017799999999999185,0.09059999999999943,4.196299999999989,21.688,0.31465173299287647,0.5915492957746479,0
2023,Austrian Grand Prix,DEV,ZHO,37,5.307,24.0,28.0,4.0,HARD,69.57750000000001,69.50550000000001,0.07200000000000273,-0.1062999999999944,-0.024599999999996746,1.265999999999993,21.688,0.31170996370953247,0.5070422535211268,0
2023,Austrian Grand Prix,TSU,OCO,23,1.23,21.0,8.0,-13.0,HARD,71.68350000000001,70.13,1.5535000000000139,0.1885999999999984,-0.1469000000000009,-0.174,21.688,0.30255219122950183,0.30985915492957744,0
2023,Austrian Grand Prix,TSU,STR,43,11.068,19.0,6.0,-13.0,HARD,68.8315,67.223,1.6085000000000065,-0.18130000000000607,0.01620000000000817,1.572699999999999,21.688,0.3150882953298998,0.5915492957746479,0
2023,Austrian Grand Prix,ZHO,SAR,38,5.594,29.0,23.0,-6.0,HARD,69.5365,69.11449999999999,0.42200000000001125,0.03310000000000078,-0.07499999999999783,0.4260999999999993,21.688,0.3118937536401746,0.5211267605633803,0
2023,Austrian Grand Prix,OCO,ALB,40,1.642,25.0,25.0,0.0,HARD,69.0505,68.785,0.26550000000000296,0.17809999999999795,-0.011500000000004769,0.23160000000000072,21.688,0.31408896387426594,0.5492957746478874,0
2023,Austrian Grand Prix,NOR,SAI,41,9.456,26.0,25.0,-1.0,HARD,68.6215,68.0205,0.6009999999999991,0.1302999999999955,-0.036899999999997074,0.46599999999999925,21.688,0.3160525491281887,0.5633802816901409,0
2023,Austrian Grand Prix,HAM,SAI,42,11.86,27.0,26.0,-1.0,HARD,68.4565,68.0185,0.4380000000000024,0.012400000000001325,-0.008199999999998413,3.0434999999999808,21.688,0.3168143273465631,0.5774647887323944,0
2023,Austrian Grand Prix,SAI,LEC,45,4.097,29.0,29.0,0.0,MEDIUM,67.953,67.9585,-0.00549999999999784,-0.038199999999999144,-0.16760000000000183,-0.20380000000000023,21.688,0.3191617735787971,0.6197183098591549,0
2023,Austrian Grand Prix,RUS,GAS,41,2.021,26.0,26.0,0.0,HARD,68.58250000000001,68.7775,-0.19499999999999318,0.016399999999999998,-0.07720000000000418,-0.24459999999999973,21.688,0.316232274997266,0.5633802816901409,1
2023,Austrian Grand Prix,BOT,STR,21,1.19,20.0,5.0,-15.0,HARD,71.4445,70.254,1.1905000000000001,-0.027500000000001284,0.2769999999999951,0.14539999999999903,21.688,0.3035643051599493,0.28169014084507044,0
2023,Austrian Grand Prix,BOT,TSU,40,2.023,18.0,16.0,-2.0,MEDIUM,69.062,68.863,0.19899999999999807,-0.07549999999999912,0.12479999999999665,-0.045100000000001604,21.688,0.31403666270887026,0.5492957746478874,1
2023,Austrian Grand Prix,PIA,STR,22,0.993,7.0,6.0,-1.0,HARD,70.479,70.64949999999999,-0.17049999999998988,0.19810000000000363,0.1779000000000081,0.06399999999999904,21.688,0.30772286780459424,0.29577464788732394,0
2023,Austrian Grand Prix,PIA,TSU,41,5.694,18.0,17.0,-1.0,HARD,68.7835,68.83349999999999,-0.04999999999998295,-0.08800000000000181,-0.02149999999999438,0.5680000000000002,21.688,0.3153081771064281,0.5633802816901409,0
2023,British Grand Prix,ZHO,DEV,24,3.153,23.0,23.0,0.0,MEDIUM,92.328,92.30350000000001,0.024499999999989086,-0.12069999999999524,-0.0888999999999971,0.046599999999999725,28.757,0.31146564422493717,0.4423076923076923,0
2023,Hungarian Grand Prix,NOR,PIA,17,2.09,16.0,18.0,2.0,MEDIUM,84.12950000000001,84.11250000000001,0.016999999999995907,-0.08239999999999674,-0.03299999999999934,-0.00999999999999983,21.984,0.26131143059212286,0.22857142857142856,1
2023,Hungarian Grand Prix,NOR,VER,44,18.793,26.0,20.0,-6.0,HARD,81.922,80.709,1.2129999999999939,-0.15429999999999808,-0.2636000000000032,1.2565000000000013,21.984,0.2683528234173971,0.6142857142857143,0
2023,Hungarian Grand Prix,PER,HAM,42,0.707,23.0,25.0,2.0,MEDIUM,81.8535,82.00999999999999,-0.1564999999999941,0.17420000000000466,0.1248000000000051,-0.24519999999999895,21.984,0.26857739742344555,0.5857142857142857,1
2023,Hungarian Grand Prix,HAM,NOR,16,2.672,18.0,15.0,-3.0,MEDIUM,84.489,84.2485,0.24049999999999727,0.06879999999999743,-0.06350000000000325,0.12910000000000038,21.984,0.2601995526044811,0.21428571428571427,0
2023,Hungarian Grand Prix,PIA,VER,18,7.756,19.0,20.0,1.0,MEDIUM,84.11250000000001,83.31049999999999,0.8020000000000209,-0.06649999999999821,-0.07399999999999839,0.8448999999999982,21.984,0.2613642443156487,0.24285714285714285,0
2023,Hungarian Grand Prix,PIA,NOR,42,7.686,23.0,24.0,1.0,HARD,82.51650000000001,82.30799999999999,0.208500000000015,0.11050000000000329,-0.034399999999991146,0.12150000000000039,21.984,0.26641944338405044,0.5857142857142857,0
2023,Hungarian Grand Prix,RUS,HAM,28,3.968,27.0,11.0,-16.0,HARD,84.07300000000001,82.553,1.5200000000000102,0.09859999999999848,-0.10929999999999811,-2.1231999999999847,21.984,0.2614870410238721,0.38571428571428573,0
2023,Hungarian Grand Prix,LEC,NOR,17,6.056,19.0,16.0,-3.0,MEDIUM,84.68900000000001,84.12950000000001,0.5594999999999999,0.042299999999997305,-0.08239999999999674,1.1968999999999999,21.984,0.25958507007993953,0.22857142857142856,0
2023,Hungarian Grand Prix,LEC,SAI,43,2.076,25.0,27.0,2.0,HARD,82.3475,82.3305,0.016999999999995907,-0.15549999999999864,-0.09159999999999484,0.12329999999999966,21.984,0.26696621026746414,0.6,1
2023,Hungarian Grand Prix,SAI,LEC,15,3.39,14.0,17.0,3.0,SOFT,84.8055,84.5555,0.25,0.013899999999995976,0.08790000000000227,0.2649999999999997,21.984,0.25922846985160164,0.2,1
2023,Hungarian Grand Prix,SAI,HAM,44,14.968,28.0,27.0,-1.0,HARD,82.3305,82.1635,0.1670000000000016,-0.010099999999996973,-0.013599999999999685,0.39050000000000107,21.984,0.26702133474228873,0.6142857142857143,0
2023,Hungarian Grand Prix,ALO,PER,20,4.015,22.0,22.0,0.0,MEDIUM,84.1135,83.686,0.4274999999999949,-0.16519999999999788,-0.401000000000007,0.4869999999999991,21.984,0.26136113703507763,0.2714285714285714,0
2023,Hungarian Grand Prix,STR,HUL,9,0.811,8.0,11.0,3.0,SOFT,85.5215,85.48150000000001,0.03999999999999204,-0.01720000000000566,-0.0033999999999961236,0.062200000000000026,21.984,0.25705816665984577,0.11428571428571428,1
2023,Hungarian Grand Prix,STR,ALO,34,4.307,29.0,17.0,-12.0,HARD,83.47,82.61850000000001,0.8514999999999873,-0.43440000000000273,-0.14910000000000018,0.8444999999999978,21.984,0.2633760632562598,0.4714285714285714,0
2023,Hungarian Grand Prix,ALB,MAG,8,0.977,7.0,7.0,0.0,MEDIUM,85.90950000000001,85.801,0.10850000000000648,-0.260700000000002,-0.21859999999999655,0.15150000000000016,21.984,0.25589719414034534,0.1,1
2023,Hungarian Grand Prix,ALB,BOT,31,4.693,25.0,26.0,1.0,HARD,83.8755,83.5565,0.3190000000000026,-0.09880000000000022,-0.12510000000000301,0.2830999999999991,21.984,0.2621027594470376,0.42857142857142855,1
2023,Hungarian Grand Prix,BOT,TSU,9,0.795,11.0,8.0,-3.0,MEDIUM,85.525,85.5675,-0.04249999999998977,-0.06629999999999592,-0.01180000000000333,0.005899999999999995,21.984,0.2570476468868752,0.11428571428571428,1
2023,Hungarian Grand Prix,BOT,RUS,40,7.72,35.0,11.0,-24.0,HARD,83.0005,81.449,1.5515000000000043,-0.32640000000000535,0.03160000000000222,1.667600000000004,21.984,0.26486587430196207,0.5571428571428572,0
2023,Hungarian Grand Prix,RIC,RUS,18,4.872,20.0,17.0,-3.0,MEDIUM,84.602,84.60050000000001,0.0014999999999929514,0.1413999999999971,-0.2713999999999954,-0.2569999999999991,21.984,0.2598520129547765,0.24285714285714285,0
2023,Hungarian Grand Prix,RIC,SAR,29,0.901,13.0,18.0,5.0,HARD,84.305,84.47749999999999,-0.17249999999998522,0.07739999999999549,-0.030100000000003204,-0.06050000000000001,21.984,0.26076745151533126,0.4,1
2023,Hungarian Grand Prix,HUL,ALO,16,4.535,18.0,18.0,0.0,MEDIUM,85.27349999999998,84.5445,0.728999999999985,-0.09520000000000593,0.010699999999994532,0.757700000000001,21.984,0.257805766152439,0.21428571428571427,0
2023,Hungarian Grand Prix,HUL,TSU,38,2.75,24.0,31.0,7.0,HARD,83.62650000000001,83.3275,0.2990000000000066,-0.0020999999999940055,-0.027000000000005464,0.3442999999999993,21.984,0.2628831769833725,0.5285714285714286,1
2023,Hungarian Grand Prix,TSU,STR,9,0.842,8.0,8.0,0.0,SOFT,85.5675,85.5215,0.04599999999999227,-0.01180000000000333,-0.01720000000000566,0.02919999999999998,21.984,0.2569199754579718,0.11428571428571428,1
2023,Hungarian Grand Prix,TSU,RUS,44,23.447,37.0,15.0,-22.0,HARD,83.4235,81.49100000000001,1.9324999999999903,0.07829999999999655,-0.09279999999999829,1.850700000000004,21.984,0.2635228682565464,0.6142857142857143,0
2023,Hungarian Grand Prix,ZHO,MAG,10,1.82,12.0,9.0,-3.0,MEDIUM,85.575,85.721,-0.1460000000000008,-0.1892999999999994,0.0008000000000043771,0.4238999999999998,21.984,0.256897458369851,0.12857142857142856,1
2023,Hungarian Grand Prix,MAG,RUS,14,2.833,13.0,13.0,0.0,MEDIUM,85.459,85.1385,0.3205000000000098,-0.11990000000000084,-0.04640000000000374,0.4687000000000003,21.984,0.25724616482757817,0.18571428571428572,0
2023,Hungarian Grand Prix,SAR,MAG,13,1.617,12.0,12.0,0.0,MEDIUM,85.2295,85.608,-0.3785000000000025,-0.17429999999999066,-0.12739999999999288,0.1691000000000008,21.984,0.25793885919781295,0.17142857142857143,0
2023,Hungarian Grand Prix,SAR,MAG,34,0.625,23.0,22.0,-1.0,HARD,84.35499999999999,84.39150000000001,-0.03650000000001796,-0.020900000000001744,-0.05130000000000815,-0.024399999999999835,21.984,0.2606128860174264,0.4714285714285714,1
2023,Belgian Grand Prix,PER,VER,29,8.118,15.0,14.0,-1.0,MEDIUM,110.38850000000001,109.7555,0.6330000000000098,0.0769000000000052,0.05640000000000336,0.5995000000000005,23.499,0.2128754353940854,0.6363636363636364,0
2023,Belgian Grand Prix,LEC,VER,13,2.856,12.0,12.0,0.0,SOFT,112.911,111.9355,0.9754999999999967,0.07630000000000756,0.058700000000010924,0.05399999999999822,23.499,0.2081196694741876,0.2727272727272727,0
2023,Belgian Grand Prix,LEC,PER,28,7.116,14.0,14.0,0.0,MEDIUM,110.216,110.2915,-0.07550000000000523,-0.41299999999999926,-0.2778999999999983,-0.004099999999999774,23.499,0.21320860855048268,0.6136363636363636,0
2023,Belgian Grand Prix,HAM,LEC,12,3.26,11.0,11.0,0.0,SOFT,112.9015,112.797,0.10450000000000159,0.0761000000000046,0.12260000000000307,0.37140000000000023,23.499,0.20813718152548902,0.25,0
2023,Belgian Grand Prix,HAM,LEC,27,2.883,14.0,13.0,-1.0,MEDIUM,110.732,110.283,0.44899999999999807,-0.901299999999997,-1.199600000000008,-0.16929999999999934,23.499,0.2122150778456092,0.5909090909090909,0
2023,Belgian Grand Prix,ALO,HAM,10,8.446,9.0,9.0,0.0,MEDIUM,113.1105,113.00999999999999,0.10050000000001091,-0.09679999999999034,0.034300000000007456,0.20860000000000012,23.499,0.20775259591284628,0.20454545454545456,0
2023,Belgian Grand Prix,RUS,ALO,22,7.392,21.0,11.0,-10.0,MEDIUM,114.583,113.3245,1.258499999999998,0.9648000000000001,0.880000000000001,1.3135999999999965,23.499,0.20508277842262812,0.4772727272727273,0
2023,Belgian Grand Prix,NOR,TSU,5,0.431,4.0,4.0,0.0,MEDIUM,116.47200000000001,115.248,1.2240000000000038,,,-0.06550000000000013,23.499,0.20175664537399543,0.09090909090909091,0
2023,Belgian Grand Prix,NOR,BOT,17,1.242,11.0,10.0,-1.0,HARD,114.4435,113.38000000000001,1.0634999999999906,0.5017000000000135,0.3008999999999956,0.19640000000000007,23.499,0.20533276245483578,0.36363636363636365,1
2023,Belgian Grand Prix,OCO,RUS,6,0.707,5.0,5.0,0.0,SOFT,115.18950000000001,115.126,0.06350000000000477,,,0.03139999999999991,23.499,0.20400296902061382,0.11363636363636363,1
2023,Belgian Grand Prix,OCO,ALO,25,18.517,18.0,14.0,-4.0,MEDIUM,114.42099999999999,113.834,0.5869999999999891,-0.7538000000000064,-0.9437999999999902,4.12809999999999,23.499,0.20537313954606234,0.5454545454545454,0
2023,Belgian Grand Prix,STR,RUS,20,2.553,19.0,19.0,0.0,MEDIUM,114.62,113.372,1.2480000000000047,0.3095999999999989,-0.32410000000000977,-1.9083000000000006,23.499,0.20501657651369742,0.4318181818181818,0
2023,Belgian Grand Prix,TSU,ALO,9,3.724,8.0,8.0,0.0,MEDIUM,113.473,113.23599999999999,0.23700000000000898,-0.40340000000000065,-0.03910000000000519,1.0461,23.499,0.20708891101848015,0.18181818181818182,0
2023,Belgian Grand Prix,TSU,ALO,24,12.967,14.0,13.0,-1.0,MEDIUM,115.402,114.67649999999999,0.7255000000000109,-0.1976999999999924,0.21450000000000144,3.6002000000000125,23.499,0.20362732015043067,0.5227272727272727,0
2023,Belgian Grand Prix,GAS,ALO,23,12.332,22.0,12.0,-10.0,SOFT,115.6155,114.67649999999999,0.9390000000000072,0.4455999999999963,1.0394000000000099,3.457699999999998,23.499,0.20325129416038507,0.5,0
2023,Belgian Grand Prix,BOT,SAR,6,0.525,5.0,5.0,0.0,SOFT,115.3645,114.72,0.6445000000000078,,,0.02950000000000008,23.499,0.2036935105686758,0.11363636363636363,1
2023,Belgian Grand Prix,BOT,MAG,24,2.226,17.0,18.0,1.0,MEDIUM,114.6125,114.595,0.017499999999998295,-0.09709999999998996,0.031099999999994587,0.615500000000001,23.499,0.20502999236557967,0.5227272727272727,1
2023,Belgian Grand Prix,ZHO,GAS,7,0.333,6.0,6.0,0.0,SOFT,115.552,115.16300000000001,0.3889999999999958,0.551000000000008,0.5315000000000144,-0.06649999999999996,23.499,0.20336298809194125,0.13636363636363635,0
2023,Belgian Grand Prix,ALB,TSU,7,2.439,6.0,6.0,0.0,SOFT,114.81500000000001,113.712,1.1030000000000086,-0.41050000000001197,-0.7679999999999962,0.4570000000000002,23.499,0.2046683795671297,0.13636363636363635,0
2023,Belgian Grand Prix,ALB,OCO,23,0.591,15.0,16.0,1.0,MEDIUM,114.506,115.22749999999999,-0.7214999999999918,0.18149999999999686,0.4211000000000007,-0.3670000000000001,23.499,0.20522068712556546,0.5,1
2023,Belgian Grand Prix,MAG,HUL,5,0.636,4.0,4.0,0.0,SOFT,114.44600000000001,114.39200000000001,0.054000000000002046,,,0.03800000000000009,23.499,0.2053282770913793,0.09090909090909091,1
2023,Belgian Grand Prix,RIC,MAG,5,0.564,4.0,4.0,0.0,SOFT,114.626,114.44600000000001,0.1799999999999926,,,0.10950000000000007,23.499,0.20500584509622596,0.09090909090909091,0
2023,Belgian Grand Prix,RIC,MAG,22,0.966,16.0,16.0,0.0,MEDIUM,114.17099999999999,114.0825,0.08849999999999625,0.5763999999999988,0.28529999999999966,0.08269999999999972,23.499,0.2058228446803479,0.4772727272727273,0
2023,Belgian Grand Prix,SAR,RUS,8,1.411,7.0,7.0,0.0,SOFT,115.24950000000001,115.126,0.12350000000000705,0.3331999999999833,-0.4217000000000197,0.24560000000000048,23.499,0.2038967631096013,0.1590909090909091,0
2023,Belgian Grand Prix,HUL,GAS,12,5.112,11.0,11.0,0.0,MEDIUM,114.194,113.10600000000001,1.0879999999999939,-0.3405999999999907,-0.4280999999999841,1.319500000000002,23.499,0.205781389565126,0.25,0
2023,Belgian Grand Prix,HUL,ZHO,24,0.297,11.0,16.0,5.0,SOFT,113.3135,114.42250000000001,-1.1090000000000089,0.18750000000001288,0.29939999999999517,-1.0495000000000023,23.499,0.20738040921867207,0.5227272727272727,1
2023,Dutch Grand Prix,GAS,ALO,46,2.449,34.0,35.0,1.0,SOFT,73.013,73.03399999999999,-0.020999999999986585,-0.069300000000003,-0.07130000000000908,-0.003200000000000143,21.312,0.29189322449426813,0.625,0
2023,Dutch Grand Prix,PER,VER,45,8.151,32.0,33.0,1.0,SOFT,73.078,72.768,0.3100000000000023,-0.030800000000003446,0.035199999999996595,0.3906000000000014,21.312,0.29163359697857083,0.6111111111111112,0
2023,Dutch Grand Prix,ALO,GAS,10,2.525,7.0,14.0,7.0,INTERMEDIATE,83.4875,84.209,-0.721500000000006,-0.20630000000000226,0.11630000000000126,0.5225999999999995,21.312,0.255271747267555,0.125,1
2023,Dutch Grand Prix,ALO,VER,48,13.274,37.0,36.0,-1.0,SOFT,72.954,72.732,0.2219999999999942,-0.02540000000000061,-0.02950000000000156,2.660199999999986,21.312,0.2921292869479398,0.6527777777777778,0
2023,Dutch Grand Prix,STR,BOT,34,1.075,17.0,17.0,0.0,MEDIUM,75.7635,75.6685,0.09499999999999886,-0.03409999999999322,-0.20059999999999345,-0.06229999999999986,21.312,0.28129640262131506,0.4583333333333333,1
2023,Dutch Grand Prix,MAG,TSU,9,2.572,7.0,12.0,5.0,INTERMEDIATE,84.93299999999999,84.61449999999999,0.3185000000000002,-0.3459999999999994,-0.6768999999999953,0.48930000000000046,21.312,0.250927201441136,0.1111111111111111,1
2023,Dutch Grand Prix,MAG,PIA,35,2.018,25.0,19.0,-6.0,SOFT,75.014,74.7795,0.23449999999999704,-0.1556000000000001,0.011900000000000058,0.5404999999999998,21.312,0.28410696669954943,0.4722222222222222,0
2023,Dutch Grand Prix,ALB,GAS,44,9.782,43.0,32.0,-11.0,SOFT,73.73400000000001,73.209,0.5250000000000057,-0.027699999999998483,-0.04959999999999535,1.5353000000000037,21.312,0.2890389779477581,0.5972222222222222,0
2023,Dutch Grand Prix,ZHO,VER,10,4.341,8.0,7.0,-1.0,INTERMEDIATE,84.57149999999999,82.48949999999999,2.0819999999999936,0.31859999999999306,-0.019699999999998646,-3.119399999999997,21.312,0.251999787162342,0.125,0
2023,Dutch Grand Prix,ZHO,PIA,37,1.353,26.0,21.0,-5.0,MEDIUM,75.16050000000001,74.52250000000001,0.6380000000000052,-0.39409999999999795,-0.12279999999999479,-0.10299999999999862,21.312,0.2835531961602171,0.5,0
2023,Dutch Grand Prix,OCO,ALB,43,3.948,32.0,42.0,10.0,SOFT,74.18900000000001,73.7875,0.40150000000001285,0.035900000000008814,-0.02169999999999808,0.3783999999999996,21.312,0.28726630632573563,0.5833333333333334,0
2023,Dutch Grand Prix,HAM,NOR,9,18.788,5.0,5.0,0.0,INTERMEDIATE,84.238,83.052,1.1859999999999928,-0.5384000000000052,0.4664999999999958,4.172999999999998,21.312,0.2529974595788124,0.1111111111111111,0
2023,Dutch Grand Prix,SAI,LEC,10,0.808,7.0,8.0,1.0,INTERMEDIATE,84.301,84.98249999999999,-0.6814999999999856,0.25339999999999996,0.3742999999999987,-0.5155999999999998,21.312,0.252808388987082,0.125,1
2023,Dutch Grand Prix,SAI,GAS,41,3.136,30.0,29.0,-1.0,SOFT,73.6935,73.2705,0.4230000000000018,-0.0147000000000015,-0.12139999999999988,0.2980999999999998,21.312,0.2891978261312056,0.5555555555555556,1
2023,Italian Grand Prix,GAS,OCO,10,0.683,9.0,9.0,0.0,MEDIUM,86.847,86.88,-0.03300000000000125,-0.13699999999999404,-0.06049999999999685,0.021899999999999975,24.406,0.2810229484035142,0.17647058823529413,1
2023,Italian Grand Prix,GAS,HUL,31,1.89,23.0,21.0,-2.0,HARD,85.71950000000001,85.8005,-0.08099999999998886,-0.029999999999994604,0.06180000000000642,-0.023799999999999776,24.406,0.28471934623977035,0.5882352941176471,1
2023,Italian Grand Prix,ALO,HAM,21,2.28,20.0,23.0,3.0,MEDIUM,86.194,86.446,-0.25199999999999534,0.17719999999999422,0.04139999999999918,-0.16959999999999953,24.406,0.28315195953314615,0.39215686274509803,0
2023,Italian Grand Prix,STR,OCO,20,2.069,19.0,19.0,0.0,MEDIUM,87.0255,87.1465,-0.12100000000000932,-0.05670000000000216,-0.05800000000000307,-0.08949999999999994,24.406,0.28044653578548817,0.37254901960784315,1
2023,Italian Grand Prix,SAR,HUL,14,0.836,16.0,16.0,0.0,MEDIUM,87.14600000000002,87.339,-0.19299999999998363,0.10590000000000224,0.19540000000000252,0.05780000000000014,24.406,0.28005875197943675,0.2549019607843137,1
2023,Italian Grand Prix,MAG,STR,12,5.137,15.0,11.0,-4.0,HARD,87.82900000000001,86.86449999999999,0.9645000000000152,0.21480000000000207,0.008500000000010888,0.825900000000001,24.406,0.2778808821687597,0.21568627450980393,0
2023,Italian Grand Prix,ALB,PER,15,5.7,17.0,14.0,-3.0,MEDIUM,86.872,86.44500000000001,0.4269999999999925,0.04929999999999831,0.11329999999999894,0.4677999999999995,24.406,0.280942075697578,0.27450980392156865,0
2023,Italian Grand Prix,ZHO,BOT,11,0.813,10.0,13.0,3.0,MEDIUM,86.862,86.884,-0.02200000000000557,0.05569999999999214,0.07009999999999468,0.0031999999999998935,24.406,0.2809744191936635,0.19607843137254902,1
2023,Italian Grand Prix,HUL,ALO,14,3.486,16.0,13.0,-3.0,MEDIUM,87.339,86.6795,0.6594999999999942,0.19540000000000252,-0.11090000000000141,0.8689000000000028,24.406,0.27943988367167016,0.2549019607843137,0
2023,Italian Grand Prix,OCO,BOT,24,5.119,23.0,26.0,3.0,MEDIUM,87.8245,87.017,0.8075000000000045,0.13830000000000453,-0.015600000000001578,0.43620000000000136,24.406,0.2778951203821257,0.45098039215686275,0
2023,Italian Grand Prix,NOR,PIA,22,0.698,21.0,21.0,0.0,MEDIUM,86.3295,86.327,0.0024999999999977263,0.005600000000001947,0.001199999999997725,-0.07559999999999993,24.406,0.28270753334607523,0.4117647058823529,1
2023,Italian Grand Prix,LAW,HUL,13,0.67,15.0,15.0,0.0,MEDIUM,87.0415,87.21050000000001,-0.16900000000001114,0.03560000000000187,0.20079999999999915,-0.007399999999999858,24.406,0.2803949840018842,0.23529411764705882,1
2023,Italian Grand Prix,SAI,VER,19,2.583,18.0,18.0,0.0,MEDIUM,86.577,85.74900000000001,0.8279999999999887,-0.004800000000000502,-0.21890000000000248,0.7965000000000042,24.406,0.28189934971181724,0.35294117647058826,0
2023,Italian Grand Prix,RUS,PER,19,0.933,18.0,18.0,0.0,MEDIUM,86.2175,85.88749999999999,0.3300000000000125,-0.03839999999999491,-0.17699999999999977,-1.0383000000000024,24.406,0.28307478180183837,0.35294117647058826,0
2023,Japanese Grand Prix,NOR,VER,36,15.437,18.0,19.0,1.0,HARD,95.93,95.65,0.28000000000000114,-0.07519999999999546,-0.04390000000000087,0.35730000000000167,24.016,0.250349212967789,0.660377358490566,0
2023,Japanese Grand Prix,PIA,NOR,35,5.582,21.0,17.0,-4.0,HARD,96.4975,95.93,0.5674999999999955,-0.16249999999999912,-0.04459999999999184,0.4477000000000001,24.016,0.24887691390968675,0.6415094339622641,0
2023,Japanese Grand Prix,LEC,NOR,17,1.703,16.0,16.0,0.0,MEDIUM,98.619,98.281,0.33799999999999386,0.022428571428573497,-0.04650000000001024,-1.5601428571428582,24.016,0.24352305336699823,0.3018867924528302,0
2023,Japanese Grand Prix,LEC,PIA,34,4.121,16.0,20.0,4.0,MEDIUM,96.69749999999999,96.6175,0.07999999999998408,-0.008500000000003281,-0.11130000000000399,0.14379999999999987,24.016,0.24836216034540706,0.6226415094339622,0
2023,Japanese Grand Prix,HAM,SAI,16,2.462,15.0,15.0,0.0,MEDIUM,98.4745,98.6695,-0.19499999999999318,-0.2117500000000002,-0.13274999999999962,-0.12678571428571433,24.016,0.24388039543232,0.2830188679245283,0
2023,Japanese Grand Prix,HAM,SAI,34,3.909,17.0,15.0,-2.0,HARD,96.57900000000001,96.7995,-0.22049999999998704,-0.06879999999999434,-0.04250000000000343,-0.0908999999999995,24.016,0.24866689445945803,0.6226415094339622,1
2023,Japanese Grand Prix,RUS,VER,24,7.169,23.0,7.0,-16.0,MEDIUM,98.232,96.287,1.9449999999999932,-0.16380000000000253,-0.04759999999999592,2.012000000000003,24.016,0.2444824497108885,0.4339622641509434,0
2023,Japanese Grand Prix,ALO,OCO,25,1.097,13.0,23.0,10.0,HARD,99.17750000000001,99.3235,-0.14599999999998658,-0.3470000000000006,-0.11629999999999495,-0.0032000000000002773,24.016,0.2421516977136951,0.4528301886792453,1
2023,Japanese Grand Prix,GAS,PIA,18,2.582,17.0,4.0,-13.0,MEDIUM,99.506,97.523,1.983000000000004,-0.49000000000001376,0.06900000000001663,-2.961499999999999,24.016,0.24135228026450664,0.32075471698113206,0
2023,Japanese Grand Prix,LAW,GAS,25,2.549,14.0,6.0,-8.0,MEDIUM,99.62049999999999,97.06400000000001,2.5564999999999856,-0.005999999999996227,-0.01439999999998346,0.35839999999999983,24.016,0.24107487916643663,0.4528301886792453,0
2023,Japanese Grand Prix,TSU,GAS,30,9.569,20.0,11.0,-9.0,MEDIUM,98.987,97.137,1.8499999999999943,0.10159999999999729,-0.040599999999990845,1.8615999999999981,24.016,0.24261771747805266,0.5471698113207547,0
2023,Japanese Grand Prix,HUL,LAW,21,3.18,12.0,10.0,-2.0,MEDIUM,99.2855,99.29599999999999,-0.010499999999993292,0.14460000000000467,0.08979999999998918,0.30649999999999816,24.016,0.2418882918452342,0.37735849056603776,1
2023,Japanese Grand Prix,MAG,HUL,31,5.846,18.0,9.0,-9.0,HARD,98.57900000000001,96.7865,1.792500000000004,0.09400000000000076,-9.999999998586349e-05,1.5290999999999937,24.016,0.24362186672617897,0.5660377358490566,0
2023,Qatar Grand Prix,PIA,VER,12,2.429,17.0,14.0,-3.0,MEDIUM,89.14949999999999,88.856,0.29349999999999454,-0.030099999999991463,0.0013000000000016898,0.2546000000000001,28.7185,0.32213865473165865,0.19298245614035087,0
2023,Qatar Grand Prix,PIA,VER,25,8.112,19.0,10.0,-9.0,MEDIUM,86.87299999999999,86.60300000000001,0.2699999999999818,-0.12139999999999679,-0.21250000000000488,0.22490000000000085,28.7185,0.3305802723515937,0.42105263157894735,0
2023,Qatar Grand Prix,PIA,VER,43,9.231,17.0,8.0,-9.0,MEDIUM,83.91799999999999,83.244,0.6739999999999924,0.05820000000000492,-0.06739999999999448,0.6948999999999986,28.7185,0.342220977621011,0.7368421052631579,0
2023,Qatar Grand Prix,NOR,VER,13,10.101,19.0,15.0,-4.0,MEDIUM,89.15100000000001,88.77449999999999,0.3765000000000214,-0.3408000000000071,-0.09190000000000015,2.6705999999999905,28.7185,0.32213323462440124,0.21052631578947367,0
2023,Qatar Grand Prix,NOR,VER,27,16.606,19.0,12.0,-7.0,MEDIUM,86.362,86.314,0.04800000000000182,-0.06650000000000976,-0.12579999999999444,3.8532000000000033,28.7185,0.3325363006878025,0.45614035087719296,0
2023,Qatar Grand Prix,NOR,VER,44,13.387,16.0,9.0,-7.0,MEDIUM,83.56500000000001,83.236,0.32900000000000773,-0.07619999999999884,-0.03659999999999977,2.9395999999999924,28.7185,0.3436666068330042,0.7543859649122807,0
2023,Qatar Grand Prix,RUS,VER,14,17.827,19.0,16.0,-3.0,MEDIUM,89.21100000000001,88.618,0.5930000000000177,-0.3854000000000058,-0.1506999999999948,5.141100000000018,28.7185,0.32191657979397154,0.22807017543859648,0
2023,Qatar Grand Prix,RUS,VER,32,22.507,17.0,17.0,0.0,MEDIUM,85.4255,85.756,-0.3305000000000007,-0.1773999999999924,-0.2536999999999948,-0.35929999999999873,28.7185,0.33618181924600965,0.543859649122807,0
2023,Qatar Grand Prix,RUS,VER,50,25.7,17.0,15.0,-2.0,HARD,83.029,83.11250000000001,-0.083500000000015,-0.18559999999999507,0.03089999999999629,0.17590000000000067,28.7185,0.3458851726505197,0.8596491228070176,0
2023,Qatar Grand Prix,LEC,PIA,12,4.104,19.0,17.0,-2.0,MEDIUM,89.399,89.14949999999999,0.24950000000001182,-0.17859999999999976,-0.030099999999991463,0.9665000000000019,28.7185,0.3212396111813331,0.19298245614035087,0
2023,Qatar Grand Prix,LEC,NOR,25,3.571,19.0,17.0,-2.0,MEDIUM,87.285,86.53300000000002,0.7519999999999811,-0.39650000000000163,-0.4442999999999914,0.7155999999999995,28.7185,0.3290198774130721,0.42105263157894735,0
2023,Qatar Grand Prix,LEC,RUS,43,7.254,17.0,10.0,-7.0,HARD,84.05600000000001,83.706,0.3500000000000085,-0.1276285714285712,-0.0791999999999934,0.21259999999999954,28.7185,0.3416591320072332,0.7368421052631579,0
2023,Qatar Grand Prix,ALO,PIA,11,2.382,15.0,16.0,1.0,MEDIUM,89.5,89.112,0.38800000000000523,-0.0825999999999984,-0.024800000000001387,0.39380000000000004,28.7185,0.320877094972067,0.17543859649122806,0
2023,Qatar Grand Prix,ALO,VER,26,14.479,19.0,11.0,-8.0,MEDIUM,87.137,86.435,0.7019999999999982,-0.11540000000000346,-0.15019999999999148,2.9486000000000065,28.7185,0.3295787093886638,0.43859649122807015,0
2023,Qatar Grand Prix,ALO,RUS,44,12.818,17.0,11.0,-6.0,HARD,84.598,83.483,1.1149999999999949,-0.062499999999997585,-0.14889999999999332,3.1363999999999943,28.7185,0.33947020024114044,0.7543859649122807,0
2023,Qatar Grand Prix,OCO,LEC,10,1.988,16.0,17.0,1.0,MEDIUM,89.95349999999999,89.61500000000001,0.33849999999998204,-0.40010000000000073,-0.3551999999999978,0.37829999999999964,28.7185,0.3192593951319293,0.15789473684210525,0
2023,Qatar Grand Prix,OCO,LEC,25,2.005,19.0,19.0,0.0,MEDIUM,87.6635,87.285,0.3785000000000025,-0.2848000000000028,-0.39650000000000163,0.21549999999999955,28.7185,0.32759928590576465,0.42105263157894735,0
2023,Qatar Grand Prix,OCO,ALO,43,5.046,17.0,16.0,-1.0,HARD,84.304,84.598,-0.29399999999999693,-0.30077142857142314,-0.03051428571428501,-0.2410999999999994,28.7185,0.34065406149174415,0.7368421052631579,0
2023,Qatar Grand Prix,BOT,PIA,21,3.906,17.0,15.0,-2.0,MEDIUM,89.3715,87.5025,1.8689999999999998,0.06810000000000607,-0.28380000000000305,0.213928571428571,28.7185,0.3213384580095444,0.3508771929824561,0
2023,Qatar Grand Prix,BOT,ALO,39,5.139,17.0,12.0,-5.0,HARD,86.185,84.967,1.2180000000000035,0.1887000000000065,-0.09779999999999918,1.1056999999999977,28.7185,0.3332192376863723,0.6666666666666666,0
2023,Qatar Grand Prix,ZHO,ALB,18,6.414,17.0,17.0,0.0,MEDIUM,89.16900000000001,88.29050000000001,0.8785000000000025,-0.23179999999998446,-0.46799999999999425,0.7644999999999981,28.7185,0.3220682075609236,0.2982456140350877,1
2023,Qatar Grand Prix,ZHO,NOR,35,9.25,16.0,7.0,-9.0,HARD,86.208,84.09,2.117999999999995,-0.2917428571428546,-0.11154285714285606,1.8798000000000017,28.7185,0.33313033593170005,0.5964912280701754,0
2023,Qatar Grand Prix,PER,ALB,17,3.785,16.0,16.0,0.0,HARD,88.6875,88.6705,0.016999999999995907,-0.738800000000001,-0.7258999999999998,0.9451999999999994,28.7185,0.3238167723749119,0.2807017543859649,1
2023,Qatar Grand Prix,PER,RUS,31,6.882,19.0,16.0,-3.0,MEDIUM,86.381,85.5395,0.8414999999999964,-0.10620000000000226,-0.06000000000000294,0.8185999999999969,28.7185,0.3324631574073002,0.5263157894736842,0
2023,Qatar Grand Prix,PER,GAS,43,4.467,17.0,16.0,-1.0,MEDIUM,84.799,84.20100000000001,0.597999999999999,-0.17871428571428166,-0.4149142857142777,0.15819999999999873,28.7185,0.3386655503013007,0.7368421052631579,0
2023,Qatar Grand Prix,STR,ALO,21,1.323,17.0,14.0,-3.0,MEDIUM,89.5255,87.9965,1.5289999999999964,-0.04999999999999459,-0.1355000000000015,-0.19409999999999952,28.7185,0.3207856979296402,0.3508771929824561,0
2023,Qatar Grand Prix,STR,GAS,39,0.978,17.0,12.0,-5.0,HARD,86.6575,85.6235,1.0339999999999918,0.12140000000000488,-0.006899999999998519,-0.014899999999999454,28.7185,0.33140235986498573,0.6666666666666666,1
2023,Qatar Grand Prix,GAS,NOR,11,1.249,17.0,17.0,0.0,MEDIUM,89.929,89.682,0.2469999999999999,-0.2025999999999922,-0.2951999999999963,0.19279999999999997,28.7185,0.3193463732500083,0.17543859649122806,0
2023,Qatar Grand Prix,GAS,RUS,26,1.452,19.0,11.0,-8.0,MEDIUM,87.5805,87.0595,0.5210000000000008,-0.26750000000000684,-0.3158999999999941,0.006400000000000181,28.7185,0.3279097515999566,0.43859649122807015,0
2023,Qatar Grand Prix,ALB,PIA,31,2.125,12.0,5.0,-7.0,MEDIUM,86.6875,85.50049999999999,1.1870000000000118,0.041600000000007756,-0.26689999999999775,-1.1084999999999923,28.7185,0.3312876712328767,0.5263157894736842,0
2023,Qatar Grand Prix,MAG,RUS,21,1.534,17.0,6.0,-11.0,MEDIUM,90.552,87.8295,2.722500000000011,-0.3265999999999928,-0.08129999999999228,-0.4020999999999986,28.7185,0.3171492623023235,0.3508771929824561,0
2023,Qatar Grand Prix,MAG,PER,39,5.677,17.0,13.0,-4.0,HARD,85.65899999999999,85.219,0.4399999999999977,-0.13279999999999761,-0.11040000000000774,0.42499999999999843,28.7185,0.3352654128579601,0.6666666666666666,0
2023,Qatar Grand Prix,TSU,HUL,9,1.034,8.0,15.0,7.0,MEDIUM,91.418,90.7765,0.6415000000000077,-0.8901000000000071,-0.6675999999999963,0.3161000000000001,28.7185,0.31414491675599987,0.14035087719298245,1
2023,Qatar Grand Prix,TSU,RUS,22,5.822,12.0,7.0,-5.0,MEDIUM,89.029,88.10849999999999,0.9205000000000041,0.1166000000000025,-0.10210000000000163,0.6009999999999951,28.7185,0.3225746666816431,0.3684210526315789,0
2023,Qatar Grand Prix,TSU,ALB,40,5.236,17.0,8.0,-9.0,HARD,86.3375,85.036,1.3015000000000043,-0.17469999999999314,-0.07730000000000158,1.1746000000000032,28.7185,0.332630664543217,0.6842105263157895,0
2023,Qatar Grand Prix,HUL,NOR,13,6.104,19.0,19.0,0.0,MEDIUM,90.2355,89.15100000000001,1.0844999999999914,-0.18370000000000006,-0.3408000000000071,1.4918999999999958,28.7185,0.3182616597680514,0.21052631578947367,0
2023,Qatar Grand Prix,HUL,ZHO,27,2.168,13.0,8.0,-5.0,HARD,87.4125,87.48400000000001,-0.07150000000001455,-0.09210000000000534,-0.1052000000000045,-0.15770000000000023,28.7185,0.32853996853996853,0.45614035087719296,0
2023,Qatar Grand Prix,LAW,MAG,21,0.527,17.0,17.0,0.0,HARD,90.2315,90.552,-0.3205000000000098,-0.3331999999999983,-0.3265999999999928,-0.2336999999999989,28.7185,0.31827576844006805,0.3508771929824561,0
2023,Qatar Grand Prix,LAW,ZHO,39,2.824,17.0,3.0,-14.0,HARD,86.61600000000001,85.38749999999999,1.2285000000000252,-0.1313999999999937,0.025565573770490724,-0.2068000000000009,28.7185,0.331561143437702,0.6666666666666666,0
2023,Qatar Grand Prix,SAR,RUS,13,2.84,12.0,18.0,6.0,MEDIUM,90.53450000000001,89.56200000000001,0.9724999999999966,-0.15769999999999665,-0.11009999999999838,0.5783999999999978,28.7185,0.31721056613777066,0.21052631578947367,0
2023,Qatar Grand Prix,SAR,ALB,26,4.119,12.0,7.0,-5.0,MEDIUM,87.9705,87.2655,0.7049999999999983,-0.20829999999999357,-0.40629999999999533,0.3420000000000007,28.7185,0.3264560278729801,0.43859649122807015,0
2023,United States Grand Prix,VER,HAM,16,4.607,15.0,15.0,0.0,MEDIUM,101.79249999999999,101.728,0.06449999999999534,-0.1797000000000069,0.06499999999999803,0.12430000000000016,24.398000000000003,0.23968367021145964,0.26785714285714285,1
2023,United States Grand Prix,NOR,VER,34,1.761,16.0,17.0,1.0,HARD,99.964,99.55699999999999,0.4070000000000107,0.16960000000000186,-0.08819999999999187,0.2301999999999993,24.398000000000003,0.24406786443119527,0.5892857142857143,0
2023,United States Grand Prix,SAI,LEC,17,2.661,16.0,16.0,0.0,MEDIUM,102.472,101.9505,0.521499999999989,-0.012599999999993271,-0.048300000000001904,0.5715000000000001,24.398000000000003,0.23809430868920295,0.2857142857142857,1
2023,United States Grand Prix,SAI,HAM,35,5.258,17.0,14.0,-3.0,MEDIUM,99.64600000000002,99.7475,-0.10149999999998727,0.0060000000000115,0.05739999999999992,0.045000000000000824,24.398000000000003,0.24484675752162655,0.6071428571428571,0
2023,United States Grand Prix,PER,RUS,17,1.348,16.0,16.0,0.0,MEDIUM,102.171,102.178,-0.006999999999990791,0.05450000000000507,0.07050000000000155,-0.16340000000000005,24.398000000000003,0.23879574438930815,0.2857142857142857,1
2023,United States Grand Prix,PER,HAM,37,7.021,19.0,16.0,-3.0,MEDIUM,99.5745,99.3435,0.23099999999999454,-0.09520000000000195,-0.23149999999999676,1.984299999999981,24.398000000000003,0.24502257103977426,0.6428571428571429,0
2023,United States Grand Prix,RUS,LEC,21,5.526,20.0,20.0,0.0,MEDIUM,101.989,101.793,0.19599999999999795,0.02179999999999537,0.07119999999999775,0.1300000000000007,24.398000000000003,0.23922187686907415,0.35714285714285715,0
2023,United States Grand Prix,GAS,RUS,18,5.478,17.0,17.0,0.0,MEDIUM,102.351,102.18299999999999,0.16800000000000637,-0.0873999999999954,-0.02849999999999177,0.6798999999999983,24.398000000000003,0.23837578528788192,0.30357142857142855,0
2023,United States Grand Prix,GAS,RUS,37,3.522,18.0,15.0,-3.0,MEDIUM,100.036,99.926,0.10999999999999943,0.2508000000000004,-0.10550000000000145,0.03629999999999949,24.398000000000003,0.243892198808429,0.6428571428571429,0
2023,United States Grand Prix,STR,PER,20,1.746,19.0,2.0,-17.0,HARD,102.481,101.156,1.3249999999999886,0.038299999999999765,0.13995081967213371,-0.5978999999999971,24.398000000000003,0.23807339897151672,0.3392857142857143,0
2023,United States Grand Prix,STR,ALO,40,8.653,19.0,20.0,1.0,MEDIUM,99.188,99.3325,-0.14449999999999363,-0.15780000000000638,-0.0966000000000057,-0.1890000000000007,24.398000000000003,0.24597733596806068,0.6964285714285714,0
2023,United States Grand Prix,TSU,GAS,17,3.677,16.0,16.0,0.0,MEDIUM,102.6615,102.436,0.2254999999999967,0.056399999999997445,0.0057000000000028694,0.10969999999999995,24.398000000000003,0.23765481704436428,0.2857142857142857,0
2023,United States Grand Prix,TSU,GAS,34,6.189,16.0,15.0,-1.0,HARD,100.542,100.4125,0.12950000000000728,-0.014900000000000156,-0.06090000000000174,0.07540000000000008,24.398000000000003,0.24266475701696807,0.5892857142857143,0
2023,United States Grand Prix,ALB,RIC,10,1.372,12.0,9.0,-3.0,MEDIUM,103.37049999999999,103.24000000000001,0.13049999999998363,-0.039399999999995904,-0.011599999999987825,0.14459999999999995,24.398000000000003,0.236024784633914,0.16071428571428573,1
2023,United States Grand Prix,ALB,ALO,29,7.562,18.0,9.0,-9.0,HARD,101.474,100.26749999999998,1.2065000000000197,-0.26090000000000263,-0.15849999999998662,2.211599999999999,24.398000000000003,0.24043597374696968,0.5,0
2023,United States Grand Prix,SAR,ALO,11,1.299,10.0,10.0,0.0,MEDIUM,103.73,103.25450000000001,0.4754999999999967,-0.07580000000000531,0.14099999999999172,0.22869999999999976,24.398000000000003,0.23520678685047722,0.17857142857142858,0
2023,United States Grand Prix,SAR,STR,32,6.421,20.0,11.0,-9.0,HARD,101.4555,99.636,1.819500000000005,-0.1757000000000019,-0.5017999999999962,1.6156999999999977,24.398000000000003,0.24047981627413006,0.5535714285714286,0
2023,United States Grand Prix,HUL,STR,19,3.383,18.0,18.0,0.0,HARD,102.531,102.60050000000001,-0.069500000000005,-0.13160000000000263,0.14110000000000308,0.1279000000000002,24.398000000000003,0.23795730071880702,0.32142857142857145,0
2023,United States Grand Prix,HUL,STR,34,8.424,14.0,13.0,-1.0,MEDIUM,100.27,99.5815,0.6884999999999906,0.04399999999999618,-0.009600000000003639,2.9324999999999894,24.398000000000003,0.2433230278248729,0.5892857142857143,0
2023,United States Grand Prix,BOT,ALB,10,0.682,9.0,12.0,3.0,MEDIUM,103.47200000000001,103.37049999999999,0.10150000000001569,0.01850000000001,-0.039399999999995904,0.06529999999999994,24.398000000000003,0.23579325807948046,0.16071428571428573,0
2023,United States Grand Prix,BOT,ALB,28,1.741,17.0,17.0,0.0,HARD,102.0515,101.8745,0.1770000000000067,-0.13279999999999004,-0.30379999999999124,0.08049999999999935,24.398000000000003,0.23907536880888572,0.48214285714285715,0
2023,United States Grand Prix,ZHO,TSU,9,2.27,8.0,8.0,0.0,MEDIUM,103.201,102.9435,0.2574999999999932,-0.19460000000000685,-0.01780000000000981,0.2720000000000001,24.398000000000003,0.23641243786397423,0.14285714285714285,0
2023,United States Grand Prix,ZHO,ALB,27,0.725,17.0,16.0,-1.0,HARD,102.44550000000001,102.13550000000001,0.3100000000000023,0.06270000000000248,-0.1033000000000023,-1.889599999999999,24.398000000000003,0.23815589752600164,0.4642857142857143,0
2023,United States Grand Prix,MAG,BOT,10,0.765,9.0,9.0,0.0,MEDIUM,103.40799999999999,103.47200000000001,-0.06400000000002137,0.03570000000000711,0.01850000000001,-0.043999999999999956,24.398000000000003,0.23593919232554547,0.16071428571428573,0
2023,United States Grand Prix,MAG,HUL,29,6.358,18.0,9.0,-9.0,HARD,102.2495,100.8965,1.3529999999999944,-0.20029999999999556,0.1419000000000097,1.3961999999999997,24.398000000000003,0.23861241375263453,0.5,0
2023,United States Grand Prix,RIC,SAI,22,3.153,21.0,4.0,-17.0,MEDIUM,102.873,99.937,2.936000000000007,0.2808000000000003,-0.39899999999999447,0.13380000000000547,24.398000000000003,0.2371662146530188,0.375,0
2023,United States Grand Prix,ALO,RIC,19,3.035,18.0,18.0,0.0,MEDIUM,102.53999999999999,102.4495,0.09049999999999159,0.1680000000000037,0.030700000000005393,-0.29950000000000054,24.398000000000003,0.23793641505753857,0.32142857142857145,1
2023,Mexico City Grand Prix,SAR,MAG,22,0.94,21.0,21.0,0.0,MEDIUM,84.4115,84.44300000000001,-0.0315000000000083,-0.028700000000006103,-0.11310000000000331,-0.01600000000000043,27.031,0.32022887876651873,0.29577464788732394,1
2023,Mexico City Grand Prix,TSU,MAG,9,0.382,8.0,8.0,0.0,MEDIUM,83.803,83.908,-0.10500000000000398,,,-0.10500000000000005,27.031,0.32255408517594836,0.11267605633802817,1
2023,Mexico City Grand Prix,NOR,MAG,11,2.862,10.0,10.0,0.0,SOFT,83.892,84.091,-0.19899999999999807,-0.009300000000000783,0.12739999999999765,0.7320999999999995,27.031,0.3222118914795213,0.14084507042253522,1
2023,São Paulo Grand Prix,NOR,VER,27,3.686,24.0,27.0,3.0,SOFT,74.88,74.80850000000001,0.07149999999998613,-0.05220000000000012,0.007100000000000701,0.1549000000000002,23.968,0.3200854700854701,0.36619718309859156,1
2023,São Paulo Grand Prix,ALO,NOR,25,4.918,25.0,22.0,-3.0,SOFT,75.328,75.01,0.31799999999999784,0.029800000000000295,-0.027799999999998763,0.3027999999999999,23.968,0.3181818181818182,0.3380281690140845,0
2023,São Paulo Grand Prix,ALO,NOR,47,16.209,21.0,19.0,-2.0,MEDIUM,73.127,72.8145,0.3125,-0.15349999999999867,-0.0012000000000012736,0.3369000000000001,23.968,0.32775855703091883,0.647887323943662,0
2023,São Paulo Grand Prix,PER,ALO,20,8.199,20.0,20.0,0.0,SOFT,75.993,75.52600000000001,0.46699999999998454,0.054399999999995736,0.01600000000000274,2.834199999999993,23.968,0.3153974708196808,0.2676056338028169,0
2023,São Paulo Grand Prix,PER,ALO,46,2.924,25.0,20.0,-5.0,MEDIUM,73.60399999999998,73.1335,0.47049999999998704,0.01849999999999485,-0.15039999999999915,0.30669999999999925,23.968,0.3256344763871529,0.6338028169014085,0
2023,São Paulo Grand Prix,STR,ALO,22,11.812,22.0,22.0,0.0,SOFT,76.1215,75.51599999999999,0.6055000000000064,-0.06670000000000695,-0.073500000000007,4.299399999999987,23.968,0.3148650512667249,0.29577464788732394,0
2023,São Paulo Grand Prix,STR,NOR,52,27.545,29.0,24.0,-5.0,MEDIUM,73.181,72.62,0.5609999999999928,-0.046800000000003075,0.006399999999999097,0.48720000000000335,23.968,0.32751670515570985,0.7183098591549296,0
2023,São Paulo Grand Prix,SAI,NOR,26,19.333,27.0,23.0,-4.0,SOFT,75.6945,74.915,0.7794999999999987,-0.03849999999999585,-0.039399999999998776,1.846100000000003,23.968,0.3166412354926712,0.352112676056338,0
2023,São Paulo Grand Prix,SAI,STR,51,4.842,24.0,28.0,4.0,MEDIUM,73.23599999999999,73.181,0.05499999999999261,-0.17590000000000003,-0.1186000000000024,0.04389999999999975,23.968,0.32727074116554705,0.704225352112676,0
2023,São Paulo Grand Prix,GAS,SAI,26,2.162,26.0,27.0,1.0,SOFT,76.0325,75.6945,0.33799999999999386,0.06729999999999653,-0.03849999999999585,0.45520000000000094,23.968,0.3152336172031697,0.352112676056338,0
2023,São Paulo Grand Prix,HAM,ALO,18,6.731,18.0,18.0,0.0,SOFT,76.292,75.51899999999999,0.7730000000000103,0.02540000000000445,-0.0020999999999963864,0.7172999999999982,23.968,0.3141613799612017,0.23943661971830985,0
2023,São Paulo Grand Prix,HAM,SAI,46,4.434,27.0,19.0,-8.0,MEDIUM,74.04849999999999,73.669,0.37949999999999307,0.13409999999999564,0.08599999999999591,0.4184999999999993,23.968,0.32367975043383734,0.6338028169014085,0
2023,São Paulo Grand Prix,TSU,GAS,26,3.665,23.0,26.0,3.0,SOFT,75.51150000000001,76.0325,-0.5209999999999866,-0.058799999999996515,0.06729999999999653,-0.4599000000000009,23.968,0.31740860663607523,0.352112676056338,1
2023,São Paulo Grand Prix,OCO,GAS,14,1.677,14.0,14.0,0.0,SOFT,76.564,76.362,0.20199999999999818,0.24660000000000126,0.06919999999999896,0.16380000000000042,23.968,0.3130452954391098,0.18309859154929578,1
2023,São Paulo Grand Prix,OCO,SAI,31,3.189,16.0,4.0,-12.0,MEDIUM,75.4015,73.931,1.4705000000000013,0.071400000000001,0.11650000000000252,-0.27859999999999824,23.968,0.3178716603781092,0.4225352112676056,0
2023,São Paulo Grand Prix,SAR,BOT,17,3.577,14.0,14.0,0.0,SOFT,76.868,76.6805,0.1875,-0.10509999999999617,0.10100000000000084,0.9830000000000004,23.968,0.3118072539938596,0.22535211267605634,0
2023,São Paulo Grand Prix,SAR,TSU,44,11.398,26.0,17.0,-9.0,SOFT,74.4555,73.561,0.8944999999999936,0.02829999999999669,-0.032299999999997366,0.9547999999999995,23.968,0.32191040285808303,0.6056338028169014,0
2023,São Paulo Grand Prix,HUL,TSU,21,8.377,21.0,18.0,-3.0,SOFT,76.70750000000001,75.9915,0.7160000000000082,-0.5891000000000024,-1.1557000000000064,1.1091999999999984,23.968,0.31245966822018706,0.28169014084507044,0
2023,São Paulo Grand Prix,HUL,OCO,46,9.348,27.0,17.0,-10.0,SOFT,74.2265,73.53649999999999,0.6900000000000119,0.01729999999999463,0.06000000000000574,0.6786999999999984,23.968,0.32290354522980336,0.6338028169014085,0
2023,São Paulo Grand Prix,PIA,RIC,24,4.304,22.0,25.0,3.0,MEDIUM,75.9475,75.544,0.4035000000000082,-0.05340000000000273,-0.04660000000000077,0.4476000000000006,23.968,0.3155864248329438,0.323943661971831,0
2023,São Paulo Grand Prix,PIA,RIC,52,5.046,30.0,25.0,-5.0,SOFT,73.2745,72.932,0.34250000000000114,-0.10849999999999942,-0.10940000000000294,0.3231000000000014,23.968,0.32709878607155285,0.7183098591549296,0
2023,São Paulo Grand Prix,RUS,PER,19,1.889,19.0,19.0,0.0,SOFT,76.3175,76.00399999999999,0.3135000000000048,-0.1996999999999984,-0.0017999999999987438,0.48070000000000057,23.968,0.31405640908048615,0.2535211267605634,0
2023,São Paulo Grand Prix,RUS,GAS,45,0.991,25.0,18.0,-7.0,MEDIUM,74.565,73.98949999999999,0.5755000000000052,0.14329999999999418,0.07749999999999456,-0.5686999999999998,23.968,0.32143767182994704,0.6197183098591549,0
2023,São Paulo Grand Prix,BOT,GAS,18,3.837,15.0,18.0,3.0,SOFT,76.5095,76.4495,0.060000000000002274,-0.049799999999999345,0.05680000000000429,0.6607999999999984,23.968,0.3132682869447585,0.23943661971830985,1
2023,São Paulo Grand Prix,ZHO,BOT,15,1.658,12.0,12.0,0.0,SOFT,76.7695,76.5295,0.23999999999999488,0.14330000000000193,0.10340000000000062,0.22529999999999922,23.968,0.3122073219182097,0.19718309859154928,0
2023,Las Vegas Grand Prix,GAS,LEC,17,6.422,16.0,16.0,0.0,MEDIUM,99.451,97.848,1.6029999999999944,0.37449999999999967,0.04190000000000005,1.9868000000000006,22.187,0.22309479039929214,0.32,0
2023,Las Vegas Grand Prix,SAR,ALB,15,0.948,14.0,14.0,0.0,MEDIUM,98.937,98.977,-0.04000000000000625,-0.2594000000000104,-0.24030000000000817,-0.0054999999999999554,22.187,0.22425381808625694,0.28,0
2023,Las Vegas Grand Prix,MAG,HAM,14,1.517,13.0,13.0,0.0,MEDIUM,99.6985,98.84400000000001,0.8544999999999874,-0.437600000000002,-0.5082000000000046,0.2417000000000008,22.187,0.2225409609974072,0.26,1
2023,Las Vegas Grand Prix,TSU,HAM,10,1.045,9.0,9.0,0.0,SOFT,101.862,100.76299999999999,1.0990000000000038,-1.2140000000000082,-1.700499999999998,0.21000000000000005,22.187,0.21781429777542166,0.18,1
2023,Las Vegas Grand Prix,ALB,GAS,16,3.781,15.0,15.0,0.0,MEDIUM,98.977,98.654,0.3230000000000075,0.13045714285714252,0.19474285714285217,0.26750000000000074,22.187,0.22416318942784688,0.3,0
2023,Las Vegas Grand Prix,HUL,HAM,12,1.36,11.0,11.0,0.0,MEDIUM,101.19600000000001,99.5775,1.6185000000000116,-0.3593999999999887,-0.8283999999999906,0.2567000000000004,22.187,0.21924779635558717,0.22,1
2023,Las Vegas Grand Prix,HAM,OCO,17,1.062,16.0,16.0,0.0,HARD,98.14999999999999,98.803,-0.6530000000000058,0.4590999999999985,0.14760000000000012,0.0628999999999999,22.187,0.2260519612837494,0.32,0
2023,Las Vegas Grand Prix,RUS,LEC,15,2.066,14.0,14.0,0.0,MEDIUM,98.248,98.21300000000001,0.03499999999999659,-0.2497000000000076,-0.2027000000000049,0.1296999999999999,22.187,0.2258264799283446,0.28,0
2023,Las Vegas Grand Prix,PIA,OCO,16,1.14,16.0,15.0,-1.0,HARD,98.337,98.656,-0.3190000000000026,-0.18608571428571133,-0.011857142857140384,-0.28030000000000027,22.187,0.22562209544728842,0.3,1
2023,Abu Dhabi Grand Prix,LEC,VER,35,8.276,17.0,18.0,1.0,HARD,87.6705,87.13399999999999,0.536500000000018,-0.04529999999999318,-0.10200000000000226,0.5742999999999997,21.906,0.24986740123530718,0.5862068965517241,0
2023,Abu Dhabi Grand Prix,RUS,NOR,14,2.056,13.0,13.0,0.0,MEDIUM,90.2415,90.4205,-0.17900000000000205,-0.0722000000000028,0.04469999999999307,0.6462000000000019,21.906,0.2427486245241934,0.22413793103448276,1
2023,Abu Dhabi Grand Prix,RUS,LEC,34,2.076,19.0,16.0,-3.0,HARD,87.65799999999999,87.6705,-0.012500000000017053,-0.10360000000000454,0.00309999999999481,0.025900000000000097,21.906,0.2499030322389286,0.5689655172413793,0
2023,Abu Dhabi Grand Prix,PER,TSU,17,2.782,16.0,16.0,0.0,MEDIUM,90.4005,90.0835,0.31699999999999307,0.02880000000000378,-0.169699999999994,0.2665000000000003,21.906,0.24232166857484197,0.27586206896551724,1
2023,Abu Dhabi Grand Prix,PER,VER,42,16.307,24.0,25.0,1.0,HARD,86.6935,86.5395,0.15399999999999636,-0.0357999999999982,-0.04639999999999593,0.06019999999999976,21.906,0.25268330382323934,0.7068965517241379,0
2023,Abu Dhabi Grand Prix,NOR,LEC,14,2.834,13.0,13.0,0.0,MEDIUM,90.4205,90.0125,0.40800000000000125,0.04469999999999307,0.011699999999996859,0.5184000000000014,21.906,0.24226806974082202,0.22413793103448276,0
2023,Abu Dhabi Grand Prix,NOR,RUS,33,2.711,18.0,18.0,0.0,HARD,87.781,87.8485,-0.06749999999999545,0.06999999999999271,-0.06960000000000352,-0.0423999999999994,21.906,0.24955286451510006,0.5517241379310345,0
2023,Abu Dhabi Grand Prix,PIA,RUS,13,1.166,12.0,12.0,0.0,MEDIUM,90.64150000000001,90.25999999999999,0.3815000000000168,0.19370000000000487,-0.050699999999988546,-0.1058999999999988,21.906,0.2416773773602599,0.20689655172413793,0
2023,Abu Dhabi Grand Prix,PIA,PER,36,5.459,22.0,18.0,-4.0,HARD,87.7615,87.241,0.5204999999999984,-0.10839999999999986,-0.09679999999999911,0.5238000000000004,21.906,0.24960831344040382,0.603448275862069,0
2023,Abu Dhabi Grand Prix,ALO,TSU,12,0.944,11.0,11.0,0.0,MEDIUM,90.6405,90.59649999999999,0.04400000000001114,0.06390000000001039,0.066900000000008,0.047600000000000024,21.906,0.24168004368907936,0.1896551724137931,1
2023,Abu Dhabi Grand Prix,HAM,GAS,15,0.643,14.0,14.0,0.0,MEDIUM,90.84049999999999,90.8065,0.033999999999991815,0.00029999999999986396,0.007699999999997911,-0.0343999999999999,21.906,0.2411479461253516,0.2413793103448276,1
2023,Abu Dhabi Grand Prix,HAM,ALO,35,2.021,19.0,23.0,4.0,HARD,87.83699999999999,88.04599999999999,-0.20900000000000318,-0.132000000000003,-0.1393999999999991,-0.26460000000000006,21.906,0.2493937634482052,0.5862068965517241,0
2023,Abu Dhabi Grand Prix,RIC,HUL,7,0.655,6.0,6.0,0.0,MEDIUM,91.0845,91.08000000000001,0.004499999999993065,-0.4178999999999871,-0.4393999999999932,0.04410000000000005,21.906,0.24050195148461043,0.10344827586206896,1
2023,Abu Dhabi Grand Prix,RIC,STR,31,0.995,23.0,9.0,-14.0,HARD,89.0475,88.231,0.8165000000000049,-0.2601999999999949,0.053300000000012636,0.022600000000001477,21.906,0.24600353743788425,0.5172413793103449,0
2023,Abu Dhabi Grand Prix,OCO,HAM,15,0.738,14.0,14.0,0.0,MEDIUM,90.831,90.84049999999999,-0.009499999999988518,0.050400000000002394,0.00029999999999986396,-0.03809999999999987,21.906,0.24117316775109818,0.2413793103448276,1
2023,Abu Dhabi Grand Prix,GAS,PER,17,2.179,16.0,16.0,0.0,MEDIUM,90.94,90.4005,0.5395000000000039,-0.0614000000000036,0.02880000000000378,0.4019999999999999,21.906,0.2408840994062019,0.27586206896551724,0
2023,Abu Dhabi Grand Prix,ALB,BOT,16,2.94,16.0,15.0,-1.0,MEDIUM,90.8955,90.9885,-0.09300000000000352,-0.13990000000000136,-0.10610000000000344,0.35720000000000013,21.906,0.24100202980345561,0.25862068965517243,1
2023,Abu Dhabi Grand Prix,HUL,SAI,13,2.914,12.0,12.0,0.0,MEDIUM,91.0875,90.523,0.5645000000000095,0.04810000000000824,-0.04799999999999394,0.5602999999999984,21.906,0.240494030465212,0.20689655172413793,1
2023,Abu Dhabi Grand Prix,SAR,ALB,15,1.727,15.0,15.0,0.0,MEDIUM,91.224,91.1045,0.11950000000000216,-0.0888000000000041,-0.15380000000000213,0.053399999999999885,21.906,0.24013417521704813,0.2413793103448276,0
2023,Abu Dhabi Grand Prix,ZHO,BOT,13,1.316,12.0,12.0,0.0,MEDIUM,91.292,91.1165,0.17549999999999955,0.15130000000000607,0.04180000000000551,0.14169999999999952,21.906,0.239955308241686,0.20689655172413793,1
2023,Abu Dhabi Grand Prix,ZHO,ALB,37,4.128,23.0,20.0,-3.0,HARD,88.6465,88.0415,0.605000000000004,-0.1287999999999929,-0.11079999999999916,0.6671999999999944,21.906,0.24711635541166316,0.6206896551724138,0
2023,Abu Dhabi Grand Prix,SAI,LEC,23,1.361,22.0,5.0,-17.0,HARD,90.58250000000001,88.619,1.9635000000000105,0.22249999999999573,-0.15909999999999835,-0.24029999999999935,21.906,0.24183479148842213,0.3793103448275862,0
2023,Abu Dhabi Grand Prix,BOT,GAS,29,2.876,28.0,11.0,-17.0,HARD,90.67500000000001,88.9245,1.7505000000000166,-0.0824000000000015,-0.16899999999999368,0.4895000000000002,21.906,0.24158808933002476,0.4827586206896552,0
2023,Abu Dhabi Grand Prix,MAG,ALB,5,0.422,4.0,5.0,1.0,MEDIUM,91.585,91.642,-0.05700000000000216,-0.7999999999999767,-1.047499999999991,-0.1075,21.906,0.2391876398973631,0.06896551724137931,1
2023,Abu Dhabi Grand Prix,MAG,HUL,22,4.968,16.0,8.0,-8.0,HARD,90.858,89.3075,1.5504999999999995,-0.22249999999999723,-0.12690000000000368,1.1973999999999956,21.906,0.24110149904246184,0.3620689655172414,0
2024,Bahrain Grand Prix,PER,VER,12,8.869,14.0,14.0,0.0,SOFT,97.206,96.654,0.5520000000000067,-0.06702857142856843,0.03250000000000714,2.253700000000005,24.779,0.25491224821513075,0.19298245614035087,0
2024,Bahrain Grand Prix,PER,VER,36,17.677,23.0,18.0,-5.0,HARD,94.43549999999999,93.9045,0.5309999999999917,0.034600000000002934,0.029500000000004575,0.47090000000000015,24.779,0.2623907322987648,0.6140350877192983,0
2024,Bahrain Grand Prix,SAI,VER,14,11.734,16.0,16.0,0.0,SOFT,96.95700000000001,96.313,0.6440000000000055,-0.24228571428570678,-0.11542307692307588,4.269500000000011,24.779,0.2555669007910723,0.22807017543859648,0
2024,Bahrain Grand Prix,SAI,PER,35,3.194,20.0,22.0,2.0,HARD,94.5935,94.386,0.20750000000001023,-0.018300000000001364,-0.027500000000005062,0.25139999999999996,24.779,0.2619524597356055,0.5964912280701754,0
2024,Bahrain Grand Prix,LEC,PER,11,1.062,13.0,13.0,0.0,SOFT,97.695,97.39699999999999,0.2980000000000018,-0.12649999999998962,-0.12939999999999005,0.06249999999999983,24.779,0.253636317109371,0.17543859649122806,0
2024,Bahrain Grand Prix,LEC,SAI,34,11.237,22.0,19.0,-3.0,HARD,95.06450000000001,94.5935,0.47100000000000364,-0.1291000000000055,-0.029300000000002692,3.0598999999999936,24.779,0.260654608187073,0.5789473684210527,0
2024,Bahrain Grand Prix,RUS,VER,11,7.045,13.0,13.0,0.0,SOFT,97.42099999999999,96.66,0.7609999999999957,-0.10119999999998913,-0.023299999999991033,0.7986999999999996,24.779,0.2543496782007986,0.17543859649122806,0
2024,Bahrain Grand Prix,RUS,SAI,31,8.541,19.0,16.0,-3.0,HARD,95.256,94.7335,0.5224999999999937,0.039099999999999496,-0.0069999999999969635,0.45349999999999835,24.779,0.2601305954480558,0.5263157894736842,0
2024,Bahrain Grand Prix,NOR,SAI,13,3.561,15.0,15.0,0.0,SOFT,97.542,97.02600000000001,0.5159999999999911,-0.06260000000000393,-0.20699999999999733,0.29619999999999896,24.779,0.25403415964405074,0.21052631578947367,0
2024,Bahrain Grand Prix,NOR,LEC,33,2.331,19.0,21.0,2.0,HARD,95.2055,95.17,0.03549999999999898,-0.028200000000003295,-0.049399999999998126,-0.02980000000000018,24.779,0.260268576920451,0.5614035087719298,0
2024,Bahrain Grand Prix,HAM,PIA,12,2.277,14.0,14.0,0.0,SOFT,97.78,97.592,0.1880000000000024,0.029371428571432347,0.0488000000000039,0.5131000000000011,24.779,0.25341583145837593,0.19298245614035087,1
2024,Bahrain Grand Prix,HAM,PIA,33,2.019,20.0,20.0,0.0,HARD,95.2285,95.38250000000001,-0.15400000000001057,0.0824999999999963,0.027699999999995305,-0.2696000000000013,24.779,0.2602057157258594,0.5614035087719298,1
2024,Bahrain Grand Prix,PIA,NOR,12,1.884,14.0,14.0,0.0,SOFT,97.592,97.55999999999999,0.03200000000001069,0.0488000000000039,-0.00042857142856759313,0.0004999999999999579,24.779,0.25390400852528894,0.19298245614035087,0
2024,Bahrain Grand Prix,ALO,VER,15,23.226,17.0,17.0,0.0,SOFT,97.8405,96.274,1.5665000000000049,-0.04120000000001007,-0.07150000000001588,7.131799999999988,24.779,0.25325913093248703,0.24561403508771928,0
2024,Bahrain Grand Prix,STR,GAS,9,0.876,8.0,8.0,0.0,SOFT,98.4445,98.742,-0.29749999999999943,0.039999999999994415,0.13519999999999463,0.07469999999999981,24.779,0.2517052755613569,0.14035087719298245,1
2024,Bahrain Grand Prix,STR,TSU,27,2.568,17.0,12.0,-5.0,HARD,96.52,96.31200000000001,0.2079999999999842,-0.054599999999991176,-0.0007999999999985881,0.29100000000000015,24.779,0.25672399502693743,0.45614035087719296,1
2024,Bahrain Grand Prix,ZHO,MAG,9,0.215,8.0,8.0,0.0,SOFT,98.8425,98.5275,0.3149999999999977,0.2524999999999927,0.2201999999999954,-0.11210000000000007,24.779,0.25069175708829705,0.14035087719298245,1
2024,Bahrain Grand Prix,ZHO,ALO,28,5.82,18.0,12.0,-6.0,HARD,96.41749999999999,95.632,0.7854999999999848,9.999999999898008e-05,-0.06780000000000053,0.6430999999999969,24.779,0.2569969144605492,0.47368421052631576,0
2024,Bahrain Grand Prix,MAG,ALB,11,2.342,10.0,10.0,0.0,SOFT,98.731,98.219,0.5120000000000005,-0.05200000000000037,-0.07100000000000502,0.5935999999999999,24.779,0.2509748711144423,0.17543859649122806,1
2024,Bahrain Grand Prix,MAG,TSU,32,5.363,20.0,17.0,-3.0,HARD,96.20700000000001,95.8315,0.3755000000000024,-0.09779999999999793,-0.25469999999999166,0.1756999999999991,24.779,0.2575592212624861,0.543859649122807,1
2024,Bahrain Grand Prix,RIC,ALB,13,5.018,15.0,12.0,-3.0,SOFT,98.403,98.205,0.1980000000000075,-0.22069999999999365,0.010100000000004206,1.4885999999999961,24.779,0.2518114285133583,0.21052631578947367,0
2024,Bahrain Grand Prix,RIC,ALB,35,1.194,21.0,19.0,-2.0,HARD,96.1505,96.23750000000001,-0.08700000000001751,-0.009799999999996154,-0.08550000000000144,-0.11629999999999976,24.779,0.25771056832777783,0.5964912280701754,1
2024,Bahrain Grand Prix,TSU,ALO,14,2.213,13.0,16.0,3.0,SOFT,98.104,97.85000000000001,0.2539999999999907,0.009628571428573016,-0.1452857142857055,0.1469000000000005,24.779,0.252578895865612,0.22807017543859648,0
2024,Bahrain Grand Prix,ALB,ALO,15,4.672,14.0,17.0,3.0,SOFT,98.1815,97.8405,0.340999999999994,-0.03149999999999436,-0.04120000000001007,0.8114999999999981,24.779,0.25237952160030147,0.24561403508771928,0
2024,Bahrain Grand Prix,HUL,RIC,20,3.958,18.0,6.0,-12.0,HARD,96.86700000000002,96.4555,0.41150000000001796,-0.07060000000000559,0.2454000000000142,0.581199999999999,24.779,0.255804350294734,0.3333333333333333,1
2024,Bahrain Grand Prix,OCO,RIC,10,0.573,9.0,12.0,3.0,SOFT,98.791,98.8245,-0.03350000000000364,0.1262000000000088,0.14780000000000343,0.007000000000000004,24.779,0.2508224433399804,0.15789473684210525,1
2024,Bahrain Grand Prix,OCO,RIC,30,5.301,19.0,16.0,-3.0,HARD,96.8515,96.399,0.45250000000000057,-0.07990000000000592,-0.06399999999999902,0.44769999999999976,24.779,0.2558452889216997,0.5087719298245614,0
2024,Bahrain Grand Prix,GAS,RIC,12,1.273,11.0,14.0,3.0,SOFT,98.846,98.83399999999999,0.012000000000014666,-0.17874285714285218,-0.12879999999999472,0.27840000000000054,24.779,0.2506828804402808,0.19298245614035087,0
2024,Bahrain Grand Prix,GAS,RIC,31,8.695,18.0,17.0,-1.0,HARD,96.85,96.27000000000001,0.5799999999999841,0.04259999999999837,-0.09239999999999234,2.353699999999987,24.779,0.25584925141972126,0.5263157894736842,0
2024,Bahrain Grand Prix,BOT,GAS,12,1.672,11.0,11.0,0.0,SOFT,98.557,98.846,-0.2890000000000015,0.06917142857143223,-0.17874285714285218,0.21120000000000008,24.779,0.25141796117982484,0.19298245614035087,0
2024,Saudi Arabian Grand Prix,HAM,NOR,36,4.14,35.0,35.0,0.0,MEDIUM,91.5265,91.3925,0.13400000000000034,0.03729999999999494,-0.05220000000000166,0.05570000000000043,22.243,0.24302251260563879,0.7,0
2024,Australian Grand Prix,PER,PIA,35,12.473,20.0,26.0,6.0,HARD,80.519,80.1215,0.39750000000000796,0.1141000000000025,-0.12269999999999744,0.38839999999999975,17.826,0.2213887405457097,0.5862068965517241,0
2024,Australian Grand Prix,LEC,SAI,34,8.198,24.0,17.0,-7.0,HARD,80.056,79.43549999999999,0.6205000000000069,-0.18949999999999967,-0.10360000000000072,0.6746999999999986,17.826,0.2226691316078745,0.5689655172413793,0
2024,Australian Grand Prix,STR,RUS,37,8.252,29.0,28.0,-1.0,HARD,81.14250000000001,80.3885,0.7540000000000191,-0.03979999999999548,-0.08459999999999948,0.7879999999999938,17.826,0.21968758665311025,0.6206896551724138,0
2024,Australian Grand Prix,MAG,BOT,7,1.126,6.0,7.0,1.0,MEDIUM,83.53899999999999,83.227,0.3119999999999834,-0.08219999999998891,-0.27860000000000007,0.13779999999999995,17.826,0.213385364919379,0.10344827586206896,1
2024,Australian Grand Prix,MAG,HUL,33,2.815,25.0,15.0,-10.0,HARD,81.5115,81.326,0.18550000000000466,-0.10120000000000451,-0.1550000000000071,0.15300000000000036,17.826,0.21869306784932188,0.5517241379310345,0
2024,Australian Grand Prix,TSU,STR,36,2.67,26.0,28.0,2.0,HARD,81.227,81.227,0.0,-0.08529999999999946,-0.09190000000000033,0.11660000000000038,17.826,0.21945904686865206,0.603448275862069,0
2024,Australian Grand Prix,ALB,MAG,6,0.523,5.0,5.0,0.0,MEDIUM,83.572,83.574,-0.001999999999995339,-0.26580000000000525,-0.15269999999999614,0.0755,17.826,0.21330110563346574,0.08620689655172414,1
2024,Australian Grand Prix,ALB,TSU,27,5.85,20.0,17.0,-3.0,HARD,82.007,81.572,0.4350000000000023,0.02909999999999826,0.067600000000003,0.46930000000000055,17.826,0.21737168778275023,0.4482758620689655,0
2024,Australian Grand Prix,HUL,TSU,35,5.492,17.0,25.0,8.0,MEDIUM,81.0015,81.34049999999999,-0.33899999999999864,-0.11709999999999411,-0.08890000000000162,-0.36239999999999944,17.826,0.22006999870372773,0.5862068965517241,0
2024,Australian Grand Prix,RIC,MAG,29,4.056,23.0,21.0,-2.0,HARD,82.0985,81.8985,0.20000000000000284,0.08500000000000318,-0.03329999999999566,0.0703000000000001,17.826,0.2171294238018965,0.4827586206896552,0
2024,Australian Grand Prix,NOR,SAI,40,9.78,26.0,23.0,-3.0,HARD,79.3175,79.4315,-0.11400000000000432,0.022399999999993304,-0.15700000000000236,-0.2634000000000012,17.826,0.2247423330286507,0.6724137931034483,0
2024,Australian Grand Prix,HAM,TSU,7,0.746,6.0,6.0,0.0,SOFT,83.0955,83.1035,-0.007999999999995566,-0.19239999999997937,-0.1246999999999887,0.034700000000000036,17.826,0.21452425221582397,0.10344827586206896,1
2024,Australian Grand Prix,RUS,PIA,8,3.462,7.0,7.0,0.0,MEDIUM,82.862,82.367,0.49499999999999034,-0.16280000000000444,-0.021299999999999392,0.6893000000000007,17.826,0.21512876831358163,0.1206896551724138,0
2024,Australian Grand Prix,PIA,NOR,39,4.371,30.0,25.0,-5.0,HARD,79.87950000000001,79.3045,0.5750000000000028,0.5130999999999996,-0.09800000000000597,0.47349999999999903,17.826,0.22316113646179556,0.6551724137931034,0
2024,Japanese Grand Prix,PER,VER,15,4.529,14.0,14.0,0.0,MEDIUM,97.5245,97.0755,0.44899999999999807,0.043699999999997366,-0.0037000000000048093,0.4131999999999995,23.814999999999998,0.24419504842372938,0.2641509433962264,0
2024,Japanese Grand Prix,PER,VER,33,11.371,17.0,16.0,-1.0,MEDIUM,95.2165,94.929,0.2874999999999943,0.02650000000000228,0.032399999999996175,0.3005000000000006,23.814999999999998,0.250114213397888,0.6037735849056604,0
2024,Japanese Grand Prix,SAI,PER,15,4.248,13.0,14.0,1.0,MEDIUM,97.61,97.5245,0.08549999999999613,-0.01700000000000581,0.043699999999997366,-0.04409999999999957,23.814999999999998,0.2439811494723901,0.2641509433962264,1
2024,Japanese Grand Prix,LEC,VER,26,6.658,24.0,9.0,-15.0,MEDIUM,96.4135,94.94300000000001,1.470499999999987,-0.08729999999999696,0.09580000000001156,1.4897000000000031,23.814999999999998,0.24700897695862092,0.4716981132075472,0
2024,Japanese Grand Prix,NOR,PER,11,2.849,10.0,10.0,0.0,MEDIUM,97.42099999999999,97.132,0.28899999999998727,0.010699999999992965,0.036599999999997426,0.4092999999999999,23.814999999999998,0.24445448106671047,0.18867924528301888,1
2024,Japanese Grand Prix,NOR,PER,26,2.747,14.0,10.0,-4.0,HARD,96.55,95.7065,0.8434999999999917,-0.06719999999999951,0.14309999999999176,0.32370000000000054,23.814999999999998,0.24665976178146037,0.4716981132075472,0
2024,Japanese Grand Prix,ALO,SAI,13,4.407,12.0,11.0,-1.0,SOFT,98.26350000000001,97.5595,0.7040000000000077,-0.0004999999999871614,-0.011499999999999424,0.6629999999999987,23.814999999999998,0.24235855633068226,0.22641509433962265,0
2024,Japanese Grand Prix,ALO,SAI,33,9.315,19.0,18.0,-1.0,MEDIUM,95.749,95.168,0.5809999999999889,-0.03730000000000746,-0.0383000000000078,0.6000000000000021,23.814999999999998,0.24872322426343876,0.6037735849056604,0
2024,Japanese Grand Prix,RUS,PER,22,5.005,20.0,6.0,-14.0,HARD,97.749,95.30000000000001,2.448999999999984,-0.23340000000000452,-0.4007999999999853,1.097399999999994,23.814999999999998,0.2436342059765317,0.39622641509433965,0
2024,Japanese Grand Prix,PIA,ALO,12,1.135,11.0,11.0,0.0,MEDIUM,98.22,98.26350000000001,-0.043500000000008754,0.22670000000000648,0.11700000000000986,-0.15630000000000008,23.814999999999998,0.24246589289350437,0.20754716981132076,0
2024,Japanese Grand Prix,PIA,ALO,32,4.1,19.0,18.0,-1.0,HARD,95.981,95.72800000000001,0.2529999999999859,0.07899999999999724,-0.014400000000004274,0.11559999999999965,23.814999999999998,0.24812202415061313,0.5849056603773585,0
2024,Japanese Grand Prix,HAM,SAI,23,3.008,21.0,8.0,-13.0,HARD,97.82,96.3845,1.4354999999999905,-0.030199999999999172,-0.06670000000000552,0.5211,23.814999999999998,0.24345737068084236,0.41509433962264153,0
2024,Japanese Grand Prix,TSU,RUS,7,1.472,8.0,5.0,-3.0,SOFT,98.91900000000001,98.077,0.842000000000013,-0.17349999999999677,-0.3550000000000021,0.28250000000000014,23.814999999999998,0.24075253490229376,0.11320754716981132,0
2024,Japanese Grand Prix,TSU,SAR,22,0.665,14.0,20.0,6.0,HARD,98.25049999999999,98.3775,-0.12700000000000955,0.24359999999999843,-0.11790000000000646,-0.12680000000000016,23.814999999999998,0.24239062396629024,0.39622641509433965,1
2024,Japanese Grand Prix,HUL,ZHO,5,0.505,4.0,3.0,-1.0,SOFT,100.185,114.601,-14.415999999999997,,,,23.814999999999998,0.2377102360632829,0.07547169811320754,1
2024,Japanese Grand Prix,HUL,HAM,33,28.402,27.0,9.0,-18.0,HARD,97.881,94.672,3.209000000000003,0.10399999999999668,-0.01779999999999327,2.93880000000001,23.814999999999998,0.2433056466525679,0.6037735849056604,0
2024,Japanese Grand Prix,STR,RUS,12,6.66,10.0,10.0,0.0,SOFT,98.425,97.776,0.6490000000000009,0.0769999999999993,0.13039999999999788,0.5818000000000008,23.814999999999998,0.24196088392176782,0.20754716981132076,0
2024,Japanese Grand Prix,MAG,PIA,22,16.829,20.0,9.0,-11.0,MEDIUM,98.3445,95.769,2.575499999999991,-0.13990000000000377,0.08700000000000435,2.6386999999999916,23.814999999999998,0.2421589412727707,0.39622641509433965,0
2024,Japanese Grand Prix,BOT,OCO,6,0.213,5.0,4.0,-1.0,SOFT,99.27300000000001,99.82900000000001,-0.5559999999999974,-25.418999999999997,-20.140999999999973,-0.07900000000000013,23.814999999999998,0.23989402959515674,0.09433962264150944,1
2024,Japanese Grand Prix,OCO,STR,19,1.953,17.0,6.0,-11.0,HARD,99.834,97.5075,2.32650000000001,-0.0761999999999908,0.11180000000001708,0.1217000000000006,23.814999999999998,0.2385459863373199,0.33962264150943394,0
2024,Japanese Grand Prix,OCO,SAR,33,6.389,13.0,10.0,-3.0,HARD,96.72200000000001,95.746,0.9760000000000133,-0.11620000000000692,-0.015000000000005462,1.0522000000000036,23.814999999999998,0.24622112859535572,0.6037735849056604,0
2024,Japanese Grand Prix,GAS,STR,16,2.732,14.0,3.0,-11.0,HARD,100.726,97.17949999999999,3.546500000000009,-0.04600000000000141,0.17186842105263556,0.18120000000000003,23.814999999999998,0.2364334928419673,0.2830188679245283,0
2024,Japanese Grand Prix,GAS,OCO,32,6.252,15.0,12.0,-3.0,MEDIUM,97.23000000000002,96.8415,0.38850000000002183,0.0486999999999999,-0.13049999999999307,0.33679999999999943,23.814999999999998,0.24493469093901052,0.5849056603773585,0
2024,Chinese Grand Prix,TSU,RIC,8,1.02,7.0,7.0,0.0,SOFT,103.37950000000001,103.2475,0.132000000000005,0.15739999999999793,0.14570000000000424,0.13570000000000013,22.924500000000002,0.22175092740823857,0.125,1
2024,Chinese Grand Prix,HUL,STR,8,1.436,7.0,7.0,0.0,MEDIUM,103.07400000000001,102.8075,0.26650000000000773,0.3358000000000017,0.2003000000000001,0.25130000000000025,22.924500000000002,0.2224081727690785,0.125,0
2024,Chinese Grand Prix,HAM,RIC,9,1.944,8.0,8.0,0.0,SOFT,103.2875,103.35,-0.0625,0.14390000000000075,0.145299999999996,0.25520000000000004,22.924500000000002,0.22194844487474286,0.14285714285714285,1
2024,Emilia Romagna Grand Prix,NOR,VER,22,6.256,21.0,21.0,0.0,MEDIUM,80.62700000000001,80.3505,0.27650000000001285,0.021599999999997076,0.006899999999997675,0.27209999999999884,30.2,0.374564351892046,0.3333333333333333,0
2024,Emilia Romagna Grand Prix,PIA,SAI,23,0.959,22.0,22.0,0.0,MEDIUM,80.782,80.787,-0.005000000000009663,-0.04560000000000263,-0.03610000000000189,-0.02830000000000007,30.2,0.373845658686341,0.3492063492063492,1
2024,Emilia Romagna Grand Prix,RUS,PIA,21,2.859,20.0,20.0,0.0,MEDIUM,81.0005,80.85000000000001,0.15049999999999386,0.030499999999998396,-0.026200000000004407,0.1564999999999997,30.2,0.37283720470861287,0.31746031746031744,0
2024,Emilia Romagna Grand Prix,PER,RUS,37,6.769,36.0,15.0,-21.0,HARD,80.32950000000001,78.989,1.3405000000000058,0.12770000000000534,-0.0783000000000003,1.2755999999999899,30.2,0.37595154955526916,0.5714285714285714,0
2024,Emilia Romagna Grand Prix,TSU,HUL,12,0.914,11.0,11.0,0.0,MEDIUM,81.7645,81.79650000000001,-0.03200000000001069,-0.07049999999999257,0.007200000000005415,0.005899999999999988,30.2,0.36935344801227915,0.1746031746031746,1
2024,Emilia Romagna Grand Prix,HUL,HAM,13,7.431,12.0,12.0,0.0,MEDIUM,81.882,80.9915,0.890500000000003,0.05570000000000552,-0.034199999999995644,0.9102999999999972,30.2,0.3688234288366185,0.19047619047619047,0
2024,Emilia Romagna Grand Prix,RIC,PER,11,0.942,10.0,10.0,0.0,MEDIUM,81.941,82.0325,-0.09149999999999636,-0.04410000000000173,0.0009999999999942102,-0.09089999999999995,30.2,0.36855786480516467,0.15873015873015872,0
2024,Emilia Romagna Grand Prix,OCO,RUS,25,2.756,24.0,3.0,-21.0,MEDIUM,82.006,79.4045,2.6015000000000015,-0.046799999999998856,0.09256840390879557,-0.6982999999999967,30.2,0.3682657366534156,0.38095238095238093,0
2024,Emilia Romagna Grand Prix,ZHO,MAG,33,4.174,32.0,32.0,0.0,HARD,81.395,81.3935,0.0014999999999929514,0.13480000000000034,0.12870000000000162,0.023299999999999974,30.2,0.37103016155783525,0.5079365079365079,1
2024,Emilia Romagna Grand Prix,GAS,ALB,8,0.737,7.0,7.0,0.0,SOFT,82.1575,82.137,0.02049999999999841,-0.15630000000000033,-0.10499999999999489,0.06689999999999995,30.2,0.3675866475976022,0.1111111111111111,1
2024,Emilia Romagna Grand Prix,BOT,MAG,8,1.277,7.0,7.0,0.0,MEDIUM,82.366,82.235,0.13100000000000023,-0.1388999999999968,-0.13439999999999058,0.17890000000000014,30.2,0.36665614452565376,0.1111111111111111,1
2024,Emilia Romagna Grand Prix,ALO,SAR,7,0.818,6.0,6.0,0.0,SOFT,82.6645,82.554,0.11050000000000182,-0.3788999999999905,-0.3685999999999895,0.09869999999999998,30.2,0.3653321558831179,0.09523809523809523,1
2024,Emilia Romagna Grand Prix,ALB,STR,8,1.3,7.0,8.0,1.0,MEDIUM,82.137,82.09049999999999,0.04650000000000887,-0.10499999999999489,-0.02820000000000242,0.15060000000000015,30.2,0.3676783909809221,0.1111111111111111,0
2024,Monaco Grand Prix,HAM,VER,51,1.861,49.0,49.0,0.0,MEDIUM,75.122,75.546,-0.4240000000000066,-0.0849000000000103,0.06639999999999362,-0.5878999999999976,2369.483,31.54179867415671,0.6410256410256411,0
2024,Canadian Grand Prix,GAS,SAI,40,0.769,14.0,14.0,0.0,INTERMEDIATE,85.196,84.93549999999999,0.2605000000000075,-0.35189999999999716,-0.46329999999999893,0.026400000000000548,24.7095,0.29003122212310434,0.5571428571428572,0
2024,Canadian Grand Prix,MAG,PER,41,1.277,15.0,15.0,0.0,INTERMEDIATE,84.9305,84.3975,0.5330000000000013,-0.48790000000000344,-0.4580000000000011,0.2270999999999997,24.7095,0.2909378845055663,0.5714285714285714,0
2024,Canadian Grand Prix,RIC,OCO,43,1.943,16.0,42.0,26.0,INTERMEDIATE,83.872,82.97800000000001,0.8939999999999912,-0.28602857142856786,-0.4506571428571411,0.49799999999999917,24.7095,0.29460964326592903,0.6,0
2024,Canadian Grand Prix,HAM,PIA,43,0.775,17.0,17.0,0.0,INTERMEDIATE,81.83,81.982,-0.15200000000000102,-0.32211428571428585,-0.36951428571428385,-0.1662999999999996,24.7095,0.30196138335573747,0.6,0
2024,Canadian Grand Prix,BOT,RIC,42,0.494,41.0,15.0,-26.0,INTERMEDIATE,84.10799999999999,84.05199999999999,0.055999999999997385,-0.4246999999999964,-0.2591999999999897,-0.01659999999999952,24.7095,0.2937829932943359,0.5857142857142857,0
2024,Canadian Grand Prix,PIA,NOR,44,0.649,18.0,17.0,-1.0,INTERMEDIATE,81.964,81.74600000000001,0.2179999999999893,-0.19000000000000442,-0.3386999999999997,-0.039099999999999385,24.7095,0.30146771753452734,0.6142857142857143,0
2024,Spanish Grand Prix,HAM,NOR,16,1.162,18.0,15.0,-3.0,SOFT,80.797,80.6685,0.1285000000000025,0.10360000000000176,0.018799999999991705,0.034799999999999984,22.293,0.27591370966743817,0.22727272727272727,1
2024,Spanish Grand Prix,HAM,NOR,43,5.12,26.0,19.0,-7.0,MEDIUM,77.608,76.8745,0.7335000000000065,0.006499999999998168,-0.05260000000000237,0.5680999999999994,22.293,0.28725131429749506,0.6363636363636364,0
2024,Spanish Grand Prix,RUS,VER,15,3.357,17.0,17.0,0.0,SOFT,80.636,80.247,0.3889999999999958,0.00220000000000042,-0.0804999999999923,0.20230000000000006,22.293,0.2764646063792847,0.21212121212121213,0
2024,Spanish Grand Prix,RUS,VER,36,8.418,20.0,18.0,-2.0,MEDIUM,78.255,77.9085,0.3464999999999918,0.2855000000000045,-0.02149999999999952,0.3336000000000006,22.293,0.2848763657274296,0.5303030303030303,0
2024,Spanish Grand Prix,SAI,HAM,15,0.713,14.0,17.0,3.0,SOFT,80.828,80.738,0.09000000000000341,0.026199999999997236,0.007000000000003714,0.040000000000000036,22.293,0.27580788835552034,0.21212121212121213,0
2024,Spanish Grand Prix,SAI,HAM,36,3.865,20.0,19.0,-1.0,MEDIUM,78.191,78.37549999999999,-0.18449999999998568,-0.045000000000001796,-0.13530000000000156,-0.22549999999999965,22.293,0.28510953946106327,0.5303030303030303,0
2024,Spanish Grand Prix,PIA,LEC,21,7.871,23.0,20.0,-3.0,SOFT,80.6395,79.962,0.6774999999999949,-0.005400000000000943,-0.01250000000000697,0.6442999999999985,22.293,0.2764526069730095,0.30303030303030304,0
2024,Spanish Grand Prix,PIA,LEC,46,11.911,24.0,21.0,-3.0,MEDIUM,77.4255,77.26650000000001,0.15899999999999181,0.14549999999999993,0.013099999999994649,0.07059999999999954,22.293,0.28792839568359263,0.6818181818181818,0
2024,Spanish Grand Prix,PER,OCO,13,3.206,15.0,15.0,0.0,SOFT,81.1085,81.2285,-0.11999999999999034,-0.04310000000000056,-0.03029999999999964,0.600199999999997,22.293,0.274854053520901,0.18181818181818182,1
2024,Spanish Grand Prix,PER,OCO,31,0.604,20.0,17.0,-3.0,SOFT,79.523,80.1975,-0.674500000000009,0.08500000000000354,0.49470000000000747,-0.21729999999999894,22.293,0.2803339914238648,0.45454545454545453,1
2024,Spanish Grand Prix,GAS,LEC,14,3.001,16.0,13.0,-3.0,SOFT,80.93350000000001,80.6825,0.2510000000000048,-0.07089999999999663,-0.019300000000002916,0.17739999999999986,22.293,0.27544836192676697,0.19696969696969696,0
2024,Spanish Grand Prix,GAS,PIA,38,5.29,23.0,16.0,-7.0,MEDIUM,79.1995,77.55000000000001,1.649499999999989,-0.14679999999999563,-0.2322000000000043,-1.5750000000000026,22.293,0.28147904974147564,0.5606060606060606,0
2024,Spanish Grand Prix,OCO,PIA,13,2.671,15.0,15.0,0.0,SOFT,81.2285,80.993,0.23550000000000182,-0.03029999999999964,-0.033799999999996375,0.0864999999999998,22.293,0.27444800778052036,0.18181818181818182,1
2024,Spanish Grand Prix,OCO,GAS,37,8.698,23.0,22.0,-1.0,MEDIUM,79.4085,79.154,0.2545000000000073,0.009700000000001588,-0.00040000000000153286,0.1378999999999999,22.293,0.28073820812633404,0.5454545454545454,0
2024,Spanish Grand Prix,HUL,OCO,12,2.519,11.0,14.0,3.0,SOFT,81.3245,81.2655,0.0589999999999975,-0.0026999999999901716,-0.00939999999999749,-0.018500000000000256,22.293,0.27412403396270496,0.16666666666666666,0
2024,Spanish Grand Prix,ALO,HAM,19,1.986,18.0,2.0,-16.0,SOFT,81.358,80.031,1.3269999999999982,0.14520000000000044,0.1277717842323639,0.03140000000000018,22.293,0.27401116054966934,0.2727272727272727,0
2024,Spanish Grand Prix,ZHO,MAG,9,1.043,8.0,8.0,0.0,SOFT,82.3435,82.112,0.23150000000001114,-0.052900000000004846,-0.15210000000000287,0.052400000000000085,22.293,0.27073175174725383,0.12121212121212122,1
2024,Spanish Grand Prix,ZHO,PER,41,9.413,31.0,9.0,-22.0,MEDIUM,79.12349999999999,76.85050000000001,2.272999999999982,-0.06330000000000302,0.016300000000005085,2.1547999999999985,22.293,0.2817494170505602,0.6060606060606061,0
2024,Spanish Grand Prix,STR,PIA,17,11.292,16.0,19.0,3.0,SOFT,81.023,80.886,0.13700000000000045,-0.14990000000000192,-0.13580000000000686,-0.011299999999999442,22.293,0.27514409488663716,0.24242424242424243,0
2024,Spanish Grand Prix,STR,PER,37,2.678,20.0,5.0,-15.0,MEDIUM,79.1585,76.95250000000001,2.205999999999989,0.07849999999999888,-0.0009999999999996821,0.19649999999999818,22.293,0.2816248412994182,0.5454545454545454,0
2024,Spanish Grand Prix,RIC,ALO,16,5.101,15.0,15.0,0.0,SOFT,81.191,80.8955,0.2955000000000041,0.007700000000000002,-0.005500000000001598,0.410200000000001,22.293,0.27457476813932574,0.22727272727272727,0
2024,Spanish Grand Prix,BOT,STR,11,1.862,10.0,10.0,0.0,SOFT,81.85499999999999,81.636,0.2189999999999941,-0.06820000000000581,-0.19480000000000158,0.44370000000000004,22.293,0.27234744365035735,0.15151515151515152,1
2024,Spanish Grand Prix,BOT,STR,28,1.494,19.0,11.0,-8.0,SOFT,81.47749999999999,79.6405,1.836999999999989,0.296699999999992,-0.12379999999999723,-1.3155999999999892,22.293,0.27360927863520607,0.4090909090909091,1
2024,Spanish Grand Prix,MAG,ALO,10,0.682,9.0,9.0,0.0,SOFT,81.936,82.5895,-0.653499999999994,-0.25499999999999534,-0.21039999999999429,0.020199999999999912,22.293,0.2720782073813708,0.13636363636363635,1
2024,Spanish Grand Prix,MAG,ALO,29,4.369,18.0,10.0,-8.0,MEDIUM,80.243,79.713,0.5300000000000011,-0.02280000000000169,0.010399999999994858,0.6508,22.293,0.2778186259237566,0.42424242424242425,0
2024,Spanish Grand Prix,ALB,GAS,18,2.598,17.0,3.0,-14.0,MEDIUM,82.1155,79.11950000000002,2.995999999999981,0.322900000000008,0.1335901639344252,0.4856999999999986,22.293,0.2714834592738277,0.25757575757575757,0
2024,Spanish Grand Prix,TSU,ZHO,9,1.069,8.0,8.0,0.0,SOFT,83.012,82.3435,0.6684999999999945,0.128999999999995,-0.052900000000004846,0.0754,22.293,0.26855153471787213,0.12121212121212122,0
2024,Spanish Grand Prix,TSU,RIC,27,3.475,17.0,10.0,-7.0,MEDIUM,80.32050000000001,79.718,0.6025000000000063,-0.41509999999999875,0.01099999999999107,0.5145000000000003,22.293,0.27755056305675385,0.3939393939393939,0
2024,Spanish Grand Prix,SAR,ALB,14,1.315,13.0,13.0,0.0,SOFT,82.131,81.649,0.4819999999999993,-0.04040000000000297,-0.2448000000000031,0.1946000000000005,22.293,0.27143222412974394,0.19696969696969696,1
2024,Spanish Grand Prix,SAR,ALB,34,10.959,19.0,15.0,-4.0,MEDIUM,80.87899999999999,79.2895,1.5894999999999868,0.0037999999999978862,-0.1097000000000057,1.387699999999996,22.293,0.2756339717355556,0.5,0
2024,Austrian Grand Prix,RUS,NOR,22,4.541,21.0,21.0,0.0,MEDIUM,70.3575,70.167,0.1905000000000001,-0.0032000000000001597,-0.00840000000000142,0.04900000000000004,21.668,0.3079700103045162,0.29577464788732394,0
2024,Austrian Grand Prix,RUS,NOR,46,10.64,23.0,22.0,-1.0,MEDIUM,68.422,67.691,0.7309999999999945,0.04279999999999901,-0.08630000000000534,0.5376999999999995,21.668,0.3166817690216597,0.6338028169014085,0
2024,Austrian Grand Prix,SAI,RUS,22,2.727,21.0,21.0,0.0,MEDIUM,70.531,70.3575,0.1735000000000042,-0.0207000000000017,-0.0032000000000001597,0.22049999999999934,21.668,0.3072124314131375,0.29577464788732394,0
2024,Austrian Grand Prix,SAI,NOR,47,15.47,24.0,23.0,-1.0,HARD,68.281,67.53550000000001,0.7454999999999927,0.00020000000000043125,-0.0717999999999993,3.4053000000000084,21.668,0.3173357156456408,0.647887323943662,0
2024,Austrian Grand Prix,HAM,SAI,21,2.138,20.0,20.0,0.0,MEDIUM,70.6385,70.60650000000001,0.031999999999982265,0.061399999999994674,0.00029999999999867204,0.0766999999999996,21.668,0.3067449053986141,0.28169014084507044,0
2024,Austrian Grand Prix,HUL,PER,11,1.409,10.0,10.0,0.0,MEDIUM,71.21199999999999,71.162,0.04999999999998295,0.07019999999999658,-0.0811000000000042,-0.005500000000000032,21.668,0.30427456046733703,0.14084507042253522,1
2024,Austrian Grand Prix,HUL,PER,39,9.26,27.0,17.0,-10.0,HARD,69.572,68.9105,0.6615000000000038,-0.06490000000000165,0.05330000000000556,0.7283999999999979,21.668,0.3114471339044443,0.5352112676056338,1
2024,Austrian Grand Prix,PER,PIA,21,4.078,20.0,20.0,0.0,MEDIUM,70.8075,70.5355,0.27200000000000557,-0.04270000000000423,0.010199999999996736,0.1962999999999998,21.668,0.3060127811319422,0.28169014084507044,0
2024,Austrian Grand Prix,MAG,OCO,10,0.785,9.0,9.0,0.0,MEDIUM,71.1015,71.137,-0.03549999999999898,0.11370000000000226,0.09080000000000112,-0.027499999999999962,21.668,0.30474743852098757,0.1267605633802817,1
2024,Austrian Grand Prix,MAG,HUL,38,4.539,27.0,26.0,-1.0,HARD,69.7205,69.6275,0.09300000000000352,0.01270000000000193,-0.04220000000000172,0.08869999999999942,21.668,0.31078377234816157,0.5211267605633803,0
2024,Austrian Grand Prix,RIC,GAS,10,0.882,9.0,9.0,0.0,MEDIUM,70.98349999999999,71.07,-0.08650000000000091,0.08120000000000198,0.09070000000000457,-0.04750000000000001,21.668,0.3052540379102186,0.1267605633802817,1
2024,Austrian Grand Prix,RIC,MAG,37,1.977,26.0,26.0,0.0,HARD,69.83850000000001,69.7205,0.11800000000000921,0.0001999999999980851,0.04170000000000426,0.10969999999999912,21.668,0.31025866821309156,0.5070422535211268,0
2024,Austrian Grand Prix,GAS,PER,20,7.363,19.0,19.0,0.0,MEDIUM,71.369,70.8335,0.535499999999999,0.020499999999998197,-0.060099999999999994,1.8525999999999918,21.668,0.3036052067424232,0.2676056338028169,0
2024,Austrian Grand Prix,GAS,PER,42,19.232,21.0,20.0,-1.0,HARD,69.372,68.8215,0.5504999999999995,0.04360000000000318,-0.14159999999999764,5.522399999999964,21.668,0.31234503834400046,0.5774647887323944,0
2024,Austrian Grand Prix,LEC,ALB,16,0.919,14.0,3.0,-11.0,HARD,70.77449999999999,70.47200000000001,0.3024999999999807,0.18069999999999134,0.10973972602740113,-0.9698000000000001,21.668,0.3061554655984854,0.2112676056338028,1
2024,Austrian Grand Prix,LEC,BOT,33,2.461,16.0,13.0,-3.0,MEDIUM,68.787,69.624,-0.8369999999999891,-0.22219999999999787,-0.1259000000000039,-0.9253000000000029,21.668,0.3150013810749124,0.4507042253521127,1
2024,Austrian Grand Prix,OCO,PER,19,5.261,18.0,18.0,0.0,MEDIUM,71.307,70.8865,0.4205000000000041,-0.012899999999998999,-0.014299999999998174,0.38840000000000074,21.668,0.30386918535347157,0.2535211267605634,0
2024,Austrian Grand Prix,OCO,PER,43,20.996,23.0,21.0,-2.0,HARD,69.68799999999999,68.60300000000001,1.0849999999999795,0.04839999999999954,-0.1317999999999959,-0.6191999999999869,21.668,0.31092871082539325,0.5915492957746479,0
2024,Austrian Grand Prix,STR,TSU,20,2.73,20.0,19.0,-1.0,MEDIUM,71.517,71.446,0.07099999999999795,0.014599999999995212,-0.0109000000000003,0.05710000000000001,21.668,0.3029769145797503,0.2676056338028169,0
2024,Austrian Grand Prix,STR,TSU,43,3.363,22.0,21.0,-1.0,MEDIUM,69.6095,69.287,0.3224999999999909,-0.2155000000000009,0.004400000000004556,0.4780999999999994,21.668,0.31127935123797756,0.5915492957746479,1
2024,Austrian Grand Prix,TSU,PER,21,11.074,20.0,20.0,0.0,MEDIUM,71.446,70.8075,0.6384999999999934,-0.011200000000001813,-0.04270000000000423,2.439499999999988,21.668,0.303278000167959,0.28169014084507044,0
2024,Austrian Grand Prix,TSU,PER,44,24.085,22.0,22.0,0.0,HARD,69.268,68.56750000000001,0.700499999999991,-0.01859999999999996,-0.1539000000000029,6.121099999999983,21.668,0.3128139978056245,0.6056338028169014,0
2024,Austrian Grand Prix,ALB,TSU,12,1.427,11.0,11.0,0.0,MEDIUM,71.20400000000001,71.13850000000001,0.06550000000000011,-0.0019999999999925906,-0.029199999999994366,0.2091000000000004,21.668,0.3043087466996236,0.15492957746478872,1
2024,Austrian Grand Prix,ALB,TSU,39,0.995,26.0,17.0,-9.0,HARD,70.005,69.7085,0.29649999999999466,0.03589999999999397,-0.0951999999999977,-0.48879999999999796,21.668,0.309520748517963,0.5352112676056338,1
2024,Austrian Grand Prix,BOT,STR,19,2.061,18.0,19.0,1.0,MEDIUM,71.44800000000001,71.496,-0.04799999999998761,0.045199999999995986,0.06759999999999612,0.04980000000000027,21.668,0.30326951069309144,0.2535211267605634,0
2024,Austrian Grand Prix,BOT,STR,42,2.007,22.0,21.0,-1.0,HARD,69.66550000000001,69.777,-0.11149999999999238,0.025999999999997254,-0.0347999999999944,-0.21539999999999854,21.668,0.3110291320668049,0.5774647887323944,0
2024,Austrian Grand Prix,ZHO,BOT,28,1.721,27.0,8.0,-19.0,HARD,71.7705,69.902,1.8684999999999974,0.09449999999999799,-0.10080000000000292,-0.8740999999999912,21.668,0.3019067722810904,0.38028169014084506,0
2024,Austrian Grand Prix,ALO,TSU,11,0.615,13.0,10.0,-3.0,MEDIUM,71.2505,71.168,0.08249999999999602,0.03069999999999853,-0.017000000000004834,-0.024899999999999967,21.668,0.3041101465954625,0.14084507042253522,1
2024,Austrian Grand Prix,ALO,RIC,35,0.808,24.0,24.0,0.0,MEDIUM,70.001,69.801,0.20000000000000284,0.03639999999999921,-0.05600000000000226,0.04220000000000011,21.668,0.3095384351652119,0.4788732394366197,0
2024,Austrian Grand Prix,SAR,LEC,20,4.015,24.0,3.0,-21.0,MEDIUM,72.24450000000002,70.0755,2.169000000000011,0.136700000000004,0.06603007518796843,-6.648999999999987,21.668,0.2999259459197585,0.2676056338028169,0
2024,Austrian Grand Prix,SAR,ZHO,49,26.071,28.0,20.0,-8.0,HARD,69.1085,68.6105,0.49800000000000466,-0.19210000000000124,0.04469999999999608,0.7221999999999977,21.668,0.31353596156767977,0.676056338028169,0
2024,Austrian Grand Prix,NOR,VER,23,5.928,22.0,22.0,0.0,MEDIUM,70.119,70.2885,-0.16949999999999932,-0.09390000000000119,-0.04750000000000056,-0.02899999999999925,21.668,0.3090175273463683,0.30985915492957744,0
2024,British Grand Prix,HAM,PIA,27,2.092,26.0,26.0,0.0,MEDIUM,91.831,91.351,0.480000000000004,2.2644999999999933,2.1570999999999985,0.3516000000000003,29.378,0.3199137546144548,0.5,1
2024,British Grand Prix,HAM,NOR,38,2.01,10.0,10.0,0.0,INTERMEDIATE,99.924,100.464,-0.539999999999992,-0.6911000000000083,-0.7010000000000037,-0.4866999999999991,29.378,0.29400344261638844,0.7115384615384616,1
2024,British Grand Prix,VER,RUS,26,5.161,25.0,25.0,0.0,MEDIUM,91.164,90.315,0.8490000000000038,0.5636000000000025,0.4050000000000036,0.7420000000000015,29.378,0.32225439866614014,0.4807692307692308,1
2024,British Grand Prix,PIA,SAI,38,1.764,9.0,11.0,2.0,INTERMEDIATE,100.741,100.629,0.11199999999999477,-0.944399999999986,-0.621399999999987,0.16720000000000043,29.378,0.2916191024508393,0.7115384615384616,1
2024,British Grand Prix,SAI,VER,26,1.236,25.0,25.0,0.0,MEDIUM,91.098,91.164,-0.0660000000000025,0.32190000000000135,0.5636000000000025,0.05170000000000012,29.378,0.3224878702057125,0.4807692307692308,0
2024,British Grand Prix,HUL,SAI,26,16.751,25.0,25.0,0.0,MEDIUM,91.56450000000001,91.098,0.4665000000000106,0.7027000000000088,0.32190000000000135,0.33420000000000205,29.378,0.320844868917539,0.4807692307692308,0
2024,British Grand Prix,HUL,SAI,39,21.514,12.0,12.0,0.0,INTERMEDIATE,99.614,99.3535,0.2605000000000075,-1.4832999999999936,-1.2635999999999892,1.0261999999999942,29.378,0.2949183849659686,0.7307692307692307,0
2024,British Grand Prix,STR,ALO,26,1.578,25.0,25.0,0.0,MEDIUM,92.406,91.9945,0.41150000000000375,0.558,0.6161000000000042,0.2833000000000006,29.378,0.3179230785879705,0.4807692307692308,1
2024,British Grand Prix,ALO,STR,38,8.147,10.0,11.0,1.0,INTERMEDIATE,101.20850000000002,101.4435,-0.23499999999998522,-0.952200000000006,-0.8576999999999914,-0.15329999999999916,29.378,0.29027206212916895,0.7115384615384616,0
2024,British Grand Prix,ALB,TSU,27,0.574,26.0,26.0,0.0,MEDIUM,93.3055,93.309,-0.003500000000002501,2.346099999999996,2.2894999999999976,-0.08120000000000001,29.378,0.3148581809218106,0.5,0
2024,British Grand Prix,TSU,ALO,27,2.0,26.0,26.0,0.0,MEDIUM,93.309,93.407,-0.09799999999999898,2.2894999999999976,2.4353999999999956,0.23080000000000014,29.378,0.3148463706609223,0.5,0
2024,British Grand Prix,SAR,MAG,27,2.073,26.0,26.0,0.0,MEDIUM,93.881,92.90700000000001,0.9739999999999895,2.4673999999999956,2.6641999999999952,0.4639000000000003,29.378,0.3129280685122655,0.5,0
2024,British Grand Prix,MAG,ALB,27,0.825,26.0,26.0,0.0,MEDIUM,92.90700000000001,93.3055,-0.3984999999999843,2.6641999999999952,2.346099999999996,0.04269999999999967,29.378,0.3162086818000796,0.5,0
2024,British Grand Prix,MAG,ALB,37,6.24,9.0,9.0,0.0,INTERMEDIATE,103.33250000000001,102.93199999999999,0.4005000000000223,-0.328499999999985,-0.27059999999999174,0.6078999999999946,29.378,0.2843055185928918,0.6923076923076923,0
2024,British Grand Prix,RIC,SAR,26,11.644,25.0,25.0,0.0,MEDIUM,93.936,92.84800000000001,1.0879999999999939,1.0844000000000065,0.5649000000000016,0.9289000000000024,29.378,0.31274484755578263,0.4807692307692308,0
2024,British Grand Prix,RIC,SAR,37,1.585,10.0,9.0,-1.0,INTERMEDIATE,103.116,103.6885,-0.5725000000000051,-0.1812000000000071,-0.3556999999999906,-0.39389999999999764,29.378,0.2849024399705186,0.6923076923076923,0
2024,British Grand Prix,LEC,SAI,19,6.92,18.0,18.0,0.0,MEDIUM,93.125,92.36500000000001,0.7599999999999909,0.9004999999999997,0.6090000000000038,0.7545000000000013,29.378,0.3154684563758389,0.34615384615384615,0
2024,British Grand Prix,BOT,RIC,26,12.364,25.0,25.0,0.0,MEDIUM,94.304,93.936,0.367999999999995,1.174200000000005,1.0844000000000065,0.5054000000000021,29.378,0.31152443162538174,0.4807692307692308,0
2024,British Grand Prix,OCO,BOT,19,8.45,18.0,18.0,0.0,SOFT,96.50150000000001,93.756,2.745500000000007,0.9629000000000019,0.7478000000000022,2.4899000000000044,29.378,0.30443050108029407,0.34615384615384615,0
2024,British Grand Prix,OCO,PER,26,8.565,4.0,6.0,2.0,MEDIUM,96.556,105.3215,-8.765500000000003,5.90900000000002,1.5823000000000118,-11.725000000000035,29.378,0.30425866854467876,0.4807692307692308,0
2024,British Grand Prix,PER,MAG,19,1.197,18.0,18.0,0.0,HARD,93.5535,93.09700000000001,0.45649999999999125,0.7289000000000003,0.5526000000000029,0.2208000000000006,29.378,0.3140235266451816,0.34615384615384615,0
2024,British Grand Prix,ZHO,BOT,12,1.248,11.0,11.0,0.0,SOFT,95.0395,93.1305,1.909000000000006,-0.012099999999990575,-0.057799999999986425,0.19160000000000024,29.378,0.30911357909079906,0.21153846153846154,0
2024,British Grand Prix,ZHO,OCO,19,19.002,6.0,18.0,12.0,MEDIUM,95.67750000000001,96.50150000000001,-0.8239999999999981,1.9371000000000151,0.9629000000000019,-1.4382000000000035,29.378,0.30705233727887954,0.34615384615384615,0
2024,Hungarian Grand Prix,NOR,PIA,17,3.443,16.0,16.0,0.0,MEDIUM,83.5,83.3545,0.1454999999999984,-0.013099999999997183,0.04699999999999606,0.02090000000000022,21.791,0.2609700598802395,0.22857142857142856,0
2024,Hungarian Grand Prix,NOR,PIA,45,1.654,28.0,27.0,-1.0,HARD,81.5435,81.459,0.08449999999999136,-0.0055999999999968835,0.016599999999997613,0.0026000000000000337,21.791,0.26723160031149024,0.6285714285714286,1
2024,Hungarian Grand Prix,HAM,VER,16,1.128,15.0,15.0,0.0,MEDIUM,83.809,83.83099999999999,-0.02199999999999136,0.008999999999996386,0.0027999999999989405,-0.04080000000000011,21.791,0.2600078750492191,0.21428571428571427,1
2024,Hungarian Grand Prix,HAM,NOR,40,8.202,23.0,23.0,0.0,HARD,82.39699999999999,81.857,0.539999999999992,-0.04230000000000804,-0.06000000000000521,0.6551000000000019,21.791,0.26446351202106877,0.5571428571428572,0
2024,Hungarian Grand Prix,LEC,VER,40,1.307,16.0,18.0,2.0,HARD,81.988,82.252,-0.2639999999999958,0.13729999999999465,-0.13380000000000633,-0.3399000000000015,21.791,0.26578279748255845,0.5571428571428572,1
2024,Hungarian Grand Prix,SAI,LEC,21,4.713,20.0,20.0,0.0,MEDIUM,83.70949999999999,83.5635,0.14599999999998658,-0.10610000000000026,-0.16200000000000553,0.15209999999999999,21.791,0.2603169293807752,0.2857142857142857,0
2024,Hungarian Grand Prix,SAI,VER,47,8.826,25.0,25.0,0.0,HARD,81.2935,81.0315,0.26200000000000045,0.046000000000004454,0.1026000000000006,0.3814000000000017,21.791,0.26805341140435585,0.6571428571428571,0
2024,Hungarian Grand Prix,PER,RUS,28,1.37,27.0,27.0,0.0,HARD,84.01050000000001,84.1035,-0.09299999999998931,-0.0736000000000055,0.13149999999999665,-0.1944999999999976,21.791,0.2593842436362121,0.38571428571428573,1
2024,Hungarian Grand Prix,RUS,SAI,33,15.847,32.0,11.0,-21.0,HARD,83.3205,81.12450000000001,2.1959999999999837,-0.23540000000000322,-0.0338,2.259800000000007,21.791,0.2615322759704995,0.45714285714285713,0
2024,Hungarian Grand Prix,TSU,SAI,29,5.287,28.0,7.0,-21.0,MEDIUM,84.133,81.969,2.1640000000000015,-0.1514,-0.36260000000000137,0.4264999999999998,21.791,0.2590065729262002,0.4,0
2024,Hungarian Grand Prix,STR,SAI,14,7.885,16.0,13.0,-3.0,SOFT,84.248,84.036,0.2120000000000033,0.07839999999999842,0.07170000000000054,0.21469999999999953,21.791,0.2586530244041402,0.18571428571428572,0
2024,Hungarian Grand Prix,STR,RUS,45,12.029,31.0,11.0,-20.0,MEDIUM,81.9365,80.122,1.8144999999999953,0.025899999999994993,0.09720000000000403,1.8139000000000065,21.791,0.2659498514093231,0.6285714285714286,0
2024,Hungarian Grand Prix,ALO,SAI,7,4.017,8.0,6.0,-2.0,SOFT,85.773,84.50649999999999,1.2665000000000077,-0.20220000000000068,-0.4004999999999874,0.8016000000000002,21.791,0.25405430613363184,0.08571428571428572,0
2024,Hungarian Grand Prix,RIC,STR,7,2.032,6.0,9.0,3.0,MEDIUM,85.88850000000001,85.77700000000002,0.11149999999999238,-0.2934999999999873,-0.22509999999998884,0.5151,21.791,0.2537126623471128,0.08571428571428572,0
2024,Hungarian Grand Prix,RIC,MAG,28,0.505,20.0,21.0,1.0,HARD,84.138,84.087,0.05100000000000193,-0.001800000000006816,-0.026000000000003298,-0.07119999999999935,21.791,0.25899118115476955,0.38571428571428573,1
2024,Hungarian Grand Prix,HUL,ALO,29,2.114,26.0,22.0,-4.0,HARD,84.86449999999999,84.09049999999999,0.7740000000000009,0.3336999999999963,-0.06920000000000115,0.09760000000000028,21.791,0.2567740339011012,0.4,0
2024,Hungarian Grand Prix,ALB,STR,6,0.461,5.0,8.0,3.0,SOFT,86.1525,86.0965,0.055999999999997385,-0.20659999999999581,-0.2382000000000015,0.023500000000000007,21.791,0.252935202112533,0.07142857142857142,1
2024,Hungarian Grand Prix,ALB,STR,29,1.943,22.0,15.0,-7.0,HARD,84.24199999999999,84.324,-0.08200000000000784,0.053500000000001366,-0.14579999999999918,-0.23270000000000016,21.791,0.25867144654685315,0.4,0
2024,Hungarian Grand Prix,MAG,ALB,6,0.831,5.0,5.0,0.0,SOFT,86.18549999999999,86.1525,0.03299999999998704,-0.2912000000000014,-0.20659999999999581,0.07189999999999998,21.791,0.25283835447958186,0.07142857142857142,1
2024,Hungarian Grand Prix,MAG,PER,34,6.07,27.0,5.0,-22.0,HARD,83.8245,80.79599999999999,3.028500000000008,-0.13110000000000355,-0.9367000000000041,0.13829999999999953,21.791,0.259959796956737,0.4714285714285714,0
2024,Hungarian Grand Prix,BOT,TSU,16,3.424,16.0,15.0,-1.0,MEDIUM,84.4,84.291,0.10900000000000887,0.004799999999997543,0.03299999999999453,0.1352000000000003,21.791,0.2581872037914692,0.21428571428571427,0
2024,Hungarian Grand Prix,SAR,RUS,8,0.872,7.0,7.0,0.0,MEDIUM,85.92150000000001,85.80850000000001,0.11299999999999955,-0.2580999999999986,-0.38879999999999804,0.11550000000000017,21.791,0.2536152185425068,0.1,0
2024,Hungarian Grand Prix,SAR,BOT,33,2.687,24.0,16.0,-8.0,HARD,83.849,83.594,0.25500000000000966,-0.09879999999999797,-0.06970000000000189,0.5394000000000004,21.791,0.2598838388054717,0.45714285714285713,1
2024,Hungarian Grand Prix,OCO,BOT,6,0.903,5.0,6.0,1.0,MEDIUM,86.20150000000001,86.307,-0.10549999999999216,-0.21769999999999481,-0.1985999999999939,-0.05169999999999998,21.791,0.2527914247431889,0.07142857142857142,0
2024,Hungarian Grand Prix,OCO,BOT,30,1.871,23.0,13.0,-10.0,HARD,84.0605,84.0415,0.019000000000005457,0.06370000000000287,-0.14949999999999863,-0.0758,21.791,0.2592299593744981,0.4142857142857143,1
2024,Hungarian Grand Prix,ZHO,PER,7,0.688,7.0,6.0,-1.0,MEDIUM,86.088,86.05000000000001,0.03799999999998249,-0.31299999999999656,-0.2943999999999884,0.03359999999999999,21.791,0.25312470959947964,0.08571428571428572,0
2024,Belgian Grand Prix,PIA,PER,11,1.539,10.0,10.0,0.0,MEDIUM,109.6365,109.4805,0.1559999999999917,-0.0014999999999999202,-0.01250000000000742,0.23639999999999994,23.052,0.2102584449521829,0.22727272727272727,1
2024,Belgian Grand Prix,LEC,HAM,25,2.005,12.0,13.0,1.0,HARD,107.048,106.9985,0.04949999999999477,-0.023099999999997615,-0.11060000000000074,0.023700000000000006,23.052,0.2153426500261565,0.5454545454545454,0
2024,Belgian Grand Prix,VER,NOR,10,0.558,9.0,9.0,0.0,MEDIUM,109.763,109.8255,-0.0625,0.033300000000009995,-0.02469999999998608,-0.06999999999999994,23.052,0.21001612565254227,0.20454545454545456,1
2024,Belgian Grand Prix,NOR,SAI,15,2.672,14.0,14.0,0.0,MEDIUM,109.119,108.47,0.6490000000000009,-0.2210000000000069,-0.31739999999999285,0.593799999999999,23.052,0.21125560168256674,0.3181818181818182,1
2024,Belgian Grand Prix,SAI,NOR,28,3.991,7.0,12.0,5.0,MEDIUM,106.5415,106.34,0.2014999999999958,-0.08470000000000544,-0.3214999999999939,-0.08360000000000044,23.052,0.2163663924386272,0.6136363636363636,0
2024,Belgian Grand Prix,PER,LEC,11,2.25,10.0,10.0,0.0,MEDIUM,109.4805,109.408,0.07250000000000512,-0.01250000000000742,0.027799999999989864,0.15389999999999993,23.052,0.21055804458328195,0.22727272727272727,0
2024,Belgian Grand Prix,PER,PIA,21,2.275,9.0,9.0,0.0,MEDIUM,107.52250000000001,107.0905,0.43200000000000216,0.18910000000000454,-0.1229999999999913,0.30469999999999875,23.052,0.21439233648771186,0.45454545454545453,0
2024,Belgian Grand Prix,ALO,NOR,13,6.651,12.0,12.0,0.0,MEDIUM,110.27300000000001,109.57300000000001,0.7000000000000028,-0.1049999999999871,-0.20669999999999136,0.8818999999999984,23.052,0.20904482511584882,0.2727272727272727,0
2024,Belgian Grand Prix,OCO,ALO,12,2.477,11.0,11.0,0.0,MEDIUM,110.5935,110.3665,0.22700000000000387,-0.09809999999998657,-0.07329999999999684,0.1654000000000001,23.052,0.20843901314272537,0.25,0
2024,Belgian Grand Prix,OCO,PER,30,10.611,17.0,8.0,-9.0,HARD,106.898,105.993,0.9050000000000011,-0.05059999999998942,-0.13720000000000643,0.7147999999999992,23.052,0.2156448202959831,0.6590909090909091,0
2024,Belgian Grand Prix,RIC,BOT,8,0.617,7.0,7.0,0.0,SOFT,110.5855,110.56,0.02549999999999386,-0.023499999999997058,0.012799999999998635,-0.04390000000000025,23.052,0.20845409208259671,0.1590909090909091,1
2024,Belgian Grand Prix,RIC,ALB,21,0.831,12.0,12.0,0.0,MEDIUM,108.822,108.952,-0.12999999999999545,0.09320000000000667,-0.07319999999999854,-0.10019999999999996,23.052,0.21183216628990462,0.45454545454545453,1
2024,Belgian Grand Prix,STR,OCO,12,4.106,11.0,11.0,0.0,MEDIUM,110.7575,110.5935,0.16399999999998727,-0.18929999999998842,-0.09809999999998657,0.7522000000000013,23.052,0.2081303749181771,0.25,1
2024,Belgian Grand Prix,ALB,ALO,8,0.905,7.0,7.0,0.0,MEDIUM,110.49950000000001,110.418,0.08150000000000546,0.14990000000000347,0.08480000000000656,0.0627000000000001,23.052,0.20861632858067228,0.1590909090909091,1
2024,Belgian Grand Prix,ALB,SAI,23,13.679,14.0,2.0,-12.0,MEDIUM,108.7935,107.26150000000001,1.5319999999999823,-0.05259999999999316,0.0808131868131892,0.5100000000000031,23.052,0.2118876587296116,0.5,0
2024,Belgian Grand Prix,GAS,OCO,9,1.032,8.0,8.0,0.0,MEDIUM,110.774,110.631,0.14300000000000068,0.2034999999999999,0.13069999999999493,0.05740000000000003,23.052,0.20809937349919655,0.18181818181818182,0
2024,Belgian Grand Prix,MAG,VER,17,10.133,16.0,6.0,-10.0,MEDIUM,110.048,107.56400000000001,2.4839999999999947,-0.42851428571428407,-0.04528571428571429,2.6084,23.052,0.20947223029950565,0.36363636363636365,0
2024,Belgian Grand Prix,BOT,OCO,11,2.287,10.0,10.0,0.0,MEDIUM,110.85300000000001,110.693,0.1600000000000108,-0.08680000000000733,-0.006600000000006064,0.5757999999999993,23.052,0.20795107033639143,0.22727272727272727,0
2024,Belgian Grand Prix,TSU,MAG,15,1.932,14.0,14.0,0.0,MEDIUM,110.7435,110.7635,-0.01999999999999602,-0.25229999999999764,-0.3246999999999997,0.19139999999999927,23.052,0.2081566863969443,0.3181818181818182,0
2024,Belgian Grand Prix,SAR,TSU,8,0.798,7.0,7.0,0.0,MEDIUM,110.91499999999999,110.7525,0.16249999999999432,0.047200000000007354,0.008600000000003096,0.027000000000000007,23.052,0.20783482847225354,0.1590909090909091,1
2024,Belgian Grand Prix,HUL,STR,7,0.891,6.0,6.0,0.0,MEDIUM,110.84300000000002,110.619,0.22400000000001796,-0.2138999999999675,-0.2990999999999771,0.07140000000000006,23.052,0.20796983120269205,0.13636363636363635,1
2024,Belgian Grand Prix,HUL,GAS,20,0.983,12.0,10.0,-2.0,HARD,109.858,108.90350000000001,0.9544999999999959,0.09940000000001455,-0.09000000000000291,-0.32839999999999986,23.052,0.20983451364488703,0.4318181818181818,0
2024,Belgian Grand Prix,RUS,PIA,10,1.357,9.0,9.0,0.0,MEDIUM,109.7065,109.65,0.05649999999999977,-0.025800000000001443,0.026100000000007978,0.13669999999999988,23.052,0.21012428616353632,0.20454545454545456,0
2024,Dutch Grand Prix,VER,NOR,27,5.01,26.0,26.0,0.0,MEDIUM,75.041,74.2705,0.7704999999999984,-0.03520000000000557,-0.05510000000000893,0.7787000000000006,21.163,0.28201916285763784,0.3611111111111111,0
2024,Dutch Grand Prix,LEC,PIA,24,0.267,23.0,23.0,0.0,MEDIUM,75.268,75.3055,-0.037499999999994316,0.014899999999999622,0.030200000000000834,-0.11150000000000036,21.163,0.2811686241164904,0.3194444444444444,1
2024,Dutch Grand Prix,SAI,PIA,30,7.312,29.0,29.0,0.0,MEDIUM,74.7735,74.30099999999999,0.4725000000000108,-0.04119999999999206,-0.14419999999999594,1.5265999999999977,21.163,0.28302807812928377,0.4027777777777778,0
2024,Dutch Grand Prix,PER,PIA,29,4.509,28.0,28.0,0.0,MEDIUM,74.8945,74.393,0.501499999999993,-0.17009999999999603,-0.28330000000000005,0.3116000000000005,21.163,0.28257081628156944,0.3888888888888889,0
2024,Dutch Grand Prix,RUS,VER,25,5.73,24.0,24.0,0.0,MEDIUM,75.3955,75.122,0.2734999999999985,0.014400000000004815,-0.10500000000000097,0.24700000000000058,21.163,0.2806931448163352,0.3333333333333333,0
2024,Dutch Grand Prix,HAM,GAS,23,0.266,22.0,22.0,0.0,SOFT,75.7375,75.92750000000001,-0.19000000000001194,0.22529999999999664,-0.007100000000003594,-0.3086000000000002,21.163,0.2794256477966661,0.3055555555555556,1
2024,Dutch Grand Prix,GAS,RUS,32,2.908,31.0,6.0,-25.0,MEDIUM,75.87,73.995,1.875,0.07979999999999615,0.18870000000000955,-2.209100000000008,21.163,0.2789376565177277,0.4305555555555556,0
2024,Dutch Grand Prix,ALO,GAS,31,4.169,30.0,30.0,0.0,MEDIUM,75.52600000000001,75.87,-0.3439999999999941,-0.18690000000000281,0.3317000000000022,1.1359999999999977,21.163,0.28020814024309504,0.4166666666666667,0
2024,Dutch Grand Prix,HUL,HAM,14,0.824,13.0,13.0,0.0,MEDIUM,77.01599999999999,76.8065,0.20949999999999136,-0.03350000000000592,0.0781999999999944,0.025599999999999835,21.163,0.2747870572348603,0.18055555555555555,1
2024,Dutch Grand Prix,RIC,STR,29,3.405,28.0,28.0,0.0,MEDIUM,75.67150000000001,76.0615,-0.38999999999998636,0.05730000000000439,0.024999999999998353,-0.37009999999999976,21.163,0.27966936032720374,0.3888888888888889,0
2024,Dutch Grand Prix,STR,ALO,30,4.163,29.0,29.0,0.0,MEDIUM,76.124,75.61449999999999,0.5095000000000027,0.049900000000008674,-0.08230000000000011,0.21659999999999993,21.163,0.2780069360517051,0.4027777777777778,0
2024,Dutch Grand Prix,ALB,OCO,12,0.416,11.0,11.0,0.0,MEDIUM,76.811,76.9825,-0.17149999999999466,-0.08669999999999567,-0.0016999999999921325,-0.022599999999999943,21.163,0.27552043327127623,0.1527777777777778,1
2024,Dutch Grand Prix,OCO,HAM,30,4.192,29.0,6.0,-23.0,MEDIUM,76.29050000000001,74.1845,2.1060000000000088,-0.044699999999998796,-0.16409999999998745,1.3188999999999989,21.163,0.27740020054921644,0.4027777777777778,0
2024,Dutch Grand Prix,SAR,MAG,22,2.922,21.0,21.0,0.0,MEDIUM,76.862,76.1495,0.7124999999999915,-0.3563000000000018,-0.3545000000000007,0.6337999999999979,21.163,0.2753376180687466,0.2916666666666667,1
2024,Dutch Grand Prix,BOT,HAM,15,5.555,14.0,14.0,0.0,SOFT,77.19749999999999,76.8065,0.39099999999999113,0.08639999999999395,-0.1439000000000019,0.8724999999999985,21.163,0.2741410019754526,0.19444444444444445,0
2024,Dutch Grand Prix,ZHO,MAG,18,6.559,17.0,17.0,0.0,MEDIUM,77.23750000000001,76.66,0.5775000000000148,-0.012399999999989177,0.1868000000000096,0.7221999999999985,21.163,0.2739990289690888,0.2361111111111111,0
2024,Italian Grand Prix,LEC,PIA,15,2.855,14.0,14.0,0.0,MEDIUM,84.49799999999999,83.9845,0.5134999999999934,0.2400999999999923,0.17349999999999619,0.504599999999999,24.783,0.29329688276645605,0.2641509433962264,0
2024,Italian Grand Prix,NOR,LEC,14,1.123,13.0,13.0,0.0,MEDIUM,83.893,84.21950000000001,-0.32650000000001,0.10239999999999391,0.21879999999999325,-0.2498000000000009,24.783,0.2954120129212211,0.24528301886792453,1
2024,Italian Grand Prix,NOR,PIA,32,3.186,17.0,15.0,-2.0,HARD,81.6615,81.3165,0.34499999999999886,0.3263000000000116,-0.05640000000000427,0.2570999999999987,24.783,0.3034845061626348,0.5849056603773585,0
2024,Italian Grand Prix,HAM,SAI,15,2.002,14.0,14.0,0.0,MEDIUM,84.4405,84.5095,-0.06900000000000261,0.1576999999999946,0.08269999999999862,-0.20419999999999955,24.783,0.29349660411769235,0.2641509433962264,0
2024,Italian Grand Prix,RUS,VER,11,1.698,10.0,10.0,0.0,MEDIUM,84.72149999999999,84.5115,0.20999999999999375,0.017299999999995118,-0.08860000000000536,0.13989999999999994,24.783,0.2925231493776669,0.18867924528301888,0
2024,Italian Grand Prix,RUS,PER,33,0.822,21.0,9.0,-12.0,HARD,81.6705,81.981,-0.31049999999999045,0.15029999999999918,0.10560000000000289,-0.14670000000000008,24.783,0.3034510625011479,0.6037735849056604,1
2024,Italian Grand Prix,ALB,PER,17,10.537,16.0,16.0,0.0,MEDIUM,85.41499999999999,84.4495,0.9654999999999916,0.22720000000000132,0.14320000000000072,0.7880000000000006,24.783,0.2901481004507405,0.3018867924528302,0
2024,Italian Grand Prix,MAG,ALB,14,3.394,13.0,13.0,0.0,MEDIUM,85.43100000000001,84.9405,0.4905000000000115,0.07179999999999676,-0.11389999999999663,0.9377000000000023,24.783,0.29009375987639147,0.24528301886792453,0
2024,Italian Grand Prix,ALO,ALB,12,0.941,12.0,11.0,-1.0,MEDIUM,85.2585,85.15299999999999,0.10550000000000637,-0.08749999999999218,-0.13939999999999314,0.07650000000000015,24.783,0.290680694593501,0.20754716981132076,1
2024,Italian Grand Prix,COL,STR,16,4.509,15.0,16.0,1.0,MEDIUM,85.79849999999999,85.32050000000001,0.4779999999999802,-0.007000000000001239,0.19399999999999826,0.583200000000001,24.783,0.28885120369237227,0.2830188679245283,1
2024,Italian Grand Prix,RIC,ALO,11,0.819,10.0,11.0,1.0,MEDIUM,85.43950000000001,85.365,0.07450000000001467,-0.010400000000002681,-0.07689999999999884,0.0026999999999999334,24.783,0.29006489972436633,0.18867924528301888,0
2024,Italian Grand Prix,OCO,ALO,31,3.894,30.0,19.0,-11.0,HARD,84.32350000000001,83.2295,1.0940000000000083,-0.19719999999999174,-0.03059999999999988,0.057999999999997734,24.783,0.293903834636845,0.5660377358490566,0
2024,Italian Grand Prix,GAS,MAG,10,1.281,9.0,9.0,0.0,MEDIUM,85.8755,85.48599999999999,0.3895000000000124,0.13670000000000884,-0.12799999999999817,0.18969999999999987,24.783,0.2885922061589161,0.16981132075471697,1
2024,Italian Grand Prix,HUL,STR,32,8.573,26.0,14.0,-12.0,HARD,83.76500000000001,83.275,0.4900000000000091,-0.1496000000000025,0.17530000000000273,0.08810000000000132,24.783,0.29586342744583055,0.5849056603773585,0
2024,Italian Grand Prix,ZHO,BOT,15,2.115,15.0,15.0,0.0,MEDIUM,85.952,85.6275,0.32450000000000045,0.1611999999999958,-0.002500000000003289,0.19769999999999988,24.783,0.28833534996276994,0.2641509433962264,1
2024,Italian Grand Prix,STR,OCO,19,3.178,19.0,18.0,-1.0,HARD,85.876,85.456,0.4200000000000017,0.22259999999999913,-0.14510000000000028,0.2269000000000002,24.783,0.2885905258745167,0.33962264150943394,1
2024,Azerbaijan Grand Prix,VER,SAI,12,3.291,11.0,11.0,0.0,MEDIUM,108.5415,107.9315,0.6099999999999994,0.18710000000000251,-0.03749999999999309,0.48360000000000086,20.558,0.18940221021452625,0.22,0
2024,Azerbaijan Grand Prix,PER,PIA,13,1.894,12.0,12.0,0.0,MEDIUM,108.1465,107.8775,0.26900000000000546,0.21930000000001126,0.07510000000000401,0.07259999999999942,20.558,0.19009399287078177,0.24,0
2024,Azerbaijan Grand Prix,ALO,RUS,11,4.268,11.0,10.0,-1.0,MEDIUM,108.739,108.928,-0.18899999999999295,-0.2399999999999933,-0.026000000000000443,-0.09419999999999988,20.558,0.18905820358840894,0.2,0
2024,Azerbaijan Grand Prix,HUL,NOR,15,5.844,14.0,14.0,0.0,MEDIUM,108.9825,108.14750000000001,0.8349999999999937,0.15430000000000174,-0.026899999999992888,0.7673999999999993,20.558,0.18863579014979467,0.28,0
2024,Azerbaijan Grand Prix,COL,ALO,10,1.127,9.0,10.0,1.0,MEDIUM,109.00200000000001,108.9865,0.015500000000002956,-0.25179999999998587,-0.35290000000000976,-0.08429999999999985,20.558,0.18860204399919267,0.18,0
2024,Azerbaijan Grand Prix,BEA,HUL,14,2.675,13.0,13.0,0.0,MEDIUM,109.463,108.879,0.583999999999989,-0.10600000000000481,-0.05910000000000798,-0.006499999999998952,20.558,0.18780775239121897,0.26,0
2024,Azerbaijan Grand Prix,PIA,LEC,15,5.155,14.0,14.0,0.0,MEDIUM,108.34649999999999,107.551,0.7954999999999899,0.22119999999999876,0.13830000000000145,0.6776999999999989,20.558,0.18974309276257195,0.28,0
2024,Singapore Grand Prix,VER,NOR,29,22.974,28.0,28.0,0.0,MEDIUM,97.209,95.8595,1.3495000000000061,0.13880000000000148,-0.042900000000000445,1.2943000000000022,29.661,0.30512606857389746,0.45161290322580644,0
2024,Singapore Grand Prix,RUS,VER,27,12.401,26.0,26.0,0.0,MEDIUM,97.1255,96.975,0.15050000000000807,0.06309999999998969,0.054599999999996665,0.17870000000000083,29.661,0.3053883892489614,0.41935483870967744,0
2024,Singapore Grand Prix,HAM,VER,17,6.697,18.0,16.0,-2.0,SOFT,97.38,96.925,0.4549999999999983,0.1675000000000021,-0.03590000000000188,0.44539999999999996,29.661,0.30459026494146646,0.25806451612903225,0
2024,Singapore Grand Prix,SAI,TSU,13,0.645,12.0,12.0,0.0,MEDIUM,98.474,98.361,0.11299999999999955,0.0850000000000054,0.09260000000001213,0.007400000000000247,29.661,0.30120640981375796,0.1935483870967742,1
2024,Singapore Grand Prix,ALO,HUL,25,0.738,25.0,24.0,-1.0,MEDIUM,97.9765,97.9045,0.07200000000000273,-0.019099999999999714,-0.07549999999999026,-0.004799999999999855,29.661,0.302735860129725,0.3870967741935484,1
2024,Singapore Grand Prix,HUL,PIA,29,15.851,28.0,28.0,0.0,MEDIUM,98.157,97.005,1.152000000000001,0.34539999999999715,-0.1908000000000033,0.9831999999999994,29.661,0.30217916195482747,0.45161290322580644,0
2024,Singapore Grand Prix,PER,COL,28,4.601,27.0,27.0,0.0,MEDIUM,98.2475,97.9575,0.29000000000000625,0.029499999999996987,-0.009000000000000388,0.3290999999999982,29.661,0.3019008117254892,0.43548387096774194,1
2024,Singapore Grand Prix,COL,LEC,29,3.2,28.0,28.0,0.0,MEDIUM,98.0875,97.8045,0.28300000000000125,0.07170000000000076,-0.06599999999999756,0.3455000000000005,29.661,0.3023932713138779,0.45161290322580644,0
2024,Singapore Grand Prix,OCO,TSU,29,5.958,28.0,28.0,0.0,MEDIUM,99.068,98.83500000000001,0.23299999999998988,0.17459999999999637,0.2354999999999979,0.09410000000000004,29.661,0.29940041183833327,0.45161290322580644,0
2024,Singapore Grand Prix,ZHO,RIC,34,2.31,33.0,23.0,-10.0,HARD,99.14349999999999,97.6555,1.4879999999999853,-0.03870000000000437,-0.04110000000000569,-0.7448999999999965,29.661,0.2991724117062642,0.532258064516129,1
2024,Singapore Grand Prix,BOT,ZHO,33,2.755,32.0,32.0,0.0,HARD,99.095,99.2935,-0.19849999999999568,-0.05389999999999831,0.30559999999999804,0.05509999999999966,29.661,0.29931883546092136,0.5161290322580645,0
2024,Singapore Grand Prix,RIC,ALB,10,2.447,9.0,9.0,0.0,SOFT,99.13399999999999,98.9135,0.22049999999998704,-0.021199999999992294,0.04490000000000672,0.3000999999999999,29.661,0.29920108136461765,0.14516129032258066,0
2024,United States Grand Prix,VER,LEC,25,10.05,24.0,24.0,0.0,MEDIUM,98.8225,98.24799999999999,0.5745000000000147,0.0651000000000079,-0.0371999999999943,0.5269000000000001,24.327,0.24616863568519315,0.42857142857142855,0
2024,United States Grand Prix,GAS,PIA,18,5.925,17.0,17.0,0.0,MEDIUM,100.6745,99.636,1.038499999999999,0.13170000000000817,-0.25159999999998656,0.7406999999999981,24.327,0.24164013727408631,0.30357142857142855,0
2024,United States Grand Prix,ALO,COL,26,1.782,25.0,25.0,0.0,MEDIUM,100.405,99.852,0.5529999999999973,-0.08240000000000088,-0.1315000000000013,-0.22130000000000025,24.327,0.24228873064090437,0.44642857142857145,0
2024,United States Grand Prix,STR,OCO,27,3.476,27.0,26.0,-1.0,HARD,100.53999999999999,100.18700000000001,0.3529999999999802,-0.012100000000002751,-0.012300000000006608,0.8873000000000002,24.327,0.24196339765267558,0.4642857142857143,0
2024,United States Grand Prix,MAG,GAS,17,1.814,16.0,16.0,0.0,MEDIUM,100.657,100.489,0.16799999999999216,0.14359999999999762,0.02630000000000093,-0.006500000000000054,24.327,0.24168214828576257,0.2857142857142857,1
2024,United States Grand Prix,ZHO,ALB,13,3.816,12.0,9.0,-3.0,MEDIUM,101.569,101.497,0.07200000000000273,0.17790000000000078,-0.0823999999999964,1.1757999999999955,24.327,0.23951205584381063,0.21428571428571427,0
2024,United States Grand Prix,LAW,RUS,36,11.543,35.0,35.0,0.0,HARD,98.356,97.8875,0.4684999999999917,-0.0890000000000017,0.04699999999999904,0.3480000000000018,24.327,0.24733620724714306,0.625,0
2024,United States Grand Prix,OCO,MAG,31,4.385,30.0,13.0,-17.0,MEDIUM,99.6465,98.715,0.9314999999999998,-0.09869999999999744,0.007400000000002171,0.6747999999999971,24.327,0.2441330101910253,0.5357142857142857,0
2024,United States Grand Prix,SAI,VER,21,1.779,20.0,20.0,0.0,MEDIUM,98.6945,98.8485,-0.15399999999999636,-0.18790000000000634,-0.0903000000000012,-0.10199999999999947,24.327,0.24648789952834252,0.35714285714285715,1
2024,United States Grand Prix,BOT,RUS,15,0.748,14.0,14.0,0.0,MEDIUM,101.488,100.844,0.6440000000000055,-0.04229999999998831,-0.43679999999999325,0.026600000000000023,24.327,0.23970321614378057,0.25,0
2024,Mexico City Grand Prix,NOR,LEC,30,6.32,29.0,29.0,0.0,MEDIUM,80.97300000000001,80.836,0.13700000000001467,-0.018399999999997873,0.010800000000005609,-0.11579999999999929,22.818,0.2817976362491201,0.4084507042253521,0
2024,Mexico City Grand Prix,LEC,SAI,31,7.712,30.0,30.0,0.0,MEDIUM,80.727,80.14699999999999,0.5800000000000125,-0.1116999999999914,-0.01059999999999862,0.6454999999999983,22.818,0.28265636032554164,0.4225352112676056,0
2024,Mexico City Grand Prix,HAM,RUS,28,4.418,27.0,27.0,0.0,MEDIUM,81.4695,80.86599999999999,0.603500000000011,0.12659999999999827,0.015599999999993905,0.6199999999999966,22.818,0.2800802754405023,0.38028169014084506,0
2024,Mexico City Grand Prix,RUS,LEC,31,13.74,30.0,30.0,0.0,MEDIUM,80.884,80.727,0.15699999999999648,-0.021899999999996617,-0.1116999999999914,2.0609999999999893,22.818,0.2821077098066367,0.4225352112676056,0
2024,Mexico City Grand Prix,VER,LEC,26,5.198,25.0,25.0,0.0,MEDIUM,81.0575,80.55799999999999,0.4995000000000118,-0.015700000000002955,-0.07309999999999942,0.379200000000001,22.818,0.2815038707090646,0.352112676056338,0
2024,Mexico City Grand Prix,MAG,RUS,30,12.217,29.0,29.0,0.0,MEDIUM,82.26749999999998,80.8895,1.377999999999986,0.02280000000000453,-0.011499999999994263,2.8756999999999966,22.818,0.277363478895068,0.4084507042253521,0
2024,Mexico City Grand Prix,HUL,MAG,29,3.595,28.0,28.0,0.0,MEDIUM,82.1305,82.26749999999998,-0.13699999999998624,0.05710000000000005,0.12349999999999701,0.0088000000000001,22.818,0.2778261425414432,0.39436619718309857,0
2024,Mexico City Grand Prix,GAS,HUL,28,3.092,27.0,27.0,0.0,MEDIUM,82.32,82.0335,0.28649999999998954,0.12679999999999775,0.08479999999999653,0.18679999999999894,22.818,0.27718658892128284,0.38028169014084506,0
2024,Mexico City Grand Prix,STR,PIA,26,1.377,26.0,25.0,-1.0,MEDIUM,82.39,81.22500000000001,1.164999999999992,0.1492999999999947,-0.4147999999999988,-1.3894000000000029,22.818,0.2769510862968807,0.352112676056338,0
2024,Mexico City Grand Prix,OCO,BOT,48,3.205,47.0,48.0,1.0,HARD,80.24799999999999,80.25200000000001,-0.004000000000019099,-0.04839999999999712,-0.5022999999999946,0.0029000000000002496,22.818,0.2843435350413718,0.6619718309859155,0
2024,Mexico City Grand Prix,ZHO,OCO,43,5.592,43.0,42.0,-1.0,HARD,81.088,80.7445,0.3434999999999917,0.19199999999999987,-0.03169999999999074,0.17179999999999995,22.818,0.2813979873717443,0.5915492957746479,0
2024,Mexico City Grand Prix,PER,LAW,20,2.781,19.0,19.0,0.0,HARD,82.85300000000001,82.342,0.5110000000000099,0.6788999999999918,0.21269999999999675,0.5665999999999973,22.818,0.27540342534368095,0.2676056338028169,0
2024,Mexico City Grand Prix,PER,LAW,43,2.567,22.0,3.0,-19.0,MEDIUM,81.5095,79.3295,2.180000000000007,0.0004999999999963691,0.058842188739095344,0.13339999999999952,22.818,0.279942828750023,0.5915492957746479,1
2024,Las Vegas Grand Prix,HAM,LEC,27,1.568,14.0,17.0,3.0,HARD,95.80449999999999,95.799,0.005499999999983629,0.040000000000002554,0.10900000000000475,0.28660000000000035,21.289,0.22221294406838932,0.52,1
2024,Las Vegas Grand Prix,SAI,RUS,10,3.851,9.0,10.0,1.0,MEDIUM,98.90350000000001,98.0675,0.8360000000000127,0.44820000000000587,0.062299999999991945,1.184499999999999,21.289,0.2152502186474695,0.18,0
2024,Las Vegas Grand Prix,SAI,RUS,28,13.397,17.0,16.0,-1.0,HARD,96.608,96.04899999999999,0.5590000000000117,0.8040000000000026,-0.0981000000000029,3.398599999999974,21.289,0.22036477310367672,0.54,0
2024,Las Vegas Grand Prix,LEC,SAI,9,0.34,8.0,8.0,0.0,MEDIUM,99.2765,98.52850000000001,0.7479999999999905,0.6878999999999912,0.21119999999998978,0.10749999999999982,21.289,0.21444148413773653,0.16,0
2024,Las Vegas Grand Prix,LEC,RUS,31,15.452,21.0,19.0,-2.0,HARD,96.5,95.88149999999999,0.6185000000000116,-0.03279999999999263,-0.05289999999999794,4.533599999999993,21.289,0.22061139896373058,0.6,0
2024,Las Vegas Grand Prix,VER,RUS,11,6.688,10.0,11.0,1.0,MEDIUM,98.946,98.117,0.8289999999999935,0.30599999999999233,0.032500000000011964,1.2453999999999985,21.289,0.21515776282012414,0.2,0
2024,Las Vegas Grand Prix,VER,RUS,27,10.376,15.0,15.0,0.0,HARD,96.386,96.1695,0.21649999999999636,0.12499999999999775,-0.08140000000000315,0.08000000000000053,21.289,0.2208723258564522,0.52,0
2024,Las Vegas Grand Prix,NOR,GAS,9,0.573,8.0,8.0,0.0,MEDIUM,99.288,99.1915,0.09649999999999181,0.2553999999999978,0.30439999999999784,-0.13460000000000014,21.289,0.21441664652324552,0.16,1
2024,Las Vegas Grand Prix,NOR,LEC,30,10.432,20.0,20.0,0.0,HARD,97.2175,96.3635,0.8539999999999992,0.048499999999997566,0.08249999999999666,1.0216000000000007,21.289,0.2189832077558053,0.58,0
2024,Las Vegas Grand Prix,PIA,HAM,10,0.98,9.0,9.0,0.0,MEDIUM,99.82499999999999,99.2555,0.5694999999999908,0.6576000000000072,0.32550000000000956,0.0256999999999999,21.289,0.21326321061858255,0.18,0
2024,Las Vegas Grand Prix,PIA,TSU,25,1.484,14.0,15.0,1.0,HARD,97.59100000000001,97.52350000000001,0.06749999999999545,0.1495000000000055,0.3468000000000016,0.08610000000000012,21.289,0.21814511584060006,0.48,1
2024,Las Vegas Grand Prix,TSU,NOR,29,11.992,19.0,19.0,0.0,HARD,97.41499999999999,97.174,0.24099999999998545,-0.24380000000000412,0.055199999999996,0.19159999999999974,21.289,0.21853923933685782,0.56,0
2024,Las Vegas Grand Prix,PER,VER,17,0.856,16.0,5.0,-11.0,HARD,100.036,97.5875,2.4484999999999957,0.3380000000000004,0.04100000000000244,0.3399000000000018,21.289,0.212813387180615,0.32,0
2024,Las Vegas Grand Prix,PER,HUL,32,6.482,14.0,17.0,3.0,MEDIUM,96.393,97.1375,-0.7445000000000022,0.27620000000000344,-0.10109999999999171,-1.0810999999999995,21.289,0.22085628624485182,0.62,0
2024,Las Vegas Grand Prix,ALO,LAW,4,0.576,3.0,3.0,0.0,SOFT,100.28399999999999,99.9935,0.29049999999999443,,,0.3669999999999995,21.289,0.21228710462287106,0.06,1
2024,Las Vegas Grand Prix,MAG,HAM,17,5.362,16.0,4.0,-12.0,MEDIUM,101.2595,96.518,4.741500000000002,-0.1032999999999996,0.20974657534246213,1.4747999999999997,21.289,0.21024200198499896,0.32,0
2024,Las Vegas Grand Prix,ZHO,OCO,11,0.492,11.0,10.0,-1.0,MEDIUM,100.021,100.2025,-0.18149999999999977,0.3302000000000055,0.3319999999999959,-0.13799999999999987,21.289,0.21284530248647784,0.2,1
2024,Las Vegas Grand Prix,COL,BOT,16,0.544,15.0,15.0,0.0,HARD,101.53399999999999,101.394,0.13999999999998636,0.19169999999999968,0.24149999999999802,0.04020000000000007,21.289,0.20967360687060496,0.3,1
2024,Las Vegas Grand Prix,COL,STR,26,3.511,9.0,17.0,8.0,MEDIUM,96.6035,97.22500000000001,-0.6215000000000117,-0.1081999999999913,0.1428000000000054,-0.493800000000001,21.289,0.22037503817149484,0.5,1
2024,Las Vegas Grand Prix,STR,OCO,28,3.596,19.0,15.0,-4.0,HARD,97.8925,97.0355,0.8569999999999993,0.25509999999999183,0.1741999999999956,0.6962999999999954,21.289,0.21747324871670456,0.54,1
2024,Las Vegas Grand Prix,LAW,PER,11,0.618,10.0,10.0,0.0,MEDIUM,100.027,98.826,1.2010000000000076,0.3948999999999903,0.001299999999993099,-0.6912999999999994,21.289,0.21283253521549184,0.2,1
2024,Las Vegas Grand Prix,OCO,HUL,11,0.921,10.0,10.0,0.0,MEDIUM,100.2025,100.2515,-0.04899999999999238,0.3319999999999959,0.12459999999999484,0.009800000000000163,21.289,0.21245976896784013,0.2,0
2024,Las Vegas Grand Prix,BOT,TSU,17,0.534,16.0,7.0,-9.0,HARD,101.68549999999999,99.56700000000001,2.118499999999983,0.1939000000000048,0.6873000000000027,0.051400000000000105,21.289,0.20936121669264549,0.32,0
2024,Las Vegas Grand Prix,ALB,MAG,9,0.301,8.0,8.0,0.0,MEDIUM,99.246,99.108,0.13799999999999102,-0.18440000000000736,-0.09750000000000429,-0.13160000000000013,21.289,0.21450738568808822,0.16,1
2024,Las Vegas Grand Prix,GAS,VER,10,4.807,9.0,9.0,0.0,MEDIUM,100.0535,98.56700000000001,1.4864999999999924,0.6464000000000045,0.23920000000000946,1.1921999999999995,21.289,0.21277616475185776,0.18,0
2024,Abu Dhabi Grand Prix,GAS,SAI,14,6.862,13.0,13.0,0.0,MEDIUM,89.4615,88.5365,0.9249999999999972,0.050099999999996515,-0.07900000000000364,0.8797000000000019,22.418,0.2505882418694075,0.22413793103448276,0
2024,Abu Dhabi Grand Prix,ALO,LEC,13,1.76,13.0,12.0,-1.0,MEDIUM,90.793,89.425,1.3680000000000092,0.3950999999999978,-0.0828999999999915,0.3293999999999988,22.418,0.2469133082946923,0.20689655172413793,0
2024,Abu Dhabi Grand Prix,LEC,RUS,20,0.895,19.0,20.0,1.0,MEDIUM,88.82249999999999,88.803,0.019499999999993634,0.020499999999996705,-0.09800000000000443,-0.09429999999999956,22.418,0.2523910045315095,0.3275862068965517,1
2024,Abu Dhabi Grand Prix,STR,MAG,11,1.774,11.0,10.0,-1.0,MEDIUM,90.0135,90.5265,-0.5130000000000052,-0.08809999999999711,0.10789999999999438,0.3471999999999998,22.418,0.24905153115921502,0.1724137931034483,1
2024,Abu Dhabi Grand Prix,MAG,VER,12,1.651,11.0,11.0,0.0,MEDIUM,90.3905,89.574,0.8165000000000049,-0.028799999999995152,0.10150000000000711,0.11350000000000005,22.418,0.24801278895459145,0.1896551724137931,0
2024,Abu Dhabi Grand Prix,MAG,STR,29,1.701,16.0,18.0,2.0,HARD,88.9225,88.61449999999999,0.30800000000000693,-0.028900000000002667,-0.09169999999999968,0.3230000000000002,22.418,0.25210717197559673,0.4827586206896552,0
2024,Abu Dhabi Grand Prix,ALB,ZHO,12,2.044,11.0,11.0,0.0,MEDIUM,90.15450000000001,89.936,0.2185000000000059,0.02950000000000738,0.012900000000007144,0.20920000000000005,22.418,0.24866201908945196,0.1896551724137931,1
2024,Abu Dhabi Grand Prix,ZHO,HAM,12,2.629,11.0,11.0,0.0,MEDIUM,89.936,89.94,-0.003999999999990678,0.012900000000007144,0.12290000000000562,0.03400000000000011,22.418,0.24926614481408998,0.1896551724137931,0
2024,Abu Dhabi Grand Prix,HUL,RUS,13,2.074,12.0,13.0,1.0,MEDIUM,89.974,89.385,0.5889999999999986,0.2553000000000094,-0.02909999999999955,0.3875999999999985,22.418,0.24916086869540088,0.20689655172413793,0
2024,Abu Dhabi Grand Prix,LAW,HAM,23,9.099,22.0,22.0,0.0,MEDIUM,89.649,88.5345,1.1145000000000067,0.01580000000000064,-0.09620000000000446,1.0044000000000008,22.418,0.2500641390311102,0.3793103448275862,0
2024,Abu Dhabi Grand Prix,SAI,NOR,25,3.919,24.0,24.0,0.0,MEDIUM,87.84700000000001,87.8745,-0.0274999999999892,-0.03359999999999721,0.004100000000005813,-0.1260999999999997,22.418,0.2551936890275137,0.41379310344827586,0
2024,Abu Dhabi Grand Prix,PIA,ALO,32,1.678,27.0,19.0,-8.0,HARD,88.279,87.984,0.2950000000000017,0.043599999999999035,-0.01579999999999804,0.0741,22.418,0.25394487930311854,0.5344827586206896,0
